WellId	Row	Column	Timepoint	pHOE Bright - Number of Objects	Nuclei - Number of Objects	Number of Analyzed Fields	Time [s]	Compound	Concentration	Cell Type	Cell Count	Database Name	Database Location	Evaluation Signature	Plate Name	Measurement	Evaluation	File	Plate
Plate1R01C01	1	1	1	0	428	4	0	DMSO	0.001			Instrument	http://harmony-pc.pharmacy.ohio-state.edu/ODA/OdaService.asmx	23a9e7c4-7767-4012-a1ff-aa686ede7679	ZL_SS_H9C2_20XH2O_Conf_StageII_PWP1_CellP_2x2_8St_20240606	Measurement 1	Evaluation12	PlateResults_Plate1.txt	Plate1
Plate1R01C02	1	2	1	0	349	4	0	DMSO	0.001			Instrument	http://harmony-pc.pharmacy.ohio-state.edu/ODA/OdaService.asmx	23a9e7c4-7767-4012-a1ff-aa686ede7679	ZL_SS_H9C2_20XH2O_Conf_StageII_PWP1_CellP_2x2_8St_20240606	Measurement 1	Evaluation12	PlateResults_Plate1.txt	Plate1
Plate1R01C03	1	3	1	0	286	4	0		0.4			Instrument	http://harmony-pc.pharmacy.ohio-state.edu/ODA/OdaService.asmx	23a9e7c4-7767-4012-a1ff-aa686ede7679	ZL_SS_H9C2_20XH2O_Conf_StageII_PWP1_CellP_2x2_8St_20240606	Measurement 1	Evaluation12	PlateResults_Plate1.txt	Plate1
Plate1R01C04	1	4	1	0	260	4	0		0.4			Instrument	http://harmony-pc.pharmacy.ohio-state.edu/ODA/OdaService.asmx	23a9e7c4-7767-4012-a1ff-aa686ede7679	ZL_SS_H9C2_20XH2O_Conf_StageII_PWP1_CellP_2x2_8St_20240606	Measurement 1	Evaluation12	PlateResults_Plate1.txt	Plate1
Plate1R01C05	1	5	1	0	321	4	0		0.4			Instrument	http://harmony-pc.pharmacy.ohio-state.edu/ODA/OdaService.asmx	23a9e7c4-7767-4012-a1ff-aa686ede7679	ZL_SS_H9C2_20XH2O_Conf_StageII_PWP1_CellP_2x2_8St_20240606	Measurement 1	Evaluation12	PlateResults_Plate1.txt	Plate1
Plate1R01C06	1	6	1	0	299	4	0		0.4			Instrument	http://harmony-pc.pharmacy.ohio-state.edu/ODA/OdaService.asmx	23a9e7c4-7767-4012-a1ff-aa686ede7679	ZL_SS_H9C2_20XH2O_Conf_StageII_PWP1_CellP_2x2_8St_20240606	Measurement 1	Evaluation12	PlateResults_Plate1.txt	Plate1
Plate1R01C07	1	7	1	0	193	4	0		0.4			Instrument	http://harmony-pc.pharmacy.ohio-state.edu/ODA/OdaService.asmx	23a9e7c4-7767-4012-a1ff-aa686ede7679	ZL_SS_H9C2_20XH2O_Conf_StageII_PWP1_CellP_2x2_8St_20240606	Measurement 1	Evaluation12	PlateResults_Plate1.txt	Plate1
Plate1R01C08	1	8	1	0	261	4	0		0.4			Instrument	http://harmony-pc.pharmacy.ohio-state.edu/ODA/OdaService.asmx	23a9e7c4-7767-4012-a1ff-aa686ede7679	ZL_SS_H9C2_20XH2O_Conf_StageII_PWP1_CellP_2x2_8St_20240606	Measurement 1	Evaluation12	PlateResults_Plate1.txt	Plate1
Plate1R01C09	1	9	1	0	294	4	0		0.4			Instrument	http://harmony-pc.pharmacy.ohio-state.edu/ODA/OdaService.asmx	23a9e7c4-7767-4012-a1ff-aa686ede7679	ZL_SS_H9C2_20XH2O_Conf_StageII_PWP1_CellP_2x2_8St_20240606	Measurement 1	Evaluation12	PlateResults_Plate1.txt	Plate1
Plate1R01C10	1	10	1	0	288	4	0		0.4			Instrument	http://harmony-pc.pharmacy.ohio-state.edu/ODA/OdaService.asmx	23a9e7c4-7767-4012-a1ff-aa686ede7679	ZL_SS_H9C2_20XH2O_Conf_StageII_PWP1_CellP_2x2_8St_20240606	Measurement 1	Evaluation12	PlateResults_Plate1.txt	Plate1
Plate1R01C11	1	11	1	0	258	4	0		0.4			Instrument	http://harmony-pc.pharmacy.ohio-state.edu/ODA/OdaService.asmx	23a9e7c4-7767-4012-a1ff-aa686ede7679	ZL_SS_H9C2_20XH2O_Conf_StageII_PWP1_CellP_2x2_8St_20240606	Measurement 1	Evaluation12	PlateResults_Plate1.txt	Plate1
Plate1R01C12	1	12	1	0	299	4	0		0.4			Instrument	http://harmony-pc.pharmacy.ohio-state.edu/ODA/OdaService.asmx	23a9e7c4-7767-4012-a1ff-aa686ede7679	ZL_SS_H9C2_20XH2O_Conf_StageII_PWP1_CellP_2x2_8St_20240606	Measurement 1	Evaluation12	PlateResults_Plate1.txt	Plate1
Plate1R01C13	1	13	1	0	208	4	0		0.4			Instrument	http://harmony-pc.pharmacy.ohio-state.edu/ODA/OdaService.asmx	23a9e7c4-7767-4012-a1ff-aa686ede7679	ZL_SS_H9C2_20XH2O_Conf_StageII_PWP1_CellP_2x2_8St_20240606	Measurement 1	Evaluation12	PlateResults_Plate1.txt	Plate1
Plate1R01C14	1	14	1	0	282	4	0		0.4			Instrument	http://harmony-pc.pharmacy.ohio-state.edu/ODA/OdaService.asmx	23a9e7c4-7767-4012-a1ff-aa686ede7679	ZL_SS_H9C2_20XH2O_Conf_StageII_PWP1_CellP_2x2_8St_20240606	Measurement 1	Evaluation12	PlateResults_Plate1.txt	Plate1
Plate1R01C15	1	15	1	0	296	4	0		0.4			Instrument	http://harmony-pc.pharmacy.ohio-state.edu/ODA/OdaService.asmx	23a9e7c4-7767-4012-a1ff-aa686ede7679	ZL_SS_H9C2_20XH2O_Conf_StageII_PWP1_CellP_2x2_8St_20240606	Measurement 1	Evaluation12	PlateResults_Plate1.txt	Plate1
Plate1R01C16	1	16	1	0	391	4	0		0.4			Instrument	http://harmony-pc.pharmacy.ohio-state.edu/ODA/OdaService.asmx	23a9e7c4-7767-4012-a1ff-aa686ede7679	ZL_SS_H9C2_20XH2O_Conf_StageII_PWP1_CellP_2x2_8St_20240606	Measurement 1	Evaluation12	PlateResults_Plate1.txt	Plate1
Plate1R01C17	1	17	1	1	286	4	0		0.4			Instrument	http://harmony-pc.pharmacy.ohio-state.edu/ODA/OdaService.asmx	23a9e7c4-7767-4012-a1ff-aa686ede7679	ZL_SS_H9C2_20XH2O_Conf_StageII_PWP1_CellP_2x2_8St_20240606	Measurement 1	Evaluation12	PlateResults_Plate1.txt	Plate1
Plate1R01C18	1	18	1	0	354	4	0		0.4			Instrument	http://harmony-pc.pharmacy.ohio-state.edu/ODA/OdaService.asmx	23a9e7c4-7767-4012-a1ff-aa686ede7679	ZL_SS_H9C2_20XH2O_Conf_StageII_PWP1_CellP_2x2_8St_20240606	Measurement 1	Evaluation12	PlateResults_Plate1.txt	Plate1
Plate1R01C19	1	19	1	0	356	4	0		0.4			Instrument	http://harmony-pc.pharmacy.ohio-state.edu/ODA/OdaService.asmx	23a9e7c4-7767-4012-a1ff-aa686ede7679	ZL_SS_H9C2_20XH2O_Conf_StageII_PWP1_CellP_2x2_8St_20240606	Measurement 1	Evaluation12	PlateResults_Plate1.txt	Plate1
Plate1R01C20	1	20	1	0	318	4	0		0.4			Instrument	http://harmony-pc.pharmacy.ohio-state.edu/ODA/OdaService.asmx	23a9e7c4-7767-4012-a1ff-aa686ede7679	ZL_SS_H9C2_20XH2O_Conf_StageII_PWP1_CellP_2x2_8St_20240606	Measurement 1	Evaluation12	PlateResults_Plate1.txt	Plate1
Plate1R01C21	1	21	1	0	290	4	0		0.4			Instrument	http://harmony-pc.pharmacy.ohio-state.edu/ODA/OdaService.asmx	23a9e7c4-7767-4012-a1ff-aa686ede7679	ZL_SS_H9C2_20XH2O_Conf_StageII_PWP1_CellP_2x2_8St_20240606	Measurement 1	Evaluation12	PlateResults_Plate1.txt	Plate1
Plate1R01C22	1	22	1	0	317	4	0		0.4			Instrument	http://harmony-pc.pharmacy.ohio-state.edu/ODA/OdaService.asmx	23a9e7c4-7767-4012-a1ff-aa686ede7679	ZL_SS_H9C2_20XH2O_Conf_StageII_PWP1_CellP_2x2_8St_20240606	Measurement 1	Evaluation12	PlateResults_Plate1.txt	Plate1
Plate1R01C23	1	23	1	0	59	4	0	Axit	20			Instrument	http://harmony-pc.pharmacy.ohio-state.edu/ODA/OdaService.asmx	23a9e7c4-7767-4012-a1ff-aa686ede7679	ZL_SS_H9C2_20XH2O_Conf_StageII_PWP1_CellP_2x2_8St_20240606	Measurement 1	Evaluation12	PlateResults_Plate1.txt	Plate1
Plate1R01C24	1	24	1	0	81	4	0	Axit	20			Instrument	http://harmony-pc.pharmacy.ohio-state.edu/ODA/OdaService.asmx	23a9e7c4-7767-4012-a1ff-aa686ede7679	ZL_SS_H9C2_20XH2O_Conf_StageII_PWP1_CellP_2x2_8St_20240606	Measurement 1	Evaluation12	PlateResults_Plate1.txt	Plate1
Plate1R02C01	2	1	1	0	285	4	0	DMSO	0.001			Instrument	http://harmony-pc.pharmacy.ohio-state.edu/ODA/OdaService.asmx	23a9e7c4-7767-4012-a1ff-aa686ede7679	ZL_SS_H9C2_20XH2O_Conf_StageII_PWP1_CellP_2x2_8St_20240606	Measurement 1	Evaluation12	PlateResults_Plate1.txt	Plate1
Plate1R02C02	2	2	1	0	298	4	0	DMSO				Instrument	http://harmony-pc.pharmacy.ohio-state.edu/ODA/OdaService.asmx	23a9e7c4-7767-4012-a1ff-aa686ede7679	ZL_SS_H9C2_20XH2O_Conf_StageII_PWP1_CellP_2x2_8St_20240606	Measurement 1	Evaluation12	PlateResults_Plate1.txt	Plate1
Plate1R02C03	2	3	1	0	367	4	0		0.4			Instrument	http://harmony-pc.pharmacy.ohio-state.edu/ODA/OdaService.asmx	23a9e7c4-7767-4012-a1ff-aa686ede7679	ZL_SS_H9C2_20XH2O_Conf_StageII_PWP1_CellP_2x2_8St_20240606	Measurement 1	Evaluation12	PlateResults_Plate1.txt	Plate1
Plate1R02C04	2	4	1	0	284	4	0		0.4			Instrument	http://harmony-pc.pharmacy.ohio-state.edu/ODA/OdaService.asmx	23a9e7c4-7767-4012-a1ff-aa686ede7679	ZL_SS_H9C2_20XH2O_Conf_StageII_PWP1_CellP_2x2_8St_20240606	Measurement 1	Evaluation12	PlateResults_Plate1.txt	Plate1
Plate1R02C05	2	5	1	0	367	4	0		0.4			Instrument	http://harmony-pc.pharmacy.ohio-state.edu/ODA/OdaService.asmx	23a9e7c4-7767-4012-a1ff-aa686ede7679	ZL_SS_H9C2_20XH2O_Conf_StageII_PWP1_CellP_2x2_8St_20240606	Measurement 1	Evaluation12	PlateResults_Plate1.txt	Plate1
Plate1R02C06	2	6	1	0	324	4	0		0.4			Instrument	http://harmony-pc.pharmacy.ohio-state.edu/ODA/OdaService.asmx	23a9e7c4-7767-4012-a1ff-aa686ede7679	ZL_SS_H9C2_20XH2O_Conf_StageII_PWP1_CellP_2x2_8St_20240606	Measurement 1	Evaluation12	PlateResults_Plate1.txt	Plate1
Plate1R02C07	2	7	1	0	323	4	0		0.4			Instrument	http://harmony-pc.pharmacy.ohio-state.edu/ODA/OdaService.asmx	23a9e7c4-7767-4012-a1ff-aa686ede7679	ZL_SS_H9C2_20XH2O_Conf_StageII_PWP1_CellP_2x2_8St_20240606	Measurement 1	Evaluation12	PlateResults_Plate1.txt	Plate1
Plate1R02C08	2	8	1	0	243	4	0		0.4			Instrument	http://harmony-pc.pharmacy.ohio-state.edu/ODA/OdaService.asmx	23a9e7c4-7767-4012-a1ff-aa686ede7679	ZL_SS_H9C2_20XH2O_Conf_StageII_PWP1_CellP_2x2_8St_20240606	Measurement 1	Evaluation12	PlateResults_Plate1.txt	Plate1
Plate1R02C09	2	9	1	0	302	4	0		0.4			Instrument	http://harmony-pc.pharmacy.ohio-state.edu/ODA/OdaService.asmx	23a9e7c4-7767-4012-a1ff-aa686ede7679	ZL_SS_H9C2_20XH2O_Conf_StageII_PWP1_CellP_2x2_8St_20240606	Measurement 1	Evaluation12	PlateResults_Plate1.txt	Plate1
Plate1R02C10	2	10	1	0	343	4	0		0.4			Instrument	http://harmony-pc.pharmacy.ohio-state.edu/ODA/OdaService.asmx	23a9e7c4-7767-4012-a1ff-aa686ede7679	ZL_SS_H9C2_20XH2O_Conf_StageII_PWP1_CellP_2x2_8St_20240606	Measurement 1	Evaluation12	PlateResults_Plate1.txt	Plate1
Plate1R02C11	2	11	1	0	276	4	0		0.4			Instrument	http://harmony-pc.pharmacy.ohio-state.edu/ODA/OdaService.asmx	23a9e7c4-7767-4012-a1ff-aa686ede7679	ZL_SS_H9C2_20XH2O_Conf_StageII_PWP1_CellP_2x2_8St_20240606	Measurement 1	Evaluation12	PlateResults_Plate1.txt	Plate1
Plate1R02C12	2	12	1	0	257	4	0		0.4			Instrument	http://harmony-pc.pharmacy.ohio-state.edu/ODA/OdaService.asmx	23a9e7c4-7767-4012-a1ff-aa686ede7679	ZL_SS_H9C2_20XH2O_Conf_StageII_PWP1_CellP_2x2_8St_20240606	Measurement 1	Evaluation12	PlateResults_Plate1.txt	Plate1
Plate1R02C13	2	13	1	0	259	4	0		0.4			Instrument	http://harmony-pc.pharmacy.ohio-state.edu/ODA/OdaService.asmx	23a9e7c4-7767-4012-a1ff-aa686ede7679	ZL_SS_H9C2_20XH2O_Conf_StageII_PWP1_CellP_2x2_8St_20240606	Measurement 1	Evaluation12	PlateResults_Plate1.txt	Plate1
Plate1R02C14	2	14	1	0	277	4	0		0.4			Instrument	http://harmony-pc.pharmacy.ohio-state.edu/ODA/OdaService.asmx	23a9e7c4-7767-4012-a1ff-aa686ede7679	ZL_SS_H9C2_20XH2O_Conf_StageII_PWP1_CellP_2x2_8St_20240606	Measurement 1	Evaluation12	PlateResults_Plate1.txt	Plate1
Plate1R02C15	2	15	1	0	259	4	0		0.4			Instrument	http://harmony-pc.pharmacy.ohio-state.edu/ODA/OdaService.asmx	23a9e7c4-7767-4012-a1ff-aa686ede7679	ZL_SS_H9C2_20XH2O_Conf_StageII_PWP1_CellP_2x2_8St_20240606	Measurement 1	Evaluation12	PlateResults_Plate1.txt	Plate1
Plate1R02C16	2	16	1	0	208	4	0		0.4			Instrument	http://harmony-pc.pharmacy.ohio-state.edu/ODA/OdaService.asmx	23a9e7c4-7767-4012-a1ff-aa686ede7679	ZL_SS_H9C2_20XH2O_Conf_StageII_PWP1_CellP_2x2_8St_20240606	Measurement 1	Evaluation12	PlateResults_Plate1.txt	Plate1
Plate1R02C17	2	17	1	0	351	4	0		0.4			Instrument	http://harmony-pc.pharmacy.ohio-state.edu/ODA/OdaService.asmx	23a9e7c4-7767-4012-a1ff-aa686ede7679	ZL_SS_H9C2_20XH2O_Conf_StageII_PWP1_CellP_2x2_8St_20240606	Measurement 1	Evaluation12	PlateResults_Plate1.txt	Plate1
Plate1R02C18	2	18	1	0	333	4	0		0.4			Instrument	http://harmony-pc.pharmacy.ohio-state.edu/ODA/OdaService.asmx	23a9e7c4-7767-4012-a1ff-aa686ede7679	ZL_SS_H9C2_20XH2O_Conf_StageII_PWP1_CellP_2x2_8St_20240606	Measurement 1	Evaluation12	PlateResults_Plate1.txt	Plate1
Plate1R02C19	2	19	1	0	257	4	0		0.4			Instrument	http://harmony-pc.pharmacy.ohio-state.edu/ODA/OdaService.asmx	23a9e7c4-7767-4012-a1ff-aa686ede7679	ZL_SS_H9C2_20XH2O_Conf_StageII_PWP1_CellP_2x2_8St_20240606	Measurement 1	Evaluation12	PlateResults_Plate1.txt	Plate1
Plate1R02C20	2	20	1	0	266	4	0		0.4			Instrument	http://harmony-pc.pharmacy.ohio-state.edu/ODA/OdaService.asmx	23a9e7c4-7767-4012-a1ff-aa686ede7679	ZL_SS_H9C2_20XH2O_Conf_StageII_PWP1_CellP_2x2_8St_20240606	Measurement 1	Evaluation12	PlateResults_Plate1.txt	Plate1
Plate1R02C21	2	21	1	0	340	4	0		0.4			Instrument	http://harmony-pc.pharmacy.ohio-state.edu/ODA/OdaService.asmx	23a9e7c4-7767-4012-a1ff-aa686ede7679	ZL_SS_H9C2_20XH2O_Conf_StageII_PWP1_CellP_2x2_8St_20240606	Measurement 1	Evaluation12	PlateResults_Plate1.txt	Plate1
Plate1R02C22	2	22	1	0	239	4	0		0.4			Instrument	http://harmony-pc.pharmacy.ohio-state.edu/ODA/OdaService.asmx	23a9e7c4-7767-4012-a1ff-aa686ede7679	ZL_SS_H9C2_20XH2O_Conf_StageII_PWP1_CellP_2x2_8St_20240606	Measurement 1	Evaluation12	PlateResults_Plate1.txt	Plate1
Plate1R02C23	2	23	1	0	75	4	0	Axit	6.66666666666667			Instrument	http://harmony-pc.pharmacy.ohio-state.edu/ODA/OdaService.asmx	23a9e7c4-7767-4012-a1ff-aa686ede7679	ZL_SS_H9C2_20XH2O_Conf_StageII_PWP1_CellP_2x2_8St_20240606	Measurement 1	Evaluation12	PlateResults_Plate1.txt	Plate1
Plate1R02C24	2	24	1	0	98	4	0	Axit	6.66666666666667			Instrument	http://harmony-pc.pharmacy.ohio-state.edu/ODA/OdaService.asmx	23a9e7c4-7767-4012-a1ff-aa686ede7679	ZL_SS_H9C2_20XH2O_Conf_StageII_PWP1_CellP_2x2_8St_20240606	Measurement 1	Evaluation12	PlateResults_Plate1.txt	Plate1
Plate1R03C01	3	1	1	0	328	4	0	DMSO	0.001			Instrument	http://harmony-pc.pharmacy.ohio-state.edu/ODA/OdaService.asmx	23a9e7c4-7767-4012-a1ff-aa686ede7679	ZL_SS_H9C2_20XH2O_Conf_StageII_PWP1_CellP_2x2_8St_20240606	Measurement 1	Evaluation12	PlateResults_Plate1.txt	Plate1
Plate1R03C02	3	2	1	0	361	4	0	DMSO	0.001			Instrument	http://harmony-pc.pharmacy.ohio-state.edu/ODA/OdaService.asmx	23a9e7c4-7767-4012-a1ff-aa686ede7679	ZL_SS_H9C2_20XH2O_Conf_StageII_PWP1_CellP_2x2_8St_20240606	Measurement 1	Evaluation12	PlateResults_Plate1.txt	Plate1
Plate1R03C03	3	3	1	0	245	4	0		0.4			Instrument	http://harmony-pc.pharmacy.ohio-state.edu/ODA/OdaService.asmx	23a9e7c4-7767-4012-a1ff-aa686ede7679	ZL_SS_H9C2_20XH2O_Conf_StageII_PWP1_CellP_2x2_8St_20240606	Measurement 1	Evaluation12	PlateResults_Plate1.txt	Plate1
Plate1R03C04	3	4	1	0	283	4	0		0.4			Instrument	http://harmony-pc.pharmacy.ohio-state.edu/ODA/OdaService.asmx	23a9e7c4-7767-4012-a1ff-aa686ede7679	ZL_SS_H9C2_20XH2O_Conf_StageII_PWP1_CellP_2x2_8St_20240606	Measurement 1	Evaluation12	PlateResults_Plate1.txt	Plate1
Plate1R03C05	3	5	1	0	266	4	0		0.4			Instrument	http://harmony-pc.pharmacy.ohio-state.edu/ODA/OdaService.asmx	23a9e7c4-7767-4012-a1ff-aa686ede7679	ZL_SS_H9C2_20XH2O_Conf_StageII_PWP1_CellP_2x2_8St_20240606	Measurement 1	Evaluation12	PlateResults_Plate1.txt	Plate1
Plate1R03C06	3	6	1	0	303	4	0		0.4			Instrument	http://harmony-pc.pharmacy.ohio-state.edu/ODA/OdaService.asmx	23a9e7c4-7767-4012-a1ff-aa686ede7679	ZL_SS_H9C2_20XH2O_Conf_StageII_PWP1_CellP_2x2_8St_20240606	Measurement 1	Evaluation12	PlateResults_Plate1.txt	Plate1
Plate1R03C07	3	7	1	0	353	4	0		0.4			Instrument	http://harmony-pc.pharmacy.ohio-state.edu/ODA/OdaService.asmx	23a9e7c4-7767-4012-a1ff-aa686ede7679	ZL_SS_H9C2_20XH2O_Conf_StageII_PWP1_CellP_2x2_8St_20240606	Measurement 1	Evaluation12	PlateResults_Plate1.txt	Plate1
Plate1R03C08	3	8	1	0	269	4	0		0.4			Instrument	http://harmony-pc.pharmacy.ohio-state.edu/ODA/OdaService.asmx	23a9e7c4-7767-4012-a1ff-aa686ede7679	ZL_SS_H9C2_20XH2O_Conf_StageII_PWP1_CellP_2x2_8St_20240606	Measurement 1	Evaluation12	PlateResults_Plate1.txt	Plate1
Plate1R03C09	3	9	1	0	332	4	0		0.4			Instrument	http://harmony-pc.pharmacy.ohio-state.edu/ODA/OdaService.asmx	23a9e7c4-7767-4012-a1ff-aa686ede7679	ZL_SS_H9C2_20XH2O_Conf_StageII_PWP1_CellP_2x2_8St_20240606	Measurement 1	Evaluation12	PlateResults_Plate1.txt	Plate1
Plate1R03C10	3	10	1	0	335	4	0		0.4			Instrument	http://harmony-pc.pharmacy.ohio-state.edu/ODA/OdaService.asmx	23a9e7c4-7767-4012-a1ff-aa686ede7679	ZL_SS_H9C2_20XH2O_Conf_StageII_PWP1_CellP_2x2_8St_20240606	Measurement 1	Evaluation12	PlateResults_Plate1.txt	Plate1
Plate1R03C11	3	11	1	0	282	4	0		0.4			Instrument	http://harmony-pc.pharmacy.ohio-state.edu/ODA/OdaService.asmx	23a9e7c4-7767-4012-a1ff-aa686ede7679	ZL_SS_H9C2_20XH2O_Conf_StageII_PWP1_CellP_2x2_8St_20240606	Measurement 1	Evaluation12	PlateResults_Plate1.txt	Plate1
Plate1R03C12	3	12	1	0	321	4	0		0.4			Instrument	http://harmony-pc.pharmacy.ohio-state.edu/ODA/OdaService.asmx	23a9e7c4-7767-4012-a1ff-aa686ede7679	ZL_SS_H9C2_20XH2O_Conf_StageII_PWP1_CellP_2x2_8St_20240606	Measurement 1	Evaluation12	PlateResults_Plate1.txt	Plate1
Plate1R03C13	3	13	1	0	269	4	0		0.4			Instrument	http://harmony-pc.pharmacy.ohio-state.edu/ODA/OdaService.asmx	23a9e7c4-7767-4012-a1ff-aa686ede7679	ZL_SS_H9C2_20XH2O_Conf_StageII_PWP1_CellP_2x2_8St_20240606	Measurement 1	Evaluation12	PlateResults_Plate1.txt	Plate1
Plate1R03C14	3	14	1	0	322	4	0		0.4			Instrument	http://harmony-pc.pharmacy.ohio-state.edu/ODA/OdaService.asmx	23a9e7c4-7767-4012-a1ff-aa686ede7679	ZL_SS_H9C2_20XH2O_Conf_StageII_PWP1_CellP_2x2_8St_20240606	Measurement 1	Evaluation12	PlateResults_Plate1.txt	Plate1
Plate1R03C15	3	15	1	0	289	4	0		0.4			Instrument	http://harmony-pc.pharmacy.ohio-state.edu/ODA/OdaService.asmx	23a9e7c4-7767-4012-a1ff-aa686ede7679	ZL_SS_H9C2_20XH2O_Conf_StageII_PWP1_CellP_2x2_8St_20240606	Measurement 1	Evaluation12	PlateResults_Plate1.txt	Plate1
Plate1R03C16	3	16	1	0	31	4	0		0.4			Instrument	http://harmony-pc.pharmacy.ohio-state.edu/ODA/OdaService.asmx	23a9e7c4-7767-4012-a1ff-aa686ede7679	ZL_SS_H9C2_20XH2O_Conf_StageII_PWP1_CellP_2x2_8St_20240606	Measurement 1	Evaluation12	PlateResults_Plate1.txt	Plate1
Plate1R03C17	3	17	1	0	299	4	0		0.4			Instrument	http://harmony-pc.pharmacy.ohio-state.edu/ODA/OdaService.asmx	23a9e7c4-7767-4012-a1ff-aa686ede7679	ZL_SS_H9C2_20XH2O_Conf_StageII_PWP1_CellP_2x2_8St_20240606	Measurement 1	Evaluation12	PlateResults_Plate1.txt	Plate1
Plate1R03C18	3	18	1	0	387	4	0		0.4			Instrument	http://harmony-pc.pharmacy.ohio-state.edu/ODA/OdaService.asmx	23a9e7c4-7767-4012-a1ff-aa686ede7679	ZL_SS_H9C2_20XH2O_Conf_StageII_PWP1_CellP_2x2_8St_20240606	Measurement 1	Evaluation12	PlateResults_Plate1.txt	Plate1
Plate1R03C19	3	19	1	0	311	4	0		0.4			Instrument	http://harmony-pc.pharmacy.ohio-state.edu/ODA/OdaService.asmx	23a9e7c4-7767-4012-a1ff-aa686ede7679	ZL_SS_H9C2_20XH2O_Conf_StageII_PWP1_CellP_2x2_8St_20240606	Measurement 1	Evaluation12	PlateResults_Plate1.txt	Plate1
Plate1R03C20	3	20	1	0	291	4	0		0.4			Instrument	http://harmony-pc.pharmacy.ohio-state.edu/ODA/OdaService.asmx	23a9e7c4-7767-4012-a1ff-aa686ede7679	ZL_SS_H9C2_20XH2O_Conf_StageII_PWP1_CellP_2x2_8St_20240606	Measurement 1	Evaluation12	PlateResults_Plate1.txt	Plate1
Plate1R03C21	3	21	1	0	330	4	0		0.4			Instrument	http://harmony-pc.pharmacy.ohio-state.edu/ODA/OdaService.asmx	23a9e7c4-7767-4012-a1ff-aa686ede7679	ZL_SS_H9C2_20XH2O_Conf_StageII_PWP1_CellP_2x2_8St_20240606	Measurement 1	Evaluation12	PlateResults_Plate1.txt	Plate1
Plate1R03C22	3	22	1	0	87	4	0		0.4			Instrument	http://harmony-pc.pharmacy.ohio-state.edu/ODA/OdaService.asmx	23a9e7c4-7767-4012-a1ff-aa686ede7679	ZL_SS_H9C2_20XH2O_Conf_StageII_PWP1_CellP_2x2_8St_20240606	Measurement 1	Evaluation12	PlateResults_Plate1.txt	Plate1
Plate1R03C23	3	23	1	0	112	4	0	Axit	2.22222222222222			Instrument	http://harmony-pc.pharmacy.ohio-state.edu/ODA/OdaService.asmx	23a9e7c4-7767-4012-a1ff-aa686ede7679	ZL_SS_H9C2_20XH2O_Conf_StageII_PWP1_CellP_2x2_8St_20240606	Measurement 1	Evaluation12	PlateResults_Plate1.txt	Plate1
Plate1R03C24	3	24	1	0	100	4	0	Axit	2.22222222222222			Instrument	http://harmony-pc.pharmacy.ohio-state.edu/ODA/OdaService.asmx	23a9e7c4-7767-4012-a1ff-aa686ede7679	ZL_SS_H9C2_20XH2O_Conf_StageII_PWP1_CellP_2x2_8St_20240606	Measurement 1	Evaluation12	PlateResults_Plate1.txt	Plate1
Plate1R04C01	4	1	1	0	317	4	0	DMSO	0.001			Instrument	http://harmony-pc.pharmacy.ohio-state.edu/ODA/OdaService.asmx	23a9e7c4-7767-4012-a1ff-aa686ede7679	ZL_SS_H9C2_20XH2O_Conf_StageII_PWP1_CellP_2x2_8St_20240606	Measurement 1	Evaluation12	PlateResults_Plate1.txt	Plate1
Plate1R04C02	4	2	1	2	266	4	0	DMSO	0.001			Instrument	http://harmony-pc.pharmacy.ohio-state.edu/ODA/OdaService.asmx	23a9e7c4-7767-4012-a1ff-aa686ede7679	ZL_SS_H9C2_20XH2O_Conf_StageII_PWP1_CellP_2x2_8St_20240606	Measurement 1	Evaluation12	PlateResults_Plate1.txt	Plate1
Plate1R04C03	4	3	1	0	353	4	0		0.4			Instrument	http://harmony-pc.pharmacy.ohio-state.edu/ODA/OdaService.asmx	23a9e7c4-7767-4012-a1ff-aa686ede7679	ZL_SS_H9C2_20XH2O_Conf_StageII_PWP1_CellP_2x2_8St_20240606	Measurement 1	Evaluation12	PlateResults_Plate1.txt	Plate1
Plate1R04C04	4	4	1	0	319	4	0		0.4			Instrument	http://harmony-pc.pharmacy.ohio-state.edu/ODA/OdaService.asmx	23a9e7c4-7767-4012-a1ff-aa686ede7679	ZL_SS_H9C2_20XH2O_Conf_StageII_PWP1_CellP_2x2_8St_20240606	Measurement 1	Evaluation12	PlateResults_Plate1.txt	Plate1
Plate1R04C05	4	5	1	0	321	4	0		0.4			Instrument	http://harmony-pc.pharmacy.ohio-state.edu/ODA/OdaService.asmx	23a9e7c4-7767-4012-a1ff-aa686ede7679	ZL_SS_H9C2_20XH2O_Conf_StageII_PWP1_CellP_2x2_8St_20240606	Measurement 1	Evaluation12	PlateResults_Plate1.txt	Plate1
Plate1R04C06	4	6	1	0	352	4	0		0.4			Instrument	http://harmony-pc.pharmacy.ohio-state.edu/ODA/OdaService.asmx	23a9e7c4-7767-4012-a1ff-aa686ede7679	ZL_SS_H9C2_20XH2O_Conf_StageII_PWP1_CellP_2x2_8St_20240606	Measurement 1	Evaluation12	PlateResults_Plate1.txt	Plate1
Plate1R04C07	4	7	1	0	305	4	0		0.4			Instrument	http://harmony-pc.pharmacy.ohio-state.edu/ODA/OdaService.asmx	23a9e7c4-7767-4012-a1ff-aa686ede7679	ZL_SS_H9C2_20XH2O_Conf_StageII_PWP1_CellP_2x2_8St_20240606	Measurement 1	Evaluation12	PlateResults_Plate1.txt	Plate1
Plate1R04C08	4	8	1	0	314	4	0		0.4			Instrument	http://harmony-pc.pharmacy.ohio-state.edu/ODA/OdaService.asmx	23a9e7c4-7767-4012-a1ff-aa686ede7679	ZL_SS_H9C2_20XH2O_Conf_StageII_PWP1_CellP_2x2_8St_20240606	Measurement 1	Evaluation12	PlateResults_Plate1.txt	Plate1
Plate1R04C09	4	9	1	0	342	4	0		0.4			Instrument	http://harmony-pc.pharmacy.ohio-state.edu/ODA/OdaService.asmx	23a9e7c4-7767-4012-a1ff-aa686ede7679	ZL_SS_H9C2_20XH2O_Conf_StageII_PWP1_CellP_2x2_8St_20240606	Measurement 1	Evaluation12	PlateResults_Plate1.txt	Plate1
Plate1R04C10	4	10	1	0	292	4	0		0.4			Instrument	http://harmony-pc.pharmacy.ohio-state.edu/ODA/OdaService.asmx	23a9e7c4-7767-4012-a1ff-aa686ede7679	ZL_SS_H9C2_20XH2O_Conf_StageII_PWP1_CellP_2x2_8St_20240606	Measurement 1	Evaluation12	PlateResults_Plate1.txt	Plate1
Plate1R04C11	4	11	1	0	337	4	0		0.4			Instrument	http://harmony-pc.pharmacy.ohio-state.edu/ODA/OdaService.asmx	23a9e7c4-7767-4012-a1ff-aa686ede7679	ZL_SS_H9C2_20XH2O_Conf_StageII_PWP1_CellP_2x2_8St_20240606	Measurement 1	Evaluation12	PlateResults_Plate1.txt	Plate1
Plate1R04C12	4	12	1	0	240	4	0		0.4			Instrument	http://harmony-pc.pharmacy.ohio-state.edu/ODA/OdaService.asmx	23a9e7c4-7767-4012-a1ff-aa686ede7679	ZL_SS_H9C2_20XH2O_Conf_StageII_PWP1_CellP_2x2_8St_20240606	Measurement 1	Evaluation12	PlateResults_Plate1.txt	Plate1
Plate1R04C13	4	13	1	0	397	4	0		0.4			Instrument	http://harmony-pc.pharmacy.ohio-state.edu/ODA/OdaService.asmx	23a9e7c4-7767-4012-a1ff-aa686ede7679	ZL_SS_H9C2_20XH2O_Conf_StageII_PWP1_CellP_2x2_8St_20240606	Measurement 1	Evaluation12	PlateResults_Plate1.txt	Plate1
Plate1R04C14	4	14	1	0	328	4	0		0.4			Instrument	http://harmony-pc.pharmacy.ohio-state.edu/ODA/OdaService.asmx	23a9e7c4-7767-4012-a1ff-aa686ede7679	ZL_SS_H9C2_20XH2O_Conf_StageII_PWP1_CellP_2x2_8St_20240606	Measurement 1	Evaluation12	PlateResults_Plate1.txt	Plate1
Plate1R04C15	4	15	1	0	351	4	0		0.4			Instrument	http://harmony-pc.pharmacy.ohio-state.edu/ODA/OdaService.asmx	23a9e7c4-7767-4012-a1ff-aa686ede7679	ZL_SS_H9C2_20XH2O_Conf_StageII_PWP1_CellP_2x2_8St_20240606	Measurement 1	Evaluation12	PlateResults_Plate1.txt	Plate1
Plate1R04C16	4	16	1	0	318	4	0		0.4			Instrument	http://harmony-pc.pharmacy.ohio-state.edu/ODA/OdaService.asmx	23a9e7c4-7767-4012-a1ff-aa686ede7679	ZL_SS_H9C2_20XH2O_Conf_StageII_PWP1_CellP_2x2_8St_20240606	Measurement 1	Evaluation12	PlateResults_Plate1.txt	Plate1
Plate1R04C17	4	17	1	0	301	4	0		0.4			Instrument	http://harmony-pc.pharmacy.ohio-state.edu/ODA/OdaService.asmx	23a9e7c4-7767-4012-a1ff-aa686ede7679	ZL_SS_H9C2_20XH2O_Conf_StageII_PWP1_CellP_2x2_8St_20240606	Measurement 1	Evaluation12	PlateResults_Plate1.txt	Plate1
Plate1R04C18	4	18	1	0	373	4	0		0.4			Instrument	http://harmony-pc.pharmacy.ohio-state.edu/ODA/OdaService.asmx	23a9e7c4-7767-4012-a1ff-aa686ede7679	ZL_SS_H9C2_20XH2O_Conf_StageII_PWP1_CellP_2x2_8St_20240606	Measurement 1	Evaluation12	PlateResults_Plate1.txt	Plate1
Plate1R04C19	4	19	1	0	322	4	0		0.4			Instrument	http://harmony-pc.pharmacy.ohio-state.edu/ODA/OdaService.asmx	23a9e7c4-7767-4012-a1ff-aa686ede7679	ZL_SS_H9C2_20XH2O_Conf_StageII_PWP1_CellP_2x2_8St_20240606	Measurement 1	Evaluation12	PlateResults_Plate1.txt	Plate1
Plate1R04C20	4	20	1	0	265	4	0		0.4			Instrument	http://harmony-pc.pharmacy.ohio-state.edu/ODA/OdaService.asmx	23a9e7c4-7767-4012-a1ff-aa686ede7679	ZL_SS_H9C2_20XH2O_Conf_StageII_PWP1_CellP_2x2_8St_20240606	Measurement 1	Evaluation12	PlateResults_Plate1.txt	Plate1
Plate1R04C21	4	21	1	0	246	4	0		0.4			Instrument	http://harmony-pc.pharmacy.ohio-state.edu/ODA/OdaService.asmx	23a9e7c4-7767-4012-a1ff-aa686ede7679	ZL_SS_H9C2_20XH2O_Conf_StageII_PWP1_CellP_2x2_8St_20240606	Measurement 1	Evaluation12	PlateResults_Plate1.txt	Plate1
Plate1R04C22	4	22	1	0	366	4	0		0.4			Instrument	http://harmony-pc.pharmacy.ohio-state.edu/ODA/OdaService.asmx	23a9e7c4-7767-4012-a1ff-aa686ede7679	ZL_SS_H9C2_20XH2O_Conf_StageII_PWP1_CellP_2x2_8St_20240606	Measurement 1	Evaluation12	PlateResults_Plate1.txt	Plate1
Plate1R04C23	4	23	1	0	261	4	0	Axit	0.740740740740741			Instrument	http://harmony-pc.pharmacy.ohio-state.edu/ODA/OdaService.asmx	23a9e7c4-7767-4012-a1ff-aa686ede7679	ZL_SS_H9C2_20XH2O_Conf_StageII_PWP1_CellP_2x2_8St_20240606	Measurement 1	Evaluation12	PlateResults_Plate1.txt	Plate1
Plate1R04C24	4	24	1	0	250	4	0	Axit	0.740740740740741			Instrument	http://harmony-pc.pharmacy.ohio-state.edu/ODA/OdaService.asmx	23a9e7c4-7767-4012-a1ff-aa686ede7679	ZL_SS_H9C2_20XH2O_Conf_StageII_PWP1_CellP_2x2_8St_20240606	Measurement 1	Evaluation12	PlateResults_Plate1.txt	Plate1
Plate1R05C01	5	1	1	0	307	4	0	DMSO	0.001			Instrument	http://harmony-pc.pharmacy.ohio-state.edu/ODA/OdaService.asmx	23a9e7c4-7767-4012-a1ff-aa686ede7679	ZL_SS_H9C2_20XH2O_Conf_StageII_PWP1_CellP_2x2_8St_20240606	Measurement 1	Evaluation12	PlateResults_Plate1.txt	Plate1
Plate1R05C02	5	2	1	0	327	4	0	DMSO	0.001			Instrument	http://harmony-pc.pharmacy.ohio-state.edu/ODA/OdaService.asmx	23a9e7c4-7767-4012-a1ff-aa686ede7679	ZL_SS_H9C2_20XH2O_Conf_StageII_PWP1_CellP_2x2_8St_20240606	Measurement 1	Evaluation12	PlateResults_Plate1.txt	Plate1
Plate1R05C03	5	3	1	0	336	4	0		0.4			Instrument	http://harmony-pc.pharmacy.ohio-state.edu/ODA/OdaService.asmx	23a9e7c4-7767-4012-a1ff-aa686ede7679	ZL_SS_H9C2_20XH2O_Conf_StageII_PWP1_CellP_2x2_8St_20240606	Measurement 1	Evaluation12	PlateResults_Plate1.txt	Plate1
Plate1R05C04	5	4	1	0	328	4	0		0.4			Instrument	http://harmony-pc.pharmacy.ohio-state.edu/ODA/OdaService.asmx	23a9e7c4-7767-4012-a1ff-aa686ede7679	ZL_SS_H9C2_20XH2O_Conf_StageII_PWP1_CellP_2x2_8St_20240606	Measurement 1	Evaluation12	PlateResults_Plate1.txt	Plate1
Plate1R05C05	5	5	1	0	409	4	0		0.4			Instrument	http://harmony-pc.pharmacy.ohio-state.edu/ODA/OdaService.asmx	23a9e7c4-7767-4012-a1ff-aa686ede7679	ZL_SS_H9C2_20XH2O_Conf_StageII_PWP1_CellP_2x2_8St_20240606	Measurement 1	Evaluation12	PlateResults_Plate1.txt	Plate1
Plate1R05C06	5	6	1	0	300	4	0		0.4			Instrument	http://harmony-pc.pharmacy.ohio-state.edu/ODA/OdaService.asmx	23a9e7c4-7767-4012-a1ff-aa686ede7679	ZL_SS_H9C2_20XH2O_Conf_StageII_PWP1_CellP_2x2_8St_20240606	Measurement 1	Evaluation12	PlateResults_Plate1.txt	Plate1
Plate1R05C07	5	7	1	0	354	4	0		0.4			Instrument	http://harmony-pc.pharmacy.ohio-state.edu/ODA/OdaService.asmx	23a9e7c4-7767-4012-a1ff-aa686ede7679	ZL_SS_H9C2_20XH2O_Conf_StageII_PWP1_CellP_2x2_8St_20240606	Measurement 1	Evaluation12	PlateResults_Plate1.txt	Plate1
Plate1R05C08	5	8	1	0	273	4	0		0.4			Instrument	http://harmony-pc.pharmacy.ohio-state.edu/ODA/OdaService.asmx	23a9e7c4-7767-4012-a1ff-aa686ede7679	ZL_SS_H9C2_20XH2O_Conf_StageII_PWP1_CellP_2x2_8St_20240606	Measurement 1	Evaluation12	PlateResults_Plate1.txt	Plate1
Plate1R05C09	5	9	1	0	289	4	0		0.4			Instrument	http://harmony-pc.pharmacy.ohio-state.edu/ODA/OdaService.asmx	23a9e7c4-7767-4012-a1ff-aa686ede7679	ZL_SS_H9C2_20XH2O_Conf_StageII_PWP1_CellP_2x2_8St_20240606	Measurement 1	Evaluation12	PlateResults_Plate1.txt	Plate1
Plate1R05C10	5	10	1	0	227	4	0		0.4			Instrument	http://harmony-pc.pharmacy.ohio-state.edu/ODA/OdaService.asmx	23a9e7c4-7767-4012-a1ff-aa686ede7679	ZL_SS_H9C2_20XH2O_Conf_StageII_PWP1_CellP_2x2_8St_20240606	Measurement 1	Evaluation12	PlateResults_Plate1.txt	Plate1
Plate1R05C11	5	11	1	0	321	4	0		0.4			Instrument	http://harmony-pc.pharmacy.ohio-state.edu/ODA/OdaService.asmx	23a9e7c4-7767-4012-a1ff-aa686ede7679	ZL_SS_H9C2_20XH2O_Conf_StageII_PWP1_CellP_2x2_8St_20240606	Measurement 1	Evaluation12	PlateResults_Plate1.txt	Plate1
Plate1R05C12	5	12	1	0	334	4	0		0.4			Instrument	http://harmony-pc.pharmacy.ohio-state.edu/ODA/OdaService.asmx	23a9e7c4-7767-4012-a1ff-aa686ede7679	ZL_SS_H9C2_20XH2O_Conf_StageII_PWP1_CellP_2x2_8St_20240606	Measurement 1	Evaluation12	PlateResults_Plate1.txt	Plate1
Plate1R05C13	5	13	1	0	322	4	0		0.4			Instrument	http://harmony-pc.pharmacy.ohio-state.edu/ODA/OdaService.asmx	23a9e7c4-7767-4012-a1ff-aa686ede7679	ZL_SS_H9C2_20XH2O_Conf_StageII_PWP1_CellP_2x2_8St_20240606	Measurement 1	Evaluation12	PlateResults_Plate1.txt	Plate1
Plate1R05C14	5	14	1	0	372	4	0		0.4			Instrument	http://harmony-pc.pharmacy.ohio-state.edu/ODA/OdaService.asmx	23a9e7c4-7767-4012-a1ff-aa686ede7679	ZL_SS_H9C2_20XH2O_Conf_StageII_PWP1_CellP_2x2_8St_20240606	Measurement 1	Evaluation12	PlateResults_Plate1.txt	Plate1
Plate1R05C15	5	15	1	0	364	4	0		0.4			Instrument	http://harmony-pc.pharmacy.ohio-state.edu/ODA/OdaService.asmx	23a9e7c4-7767-4012-a1ff-aa686ede7679	ZL_SS_H9C2_20XH2O_Conf_StageII_PWP1_CellP_2x2_8St_20240606	Measurement 1	Evaluation12	PlateResults_Plate1.txt	Plate1
Plate1R05C16	5	16	1	0	355	4	0		0.4			Instrument	http://harmony-pc.pharmacy.ohio-state.edu/ODA/OdaService.asmx	23a9e7c4-7767-4012-a1ff-aa686ede7679	ZL_SS_H9C2_20XH2O_Conf_StageII_PWP1_CellP_2x2_8St_20240606	Measurement 1	Evaluation12	PlateResults_Plate1.txt	Plate1
Plate1R05C17	5	17	1	0	314	4	0		0.4			Instrument	http://harmony-pc.pharmacy.ohio-state.edu/ODA/OdaService.asmx	23a9e7c4-7767-4012-a1ff-aa686ede7679	ZL_SS_H9C2_20XH2O_Conf_StageII_PWP1_CellP_2x2_8St_20240606	Measurement 1	Evaluation12	PlateResults_Plate1.txt	Plate1
Plate1R05C18	5	18	1	0	325	4	0		0.4			Instrument	http://harmony-pc.pharmacy.ohio-state.edu/ODA/OdaService.asmx	23a9e7c4-7767-4012-a1ff-aa686ede7679	ZL_SS_H9C2_20XH2O_Conf_StageII_PWP1_CellP_2x2_8St_20240606	Measurement 1	Evaluation12	PlateResults_Plate1.txt	Plate1
Plate1R05C19	5	19	1	0	308	4	0		0.4			Instrument	http://harmony-pc.pharmacy.ohio-state.edu/ODA/OdaService.asmx	23a9e7c4-7767-4012-a1ff-aa686ede7679	ZL_SS_H9C2_20XH2O_Conf_StageII_PWP1_CellP_2x2_8St_20240606	Measurement 1	Evaluation12	PlateResults_Plate1.txt	Plate1
Plate1R05C20	5	20	1	0	363	4	0		0.4			Instrument	http://harmony-pc.pharmacy.ohio-state.edu/ODA/OdaService.asmx	23a9e7c4-7767-4012-a1ff-aa686ede7679	ZL_SS_H9C2_20XH2O_Conf_StageII_PWP1_CellP_2x2_8St_20240606	Measurement 1	Evaluation12	PlateResults_Plate1.txt	Plate1
Plate1R05C21	5	21	1	0	298	4	0		0.4			Instrument	http://harmony-pc.pharmacy.ohio-state.edu/ODA/OdaService.asmx	23a9e7c4-7767-4012-a1ff-aa686ede7679	ZL_SS_H9C2_20XH2O_Conf_StageII_PWP1_CellP_2x2_8St_20240606	Measurement 1	Evaluation12	PlateResults_Plate1.txt	Plate1
Plate1R05C22	5	22	1	0	330	4	0		0.4			Instrument	http://harmony-pc.pharmacy.ohio-state.edu/ODA/OdaService.asmx	23a9e7c4-7767-4012-a1ff-aa686ede7679	ZL_SS_H9C2_20XH2O_Conf_StageII_PWP1_CellP_2x2_8St_20240606	Measurement 1	Evaluation12	PlateResults_Plate1.txt	Plate1
Plate1R05C23	5	23	1	0	269	4	0	Axit	0.246913580246914			Instrument	http://harmony-pc.pharmacy.ohio-state.edu/ODA/OdaService.asmx	23a9e7c4-7767-4012-a1ff-aa686ede7679	ZL_SS_H9C2_20XH2O_Conf_StageII_PWP1_CellP_2x2_8St_20240606	Measurement 1	Evaluation12	PlateResults_Plate1.txt	Plate1
Plate1R05C24	5	24	1	0	236	4	0	Axit	0.246913580246914			Instrument	http://harmony-pc.pharmacy.ohio-state.edu/ODA/OdaService.asmx	23a9e7c4-7767-4012-a1ff-aa686ede7679	ZL_SS_H9C2_20XH2O_Conf_StageII_PWP1_CellP_2x2_8St_20240606	Measurement 1	Evaluation12	PlateResults_Plate1.txt	Plate1
Plate1R06C01	6	1	1	0	273	4	0	DMSO	0.001			Instrument	http://harmony-pc.pharmacy.ohio-state.edu/ODA/OdaService.asmx	23a9e7c4-7767-4012-a1ff-aa686ede7679	ZL_SS_H9C2_20XH2O_Conf_StageII_PWP1_CellP_2x2_8St_20240606	Measurement 1	Evaluation12	PlateResults_Plate1.txt	Plate1
Plate1R06C02	6	2	1	0	295	4	0	DMSO	0.001			Instrument	http://harmony-pc.pharmacy.ohio-state.edu/ODA/OdaService.asmx	23a9e7c4-7767-4012-a1ff-aa686ede7679	ZL_SS_H9C2_20XH2O_Conf_StageII_PWP1_CellP_2x2_8St_20240606	Measurement 1	Evaluation12	PlateResults_Plate1.txt	Plate1
Plate1R06C03	6	3	1	1	381	4	0		0.4			Instrument	http://harmony-pc.pharmacy.ohio-state.edu/ODA/OdaService.asmx	23a9e7c4-7767-4012-a1ff-aa686ede7679	ZL_SS_H9C2_20XH2O_Conf_StageII_PWP1_CellP_2x2_8St_20240606	Measurement 1	Evaluation12	PlateResults_Plate1.txt	Plate1
Plate1R06C04	6	4	1	0	290	4	0		0.4			Instrument	http://harmony-pc.pharmacy.ohio-state.edu/ODA/OdaService.asmx	23a9e7c4-7767-4012-a1ff-aa686ede7679	ZL_SS_H9C2_20XH2O_Conf_StageII_PWP1_CellP_2x2_8St_20240606	Measurement 1	Evaluation12	PlateResults_Plate1.txt	Plate1
Plate1R06C05	6	5	1	0	309	4	0		0.4			Instrument	http://harmony-pc.pharmacy.ohio-state.edu/ODA/OdaService.asmx	23a9e7c4-7767-4012-a1ff-aa686ede7679	ZL_SS_H9C2_20XH2O_Conf_StageII_PWP1_CellP_2x2_8St_20240606	Measurement 1	Evaluation12	PlateResults_Plate1.txt	Plate1
Plate1R06C06	6	6	1	0	339	4	0		0.4			Instrument	http://harmony-pc.pharmacy.ohio-state.edu/ODA/OdaService.asmx	23a9e7c4-7767-4012-a1ff-aa686ede7679	ZL_SS_H9C2_20XH2O_Conf_StageII_PWP1_CellP_2x2_8St_20240606	Measurement 1	Evaluation12	PlateResults_Plate1.txt	Plate1
Plate1R06C07	6	7	1	0	343	4	0		0.4			Instrument	http://harmony-pc.pharmacy.ohio-state.edu/ODA/OdaService.asmx	23a9e7c4-7767-4012-a1ff-aa686ede7679	ZL_SS_H9C2_20XH2O_Conf_StageII_PWP1_CellP_2x2_8St_20240606	Measurement 1	Evaluation12	PlateResults_Plate1.txt	Plate1
Plate1R06C08	6	8	1	0	328	4	0		0.4			Instrument	http://harmony-pc.pharmacy.ohio-state.edu/ODA/OdaService.asmx	23a9e7c4-7767-4012-a1ff-aa686ede7679	ZL_SS_H9C2_20XH2O_Conf_StageII_PWP1_CellP_2x2_8St_20240606	Measurement 1	Evaluation12	PlateResults_Plate1.txt	Plate1
Plate1R06C09	6	9	1	0	336	4	0		0.4			Instrument	http://harmony-pc.pharmacy.ohio-state.edu/ODA/OdaService.asmx	23a9e7c4-7767-4012-a1ff-aa686ede7679	ZL_SS_H9C2_20XH2O_Conf_StageII_PWP1_CellP_2x2_8St_20240606	Measurement 1	Evaluation12	PlateResults_Plate1.txt	Plate1
Plate1R06C10	6	10	1	0	348	4	0		0.4			Instrument	http://harmony-pc.pharmacy.ohio-state.edu/ODA/OdaService.asmx	23a9e7c4-7767-4012-a1ff-aa686ede7679	ZL_SS_H9C2_20XH2O_Conf_StageII_PWP1_CellP_2x2_8St_20240606	Measurement 1	Evaluation12	PlateResults_Plate1.txt	Plate1
Plate1R06C11	6	11	1	1	321	4	0		0.4			Instrument	http://harmony-pc.pharmacy.ohio-state.edu/ODA/OdaService.asmx	23a9e7c4-7767-4012-a1ff-aa686ede7679	ZL_SS_H9C2_20XH2O_Conf_StageII_PWP1_CellP_2x2_8St_20240606	Measurement 1	Evaluation12	PlateResults_Plate1.txt	Plate1
Plate1R06C12	6	12	1	0	336	4	0		0.4			Instrument	http://harmony-pc.pharmacy.ohio-state.edu/ODA/OdaService.asmx	23a9e7c4-7767-4012-a1ff-aa686ede7679	ZL_SS_H9C2_20XH2O_Conf_StageII_PWP1_CellP_2x2_8St_20240606	Measurement 1	Evaluation12	PlateResults_Plate1.txt	Plate1
Plate1R06C13	6	13	1	0	308	4	0		0.4			Instrument	http://harmony-pc.pharmacy.ohio-state.edu/ODA/OdaService.asmx	23a9e7c4-7767-4012-a1ff-aa686ede7679	ZL_SS_H9C2_20XH2O_Conf_StageII_PWP1_CellP_2x2_8St_20240606	Measurement 1	Evaluation12	PlateResults_Plate1.txt	Plate1
Plate1R06C14	6	14	1	0	371	4	0		0.4			Instrument	http://harmony-pc.pharmacy.ohio-state.edu/ODA/OdaService.asmx	23a9e7c4-7767-4012-a1ff-aa686ede7679	ZL_SS_H9C2_20XH2O_Conf_StageII_PWP1_CellP_2x2_8St_20240606	Measurement 1	Evaluation12	PlateResults_Plate1.txt	Plate1
Plate1R06C15	6	15	1	0	303	4	0		0.4			Instrument	http://harmony-pc.pharmacy.ohio-state.edu/ODA/OdaService.asmx	23a9e7c4-7767-4012-a1ff-aa686ede7679	ZL_SS_H9C2_20XH2O_Conf_StageII_PWP1_CellP_2x2_8St_20240606	Measurement 1	Evaluation12	PlateResults_Plate1.txt	Plate1
Plate1R06C16	6	16	1	0	365	4	0		0.4			Instrument	http://harmony-pc.pharmacy.ohio-state.edu/ODA/OdaService.asmx	23a9e7c4-7767-4012-a1ff-aa686ede7679	ZL_SS_H9C2_20XH2O_Conf_StageII_PWP1_CellP_2x2_8St_20240606	Measurement 1	Evaluation12	PlateResults_Plate1.txt	Plate1
Plate1R06C17	6	17	1	0	379	4	0		0.4			Instrument	http://harmony-pc.pharmacy.ohio-state.edu/ODA/OdaService.asmx	23a9e7c4-7767-4012-a1ff-aa686ede7679	ZL_SS_H9C2_20XH2O_Conf_StageII_PWP1_CellP_2x2_8St_20240606	Measurement 1	Evaluation12	PlateResults_Plate1.txt	Plate1
Plate1R06C18	6	18	1	0	327	4	0		0.4			Instrument	http://harmony-pc.pharmacy.ohio-state.edu/ODA/OdaService.asmx	23a9e7c4-7767-4012-a1ff-aa686ede7679	ZL_SS_H9C2_20XH2O_Conf_StageII_PWP1_CellP_2x2_8St_20240606	Measurement 1	Evaluation12	PlateResults_Plate1.txt	Plate1
Plate1R06C19	6	19	1	0	333	4	0		0.4			Instrument	http://harmony-pc.pharmacy.ohio-state.edu/ODA/OdaService.asmx	23a9e7c4-7767-4012-a1ff-aa686ede7679	ZL_SS_H9C2_20XH2O_Conf_StageII_PWP1_CellP_2x2_8St_20240606	Measurement 1	Evaluation12	PlateResults_Plate1.txt	Plate1
Plate1R06C20	6	20	1	0	297	4	0		0.4			Instrument	http://harmony-pc.pharmacy.ohio-state.edu/ODA/OdaService.asmx	23a9e7c4-7767-4012-a1ff-aa686ede7679	ZL_SS_H9C2_20XH2O_Conf_StageII_PWP1_CellP_2x2_8St_20240606	Measurement 1	Evaluation12	PlateResults_Plate1.txt	Plate1
Plate1R06C21	6	21	1	0	361	4	0		0.4			Instrument	http://harmony-pc.pharmacy.ohio-state.edu/ODA/OdaService.asmx	23a9e7c4-7767-4012-a1ff-aa686ede7679	ZL_SS_H9C2_20XH2O_Conf_StageII_PWP1_CellP_2x2_8St_20240606	Measurement 1	Evaluation12	PlateResults_Plate1.txt	Plate1
Plate1R06C22	6	22	1	0	384	4	0		0.4			Instrument	http://harmony-pc.pharmacy.ohio-state.edu/ODA/OdaService.asmx	23a9e7c4-7767-4012-a1ff-aa686ede7679	ZL_SS_H9C2_20XH2O_Conf_StageII_PWP1_CellP_2x2_8St_20240606	Measurement 1	Evaluation12	PlateResults_Plate1.txt	Plate1
Plate1R06C23	6	23	1	0	242	4	0	Axit	0.0823045267489712			Instrument	http://harmony-pc.pharmacy.ohio-state.edu/ODA/OdaService.asmx	23a9e7c4-7767-4012-a1ff-aa686ede7679	ZL_SS_H9C2_20XH2O_Conf_StageII_PWP1_CellP_2x2_8St_20240606	Measurement 1	Evaluation12	PlateResults_Plate1.txt	Plate1
Plate1R06C24	6	24	1	0	186	4	0	Axit	0.0823045267489712			Instrument	http://harmony-pc.pharmacy.ohio-state.edu/ODA/OdaService.asmx	23a9e7c4-7767-4012-a1ff-aa686ede7679	ZL_SS_H9C2_20XH2O_Conf_StageII_PWP1_CellP_2x2_8St_20240606	Measurement 1	Evaluation12	PlateResults_Plate1.txt	Plate1
Plate1R07C01	7	1	1	0	308	4	0	DMSO	0.001			Instrument	http://harmony-pc.pharmacy.ohio-state.edu/ODA/OdaService.asmx	23a9e7c4-7767-4012-a1ff-aa686ede7679	ZL_SS_H9C2_20XH2O_Conf_StageII_PWP1_CellP_2x2_8St_20240606	Measurement 1	Evaluation12	PlateResults_Plate1.txt	Plate1
Plate1R07C02	7	2	1	0	294	4	0	DMSO	0.001			Instrument	http://harmony-pc.pharmacy.ohio-state.edu/ODA/OdaService.asmx	23a9e7c4-7767-4012-a1ff-aa686ede7679	ZL_SS_H9C2_20XH2O_Conf_StageII_PWP1_CellP_2x2_8St_20240606	Measurement 1	Evaluation12	PlateResults_Plate1.txt	Plate1
Plate1R07C03	7	3	1	0	268	4	0		0.4			Instrument	http://harmony-pc.pharmacy.ohio-state.edu/ODA/OdaService.asmx	23a9e7c4-7767-4012-a1ff-aa686ede7679	ZL_SS_H9C2_20XH2O_Conf_StageII_PWP1_CellP_2x2_8St_20240606	Measurement 1	Evaluation12	PlateResults_Plate1.txt	Plate1
Plate1R07C04	7	4	1	0	319	4	0		0.4			Instrument	http://harmony-pc.pharmacy.ohio-state.edu/ODA/OdaService.asmx	23a9e7c4-7767-4012-a1ff-aa686ede7679	ZL_SS_H9C2_20XH2O_Conf_StageII_PWP1_CellP_2x2_8St_20240606	Measurement 1	Evaluation12	PlateResults_Plate1.txt	Plate1
Plate1R07C05	7	5	1	0	266	4	0		0.4			Instrument	http://harmony-pc.pharmacy.ohio-state.edu/ODA/OdaService.asmx	23a9e7c4-7767-4012-a1ff-aa686ede7679	ZL_SS_H9C2_20XH2O_Conf_StageII_PWP1_CellP_2x2_8St_20240606	Measurement 1	Evaluation12	PlateResults_Plate1.txt	Plate1
Plate1R07C06	7	6	1	0	309	4	0		0.4			Instrument	http://harmony-pc.pharmacy.ohio-state.edu/ODA/OdaService.asmx	23a9e7c4-7767-4012-a1ff-aa686ede7679	ZL_SS_H9C2_20XH2O_Conf_StageII_PWP1_CellP_2x2_8St_20240606	Measurement 1	Evaluation12	PlateResults_Plate1.txt	Plate1
Plate1R07C07	7	7	1	0	342	4	0		0.4			Instrument	http://harmony-pc.pharmacy.ohio-state.edu/ODA/OdaService.asmx	23a9e7c4-7767-4012-a1ff-aa686ede7679	ZL_SS_H9C2_20XH2O_Conf_StageII_PWP1_CellP_2x2_8St_20240606	Measurement 1	Evaluation12	PlateResults_Plate1.txt	Plate1
Plate1R07C08	7	8	1	0	357	4	0		0.4			Instrument	http://harmony-pc.pharmacy.ohio-state.edu/ODA/OdaService.asmx	23a9e7c4-7767-4012-a1ff-aa686ede7679	ZL_SS_H9C2_20XH2O_Conf_StageII_PWP1_CellP_2x2_8St_20240606	Measurement 1	Evaluation12	PlateResults_Plate1.txt	Plate1
Plate1R07C09	7	9	1	0	314	4	0		0.4			Instrument	http://harmony-pc.pharmacy.ohio-state.edu/ODA/OdaService.asmx	23a9e7c4-7767-4012-a1ff-aa686ede7679	ZL_SS_H9C2_20XH2O_Conf_StageII_PWP1_CellP_2x2_8St_20240606	Measurement 1	Evaluation12	PlateResults_Plate1.txt	Plate1
Plate1R07C10	7	10	1	0	277	4	0		0.4			Instrument	http://harmony-pc.pharmacy.ohio-state.edu/ODA/OdaService.asmx	23a9e7c4-7767-4012-a1ff-aa686ede7679	ZL_SS_H9C2_20XH2O_Conf_StageII_PWP1_CellP_2x2_8St_20240606	Measurement 1	Evaluation12	PlateResults_Plate1.txt	Plate1
Plate1R07C11	7	11	1	0	367	4	0		0.4			Instrument	http://harmony-pc.pharmacy.ohio-state.edu/ODA/OdaService.asmx	23a9e7c4-7767-4012-a1ff-aa686ede7679	ZL_SS_H9C2_20XH2O_Conf_StageII_PWP1_CellP_2x2_8St_20240606	Measurement 1	Evaluation12	PlateResults_Plate1.txt	Plate1
Plate1R07C12	7	12	1	0	383	4	0		0.4			Instrument	http://harmony-pc.pharmacy.ohio-state.edu/ODA/OdaService.asmx	23a9e7c4-7767-4012-a1ff-aa686ede7679	ZL_SS_H9C2_20XH2O_Conf_StageII_PWP1_CellP_2x2_8St_20240606	Measurement 1	Evaluation12	PlateResults_Plate1.txt	Plate1
Plate1R07C13	7	13	1	0	318	4	0		0.4			Instrument	http://harmony-pc.pharmacy.ohio-state.edu/ODA/OdaService.asmx	23a9e7c4-7767-4012-a1ff-aa686ede7679	ZL_SS_H9C2_20XH2O_Conf_StageII_PWP1_CellP_2x2_8St_20240606	Measurement 1	Evaluation12	PlateResults_Plate1.txt	Plate1
Plate1R07C14	7	14	1	0	389	4	0		0.4			Instrument	http://harmony-pc.pharmacy.ohio-state.edu/ODA/OdaService.asmx	23a9e7c4-7767-4012-a1ff-aa686ede7679	ZL_SS_H9C2_20XH2O_Conf_StageII_PWP1_CellP_2x2_8St_20240606	Measurement 1	Evaluation12	PlateResults_Plate1.txt	Plate1
Plate1R07C15	7	15	1	0	345	4	0		0.4			Instrument	http://harmony-pc.pharmacy.ohio-state.edu/ODA/OdaService.asmx	23a9e7c4-7767-4012-a1ff-aa686ede7679	ZL_SS_H9C2_20XH2O_Conf_StageII_PWP1_CellP_2x2_8St_20240606	Measurement 1	Evaluation12	PlateResults_Plate1.txt	Plate1
Plate1R07C16	7	16	1	0	321	4	0		0.4			Instrument	http://harmony-pc.pharmacy.ohio-state.edu/ODA/OdaService.asmx	23a9e7c4-7767-4012-a1ff-aa686ede7679	ZL_SS_H9C2_20XH2O_Conf_StageII_PWP1_CellP_2x2_8St_20240606	Measurement 1	Evaluation12	PlateResults_Plate1.txt	Plate1
Plate1R07C17	7	17	1	0	246	4	0		0.4			Instrument	http://harmony-pc.pharmacy.ohio-state.edu/ODA/OdaService.asmx	23a9e7c4-7767-4012-a1ff-aa686ede7679	ZL_SS_H9C2_20XH2O_Conf_StageII_PWP1_CellP_2x2_8St_20240606	Measurement 1	Evaluation12	PlateResults_Plate1.txt	Plate1
Plate1R07C18	7	18	1	0	310	4	0		0.4			Instrument	http://harmony-pc.pharmacy.ohio-state.edu/ODA/OdaService.asmx	23a9e7c4-7767-4012-a1ff-aa686ede7679	ZL_SS_H9C2_20XH2O_Conf_StageII_PWP1_CellP_2x2_8St_20240606	Measurement 1	Evaluation12	PlateResults_Plate1.txt	Plate1
Plate1R07C19	7	19	1	0	325	4	0		0.4			Instrument	http://harmony-pc.pharmacy.ohio-state.edu/ODA/OdaService.asmx	23a9e7c4-7767-4012-a1ff-aa686ede7679	ZL_SS_H9C2_20XH2O_Conf_StageII_PWP1_CellP_2x2_8St_20240606	Measurement 1	Evaluation12	PlateResults_Plate1.txt	Plate1
Plate1R07C20	7	20	1	0	332	4	0		0.4			Instrument	http://harmony-pc.pharmacy.ohio-state.edu/ODA/OdaService.asmx	23a9e7c4-7767-4012-a1ff-aa686ede7679	ZL_SS_H9C2_20XH2O_Conf_StageII_PWP1_CellP_2x2_8St_20240606	Measurement 1	Evaluation12	PlateResults_Plate1.txt	Plate1
Plate1R07C21	7	21	1	0	325	4	0		0.4			Instrument	http://harmony-pc.pharmacy.ohio-state.edu/ODA/OdaService.asmx	23a9e7c4-7767-4012-a1ff-aa686ede7679	ZL_SS_H9C2_20XH2O_Conf_StageII_PWP1_CellP_2x2_8St_20240606	Measurement 1	Evaluation12	PlateResults_Plate1.txt	Plate1
Plate1R07C22	7	22	1	0	194	4	0		0.4			Instrument	http://harmony-pc.pharmacy.ohio-state.edu/ODA/OdaService.asmx	23a9e7c4-7767-4012-a1ff-aa686ede7679	ZL_SS_H9C2_20XH2O_Conf_StageII_PWP1_CellP_2x2_8St_20240606	Measurement 1	Evaluation12	PlateResults_Plate1.txt	Plate1
Plate1R07C23	7	23	1	0	279	4	0	Axit	0.0274348422496571			Instrument	http://harmony-pc.pharmacy.ohio-state.edu/ODA/OdaService.asmx	23a9e7c4-7767-4012-a1ff-aa686ede7679	ZL_SS_H9C2_20XH2O_Conf_StageII_PWP1_CellP_2x2_8St_20240606	Measurement 1	Evaluation12	PlateResults_Plate1.txt	Plate1
Plate1R07C24	7	24	1	0	212	4	0	Axit	0.0274348422496571			Instrument	http://harmony-pc.pharmacy.ohio-state.edu/ODA/OdaService.asmx	23a9e7c4-7767-4012-a1ff-aa686ede7679	ZL_SS_H9C2_20XH2O_Conf_StageII_PWP1_CellP_2x2_8St_20240606	Measurement 1	Evaluation12	PlateResults_Plate1.txt	Plate1
Plate1R08C01	8	1	1	0	280	4	0	DMSO	0.001			Instrument	http://harmony-pc.pharmacy.ohio-state.edu/ODA/OdaService.asmx	23a9e7c4-7767-4012-a1ff-aa686ede7679	ZL_SS_H9C2_20XH2O_Conf_StageII_PWP1_CellP_2x2_8St_20240606	Measurement 1	Evaluation12	PlateResults_Plate1.txt	Plate1
Plate1R08C02	8	2	1	0	296	4	0	DMSO	0.001			Instrument	http://harmony-pc.pharmacy.ohio-state.edu/ODA/OdaService.asmx	23a9e7c4-7767-4012-a1ff-aa686ede7679	ZL_SS_H9C2_20XH2O_Conf_StageII_PWP1_CellP_2x2_8St_20240606	Measurement 1	Evaluation12	PlateResults_Plate1.txt	Plate1
Plate1R08C03	8	3	1	0	328	4	0		0.4			Instrument	http://harmony-pc.pharmacy.ohio-state.edu/ODA/OdaService.asmx	23a9e7c4-7767-4012-a1ff-aa686ede7679	ZL_SS_H9C2_20XH2O_Conf_StageII_PWP1_CellP_2x2_8St_20240606	Measurement 1	Evaluation12	PlateResults_Plate1.txt	Plate1
Plate1R08C04	8	4	1	0	285	4	0		0.4			Instrument	http://harmony-pc.pharmacy.ohio-state.edu/ODA/OdaService.asmx	23a9e7c4-7767-4012-a1ff-aa686ede7679	ZL_SS_H9C2_20XH2O_Conf_StageII_PWP1_CellP_2x2_8St_20240606	Measurement 1	Evaluation12	PlateResults_Plate1.txt	Plate1
Plate1R08C05	8	5	1	0	368	4	0		0.4			Instrument	http://harmony-pc.pharmacy.ohio-state.edu/ODA/OdaService.asmx	23a9e7c4-7767-4012-a1ff-aa686ede7679	ZL_SS_H9C2_20XH2O_Conf_StageII_PWP1_CellP_2x2_8St_20240606	Measurement 1	Evaluation12	PlateResults_Plate1.txt	Plate1
Plate1R08C06	8	6	1	0	354	4	0		0.4			Instrument	http://harmony-pc.pharmacy.ohio-state.edu/ODA/OdaService.asmx	23a9e7c4-7767-4012-a1ff-aa686ede7679	ZL_SS_H9C2_20XH2O_Conf_StageII_PWP1_CellP_2x2_8St_20240606	Measurement 1	Evaluation12	PlateResults_Plate1.txt	Plate1
Plate1R08C07	8	7	1	0	327	4	0		0.4			Instrument	http://harmony-pc.pharmacy.ohio-state.edu/ODA/OdaService.asmx	23a9e7c4-7767-4012-a1ff-aa686ede7679	ZL_SS_H9C2_20XH2O_Conf_StageII_PWP1_CellP_2x2_8St_20240606	Measurement 1	Evaluation12	PlateResults_Plate1.txt	Plate1
Plate1R08C08	8	8	1	0	377	4	0		0.4			Instrument	http://harmony-pc.pharmacy.ohio-state.edu/ODA/OdaService.asmx	23a9e7c4-7767-4012-a1ff-aa686ede7679	ZL_SS_H9C2_20XH2O_Conf_StageII_PWP1_CellP_2x2_8St_20240606	Measurement 1	Evaluation12	PlateResults_Plate1.txt	Plate1
Plate1R08C09	8	9	1	0	384	4	0		0.4			Instrument	http://harmony-pc.pharmacy.ohio-state.edu/ODA/OdaService.asmx	23a9e7c4-7767-4012-a1ff-aa686ede7679	ZL_SS_H9C2_20XH2O_Conf_StageII_PWP1_CellP_2x2_8St_20240606	Measurement 1	Evaluation12	PlateResults_Plate1.txt	Plate1
Plate1R08C10	8	10	1	0	282	4	0		0.4			Instrument	http://harmony-pc.pharmacy.ohio-state.edu/ODA/OdaService.asmx	23a9e7c4-7767-4012-a1ff-aa686ede7679	ZL_SS_H9C2_20XH2O_Conf_StageII_PWP1_CellP_2x2_8St_20240606	Measurement 1	Evaluation12	PlateResults_Plate1.txt	Plate1
Plate1R08C11	8	11	1	0	291	4	0		0.4			Instrument	http://harmony-pc.pharmacy.ohio-state.edu/ODA/OdaService.asmx	23a9e7c4-7767-4012-a1ff-aa686ede7679	ZL_SS_H9C2_20XH2O_Conf_StageII_PWP1_CellP_2x2_8St_20240606	Measurement 1	Evaluation12	PlateResults_Plate1.txt	Plate1
Plate1R08C12	8	12	1	0	295	4	0		0.4			Instrument	http://harmony-pc.pharmacy.ohio-state.edu/ODA/OdaService.asmx	23a9e7c4-7767-4012-a1ff-aa686ede7679	ZL_SS_H9C2_20XH2O_Conf_StageII_PWP1_CellP_2x2_8St_20240606	Measurement 1	Evaluation12	PlateResults_Plate1.txt	Plate1
Plate1R08C13	8	13	1	0	363	4	0		0.4			Instrument	http://harmony-pc.pharmacy.ohio-state.edu/ODA/OdaService.asmx	23a9e7c4-7767-4012-a1ff-aa686ede7679	ZL_SS_H9C2_20XH2O_Conf_StageII_PWP1_CellP_2x2_8St_20240606	Measurement 1	Evaluation12	PlateResults_Plate1.txt	Plate1
Plate1R08C14	8	14	1	0	360	4	0		0.4			Instrument	http://harmony-pc.pharmacy.ohio-state.edu/ODA/OdaService.asmx	23a9e7c4-7767-4012-a1ff-aa686ede7679	ZL_SS_H9C2_20XH2O_Conf_StageII_PWP1_CellP_2x2_8St_20240606	Measurement 1	Evaluation12	PlateResults_Plate1.txt	Plate1
Plate1R08C15	8	15	1	0	340	4	0		0.4			Instrument	http://harmony-pc.pharmacy.ohio-state.edu/ODA/OdaService.asmx	23a9e7c4-7767-4012-a1ff-aa686ede7679	ZL_SS_H9C2_20XH2O_Conf_StageII_PWP1_CellP_2x2_8St_20240606	Measurement 1	Evaluation12	PlateResults_Plate1.txt	Plate1
Plate1R08C16	8	16	1	0	347	4	0		0.4			Instrument	http://harmony-pc.pharmacy.ohio-state.edu/ODA/OdaService.asmx	23a9e7c4-7767-4012-a1ff-aa686ede7679	ZL_SS_H9C2_20XH2O_Conf_StageII_PWP1_CellP_2x2_8St_20240606	Measurement 1	Evaluation12	PlateResults_Plate1.txt	Plate1
Plate1R08C17	8	17	1	0	298	4	0		0.4			Instrument	http://harmony-pc.pharmacy.ohio-state.edu/ODA/OdaService.asmx	23a9e7c4-7767-4012-a1ff-aa686ede7679	ZL_SS_H9C2_20XH2O_Conf_StageII_PWP1_CellP_2x2_8St_20240606	Measurement 1	Evaluation12	PlateResults_Plate1.txt	Plate1
Plate1R08C18	8	18	1	0	317	4	0		0.4			Instrument	http://harmony-pc.pharmacy.ohio-state.edu/ODA/OdaService.asmx	23a9e7c4-7767-4012-a1ff-aa686ede7679	ZL_SS_H9C2_20XH2O_Conf_StageII_PWP1_CellP_2x2_8St_20240606	Measurement 1	Evaluation12	PlateResults_Plate1.txt	Plate1
Plate1R08C19	8	19	1	0	316	4	0		0.4			Instrument	http://harmony-pc.pharmacy.ohio-state.edu/ODA/OdaService.asmx	23a9e7c4-7767-4012-a1ff-aa686ede7679	ZL_SS_H9C2_20XH2O_Conf_StageII_PWP1_CellP_2x2_8St_20240606	Measurement 1	Evaluation12	PlateResults_Plate1.txt	Plate1
Plate1R08C20	8	20	1	0	240	4	0		0.4			Instrument	http://harmony-pc.pharmacy.ohio-state.edu/ODA/OdaService.asmx	23a9e7c4-7767-4012-a1ff-aa686ede7679	ZL_SS_H9C2_20XH2O_Conf_StageII_PWP1_CellP_2x2_8St_20240606	Measurement 1	Evaluation12	PlateResults_Plate1.txt	Plate1
Plate1R08C21	8	21	1	0	118	4	0		0.4			Instrument	http://harmony-pc.pharmacy.ohio-state.edu/ODA/OdaService.asmx	23a9e7c4-7767-4012-a1ff-aa686ede7679	ZL_SS_H9C2_20XH2O_Conf_StageII_PWP1_CellP_2x2_8St_20240606	Measurement 1	Evaluation12	PlateResults_Plate1.txt	Plate1
Plate1R08C22	8	22	1	0	273	4	0		0.4			Instrument	http://harmony-pc.pharmacy.ohio-state.edu/ODA/OdaService.asmx	23a9e7c4-7767-4012-a1ff-aa686ede7679	ZL_SS_H9C2_20XH2O_Conf_StageII_PWP1_CellP_2x2_8St_20240606	Measurement 1	Evaluation12	PlateResults_Plate1.txt	Plate1
Plate1R08C23	8	23	1	0	244	4	0	Axit	0.00914494741655235			Instrument	http://harmony-pc.pharmacy.ohio-state.edu/ODA/OdaService.asmx	23a9e7c4-7767-4012-a1ff-aa686ede7679	ZL_SS_H9C2_20XH2O_Conf_StageII_PWP1_CellP_2x2_8St_20240606	Measurement 1	Evaluation12	PlateResults_Plate1.txt	Plate1
Plate1R08C24	8	24	1	0	240	4	0	Axit	0.00914494741655235			Instrument	http://harmony-pc.pharmacy.ohio-state.edu/ODA/OdaService.asmx	23a9e7c4-7767-4012-a1ff-aa686ede7679	ZL_SS_H9C2_20XH2O_Conf_StageII_PWP1_CellP_2x2_8St_20240606	Measurement 1	Evaluation12	PlateResults_Plate1.txt	Plate1
Plate1R09C01	9	1	1	0	29	4	0	Dacti	0.4			Instrument	http://harmony-pc.pharmacy.ohio-state.edu/ODA/OdaService.asmx	23a9e7c4-7767-4012-a1ff-aa686ede7679	ZL_SS_H9C2_20XH2O_Conf_StageII_PWP1_CellP_2x2_8St_20240606	Measurement 1	Evaluation12	PlateResults_Plate1.txt	Plate1
Plate1R09C02	9	2	1	0	19	4	0	Dacti	0.4			Instrument	http://harmony-pc.pharmacy.ohio-state.edu/ODA/OdaService.asmx	23a9e7c4-7767-4012-a1ff-aa686ede7679	ZL_SS_H9C2_20XH2O_Conf_StageII_PWP1_CellP_2x2_8St_20240606	Measurement 1	Evaluation12	PlateResults_Plate1.txt	Plate1
Plate1R09C03	9	3	1	0	252	4	0		0.4			Instrument	http://harmony-pc.pharmacy.ohio-state.edu/ODA/OdaService.asmx	23a9e7c4-7767-4012-a1ff-aa686ede7679	ZL_SS_H9C2_20XH2O_Conf_StageII_PWP1_CellP_2x2_8St_20240606	Measurement 1	Evaluation12	PlateResults_Plate1.txt	Plate1
Plate1R09C04	9	4	1	0	330	4	0		0.4			Instrument	http://harmony-pc.pharmacy.ohio-state.edu/ODA/OdaService.asmx	23a9e7c4-7767-4012-a1ff-aa686ede7679	ZL_SS_H9C2_20XH2O_Conf_StageII_PWP1_CellP_2x2_8St_20240606	Measurement 1	Evaluation12	PlateResults_Plate1.txt	Plate1
Plate1R09C05	9	5	1	0	311	4	0		0.4			Instrument	http://harmony-pc.pharmacy.ohio-state.edu/ODA/OdaService.asmx	23a9e7c4-7767-4012-a1ff-aa686ede7679	ZL_SS_H9C2_20XH2O_Conf_StageII_PWP1_CellP_2x2_8St_20240606	Measurement 1	Evaluation12	PlateResults_Plate1.txt	Plate1
Plate1R09C06	9	6	1	0	343	4	0		0.4			Instrument	http://harmony-pc.pharmacy.ohio-state.edu/ODA/OdaService.asmx	23a9e7c4-7767-4012-a1ff-aa686ede7679	ZL_SS_H9C2_20XH2O_Conf_StageII_PWP1_CellP_2x2_8St_20240606	Measurement 1	Evaluation12	PlateResults_Plate1.txt	Plate1
Plate1R09C07	9	7	1	0	333	4	0		0.4			Instrument	http://harmony-pc.pharmacy.ohio-state.edu/ODA/OdaService.asmx	23a9e7c4-7767-4012-a1ff-aa686ede7679	ZL_SS_H9C2_20XH2O_Conf_StageII_PWP1_CellP_2x2_8St_20240606	Measurement 1	Evaluation12	PlateResults_Plate1.txt	Plate1
Plate1R09C08	9	8	1	0	281	4	0		0.4			Instrument	http://harmony-pc.pharmacy.ohio-state.edu/ODA/OdaService.asmx	23a9e7c4-7767-4012-a1ff-aa686ede7679	ZL_SS_H9C2_20XH2O_Conf_StageII_PWP1_CellP_2x2_8St_20240606	Measurement 1	Evaluation12	PlateResults_Plate1.txt	Plate1
Plate1R09C09	9	9	1	0	344	4	0		0.4			Instrument	http://harmony-pc.pharmacy.ohio-state.edu/ODA/OdaService.asmx	23a9e7c4-7767-4012-a1ff-aa686ede7679	ZL_SS_H9C2_20XH2O_Conf_StageII_PWP1_CellP_2x2_8St_20240606	Measurement 1	Evaluation12	PlateResults_Plate1.txt	Plate1
Plate1R09C10	9	10	1	0	311	4	0		0.4			Instrument	http://harmony-pc.pharmacy.ohio-state.edu/ODA/OdaService.asmx	23a9e7c4-7767-4012-a1ff-aa686ede7679	ZL_SS_H9C2_20XH2O_Conf_StageII_PWP1_CellP_2x2_8St_20240606	Measurement 1	Evaluation12	PlateResults_Plate1.txt	Plate1
Plate1R09C11	9	11	1	0	235	4	0		0.4			Instrument	http://harmony-pc.pharmacy.ohio-state.edu/ODA/OdaService.asmx	23a9e7c4-7767-4012-a1ff-aa686ede7679	ZL_SS_H9C2_20XH2O_Conf_StageII_PWP1_CellP_2x2_8St_20240606	Measurement 1	Evaluation12	PlateResults_Plate1.txt	Plate1
Plate1R09C12	9	12	1	0	278	4	0		0.4			Instrument	http://harmony-pc.pharmacy.ohio-state.edu/ODA/OdaService.asmx	23a9e7c4-7767-4012-a1ff-aa686ede7679	ZL_SS_H9C2_20XH2O_Conf_StageII_PWP1_CellP_2x2_8St_20240606	Measurement 1	Evaluation12	PlateResults_Plate1.txt	Plate1
Plate1R09C13	9	13	1	0	327	4	0		0.4			Instrument	http://harmony-pc.pharmacy.ohio-state.edu/ODA/OdaService.asmx	23a9e7c4-7767-4012-a1ff-aa686ede7679	ZL_SS_H9C2_20XH2O_Conf_StageII_PWP1_CellP_2x2_8St_20240606	Measurement 1	Evaluation12	PlateResults_Plate1.txt	Plate1
Plate1R09C14	9	14	1	0	324	4	0		0.4			Instrument	http://harmony-pc.pharmacy.ohio-state.edu/ODA/OdaService.asmx	23a9e7c4-7767-4012-a1ff-aa686ede7679	ZL_SS_H9C2_20XH2O_Conf_StageII_PWP1_CellP_2x2_8St_20240606	Measurement 1	Evaluation12	PlateResults_Plate1.txt	Plate1
Plate1R09C15	9	15	1	0	248	4	0		0.4			Instrument	http://harmony-pc.pharmacy.ohio-state.edu/ODA/OdaService.asmx	23a9e7c4-7767-4012-a1ff-aa686ede7679	ZL_SS_H9C2_20XH2O_Conf_StageII_PWP1_CellP_2x2_8St_20240606	Measurement 1	Evaluation12	PlateResults_Plate1.txt	Plate1
Plate1R09C16	9	16	1	0	280	4	0		0.4			Instrument	http://harmony-pc.pharmacy.ohio-state.edu/ODA/OdaService.asmx	23a9e7c4-7767-4012-a1ff-aa686ede7679	ZL_SS_H9C2_20XH2O_Conf_StageII_PWP1_CellP_2x2_8St_20240606	Measurement 1	Evaluation12	PlateResults_Plate1.txt	Plate1
Plate1R09C17	9	17	1	0	279	4	0		0.4			Instrument	http://harmony-pc.pharmacy.ohio-state.edu/ODA/OdaService.asmx	23a9e7c4-7767-4012-a1ff-aa686ede7679	ZL_SS_H9C2_20XH2O_Conf_StageII_PWP1_CellP_2x2_8St_20240606	Measurement 1	Evaluation12	PlateResults_Plate1.txt	Plate1
Plate1R09C18	9	18	1	0	261	4	0		0.4			Instrument	http://harmony-pc.pharmacy.ohio-state.edu/ODA/OdaService.asmx	23a9e7c4-7767-4012-a1ff-aa686ede7679	ZL_SS_H9C2_20XH2O_Conf_StageII_PWP1_CellP_2x2_8St_20240606	Measurement 1	Evaluation12	PlateResults_Plate1.txt	Plate1
Plate1R09C19	9	19	1	0	283	4	0		0.4			Instrument	http://harmony-pc.pharmacy.ohio-state.edu/ODA/OdaService.asmx	23a9e7c4-7767-4012-a1ff-aa686ede7679	ZL_SS_H9C2_20XH2O_Conf_StageII_PWP1_CellP_2x2_8St_20240606	Measurement 1	Evaluation12	PlateResults_Plate1.txt	Plate1
Plate1R09C20	9	20	1	0	287	4	0		0.4			Instrument	http://harmony-pc.pharmacy.ohio-state.edu/ODA/OdaService.asmx	23a9e7c4-7767-4012-a1ff-aa686ede7679	ZL_SS_H9C2_20XH2O_Conf_StageII_PWP1_CellP_2x2_8St_20240606	Measurement 1	Evaluation12	PlateResults_Plate1.txt	Plate1
Plate1R09C21	9	21	1	0	274	4	0		0.4			Instrument	http://harmony-pc.pharmacy.ohio-state.edu/ODA/OdaService.asmx	23a9e7c4-7767-4012-a1ff-aa686ede7679	ZL_SS_H9C2_20XH2O_Conf_StageII_PWP1_CellP_2x2_8St_20240606	Measurement 1	Evaluation12	PlateResults_Plate1.txt	Plate1
Plate1R09C22	9	22	1	0	195	4	0		0.4			Instrument	http://harmony-pc.pharmacy.ohio-state.edu/ODA/OdaService.asmx	23a9e7c4-7767-4012-a1ff-aa686ede7679	ZL_SS_H9C2_20XH2O_Conf_StageII_PWP1_CellP_2x2_8St_20240606	Measurement 1	Evaluation12	PlateResults_Plate1.txt	Plate1
Plate1R09C23	9	23	1	1	42	4	0	Cabo	20			Instrument	http://harmony-pc.pharmacy.ohio-state.edu/ODA/OdaService.asmx	23a9e7c4-7767-4012-a1ff-aa686ede7679	ZL_SS_H9C2_20XH2O_Conf_StageII_PWP1_CellP_2x2_8St_20240606	Measurement 1	Evaluation12	PlateResults_Plate1.txt	Plate1
Plate1R09C24	9	24	1	0	30	4	0	Cabo	20			Instrument	http://harmony-pc.pharmacy.ohio-state.edu/ODA/OdaService.asmx	23a9e7c4-7767-4012-a1ff-aa686ede7679	ZL_SS_H9C2_20XH2O_Conf_StageII_PWP1_CellP_2x2_8St_20240606	Measurement 1	Evaluation12	PlateResults_Plate1.txt	Plate1
Plate1R10C01	10	1	1	0	36	4	0	Dacti	0.133333333333333			Instrument	http://harmony-pc.pharmacy.ohio-state.edu/ODA/OdaService.asmx	23a9e7c4-7767-4012-a1ff-aa686ede7679	ZL_SS_H9C2_20XH2O_Conf_StageII_PWP1_CellP_2x2_8St_20240606	Measurement 1	Evaluation12	PlateResults_Plate1.txt	Plate1
Plate1R10C02	10	2	1	0	33	4	0	Dacti	0.133333333333333			Instrument	http://harmony-pc.pharmacy.ohio-state.edu/ODA/OdaService.asmx	23a9e7c4-7767-4012-a1ff-aa686ede7679	ZL_SS_H9C2_20XH2O_Conf_StageII_PWP1_CellP_2x2_8St_20240606	Measurement 1	Evaluation12	PlateResults_Plate1.txt	Plate1
Plate1R10C03	10	3	1	0	283	4	0		0.4			Instrument	http://harmony-pc.pharmacy.ohio-state.edu/ODA/OdaService.asmx	23a9e7c4-7767-4012-a1ff-aa686ede7679	ZL_SS_H9C2_20XH2O_Conf_StageII_PWP1_CellP_2x2_8St_20240606	Measurement 1	Evaluation12	PlateResults_Plate1.txt	Plate1
Plate1R10C04	10	4	1	0	250	4	0		0.4			Instrument	http://harmony-pc.pharmacy.ohio-state.edu/ODA/OdaService.asmx	23a9e7c4-7767-4012-a1ff-aa686ede7679	ZL_SS_H9C2_20XH2O_Conf_StageII_PWP1_CellP_2x2_8St_20240606	Measurement 1	Evaluation12	PlateResults_Plate1.txt	Plate1
Plate1R10C05	10	5	1	0	364	4	0		0.4			Instrument	http://harmony-pc.pharmacy.ohio-state.edu/ODA/OdaService.asmx	23a9e7c4-7767-4012-a1ff-aa686ede7679	ZL_SS_H9C2_20XH2O_Conf_StageII_PWP1_CellP_2x2_8St_20240606	Measurement 1	Evaluation12	PlateResults_Plate1.txt	Plate1
Plate1R10C06	10	6	1	0	313	4	0		0.4			Instrument	http://harmony-pc.pharmacy.ohio-state.edu/ODA/OdaService.asmx	23a9e7c4-7767-4012-a1ff-aa686ede7679	ZL_SS_H9C2_20XH2O_Conf_StageII_PWP1_CellP_2x2_8St_20240606	Measurement 1	Evaluation12	PlateResults_Plate1.txt	Plate1
Plate1R10C07	10	7	1	0	322	4	0		0.4			Instrument	http://harmony-pc.pharmacy.ohio-state.edu/ODA/OdaService.asmx	23a9e7c4-7767-4012-a1ff-aa686ede7679	ZL_SS_H9C2_20XH2O_Conf_StageII_PWP1_CellP_2x2_8St_20240606	Measurement 1	Evaluation12	PlateResults_Plate1.txt	Plate1
Plate1R10C08	10	8	1	0	285	4	0		0.4			Instrument	http://harmony-pc.pharmacy.ohio-state.edu/ODA/OdaService.asmx	23a9e7c4-7767-4012-a1ff-aa686ede7679	ZL_SS_H9C2_20XH2O_Conf_StageII_PWP1_CellP_2x2_8St_20240606	Measurement 1	Evaluation12	PlateResults_Plate1.txt	Plate1
Plate1R10C09	10	9	1	0	382	4	0		0.4			Instrument	http://harmony-pc.pharmacy.ohio-state.edu/ODA/OdaService.asmx	23a9e7c4-7767-4012-a1ff-aa686ede7679	ZL_SS_H9C2_20XH2O_Conf_StageII_PWP1_CellP_2x2_8St_20240606	Measurement 1	Evaluation12	PlateResults_Plate1.txt	Plate1
Plate1R10C10	10	10	1	0	301	4	0		0.4			Instrument	http://harmony-pc.pharmacy.ohio-state.edu/ODA/OdaService.asmx	23a9e7c4-7767-4012-a1ff-aa686ede7679	ZL_SS_H9C2_20XH2O_Conf_StageII_PWP1_CellP_2x2_8St_20240606	Measurement 1	Evaluation12	PlateResults_Plate1.txt	Plate1
Plate1R10C11	10	11	1	0	346	4	0		0.4			Instrument	http://harmony-pc.pharmacy.ohio-state.edu/ODA/OdaService.asmx	23a9e7c4-7767-4012-a1ff-aa686ede7679	ZL_SS_H9C2_20XH2O_Conf_StageII_PWP1_CellP_2x2_8St_20240606	Measurement 1	Evaluation12	PlateResults_Plate1.txt	Plate1
Plate1R10C12	10	12	1	0	297	4	0		0.4			Instrument	http://harmony-pc.pharmacy.ohio-state.edu/ODA/OdaService.asmx	23a9e7c4-7767-4012-a1ff-aa686ede7679	ZL_SS_H9C2_20XH2O_Conf_StageII_PWP1_CellP_2x2_8St_20240606	Measurement 1	Evaluation12	PlateResults_Plate1.txt	Plate1
Plate1R10C13	10	13	1	0	307	4	0		0.4			Instrument	http://harmony-pc.pharmacy.ohio-state.edu/ODA/OdaService.asmx	23a9e7c4-7767-4012-a1ff-aa686ede7679	ZL_SS_H9C2_20XH2O_Conf_StageII_PWP1_CellP_2x2_8St_20240606	Measurement 1	Evaluation12	PlateResults_Plate1.txt	Plate1
Plate1R10C14	10	14	1	0	282	4	0		0.4			Instrument	http://harmony-pc.pharmacy.ohio-state.edu/ODA/OdaService.asmx	23a9e7c4-7767-4012-a1ff-aa686ede7679	ZL_SS_H9C2_20XH2O_Conf_StageII_PWP1_CellP_2x2_8St_20240606	Measurement 1	Evaluation12	PlateResults_Plate1.txt	Plate1
Plate1R10C15	10	15	1	0	277	4	0		0.4			Instrument	http://harmony-pc.pharmacy.ohio-state.edu/ODA/OdaService.asmx	23a9e7c4-7767-4012-a1ff-aa686ede7679	ZL_SS_H9C2_20XH2O_Conf_StageII_PWP1_CellP_2x2_8St_20240606	Measurement 1	Evaluation12	PlateResults_Plate1.txt	Plate1
Plate1R10C16	10	16	1	0	301	4	0		0.4			Instrument	http://harmony-pc.pharmacy.ohio-state.edu/ODA/OdaService.asmx	23a9e7c4-7767-4012-a1ff-aa686ede7679	ZL_SS_H9C2_20XH2O_Conf_StageII_PWP1_CellP_2x2_8St_20240606	Measurement 1	Evaluation12	PlateResults_Plate1.txt	Plate1
Plate1R10C17	10	17	1	0	304	4	0		0.4			Instrument	http://harmony-pc.pharmacy.ohio-state.edu/ODA/OdaService.asmx	23a9e7c4-7767-4012-a1ff-aa686ede7679	ZL_SS_H9C2_20XH2O_Conf_StageII_PWP1_CellP_2x2_8St_20240606	Measurement 1	Evaluation12	PlateResults_Plate1.txt	Plate1
Plate1R10C18	10	18	1	0	250	4	0		0.4			Instrument	http://harmony-pc.pharmacy.ohio-state.edu/ODA/OdaService.asmx	23a9e7c4-7767-4012-a1ff-aa686ede7679	ZL_SS_H9C2_20XH2O_Conf_StageII_PWP1_CellP_2x2_8St_20240606	Measurement 1	Evaluation12	PlateResults_Plate1.txt	Plate1
Plate1R10C19	10	19	1	0	291	4	0		0.4			Instrument	http://harmony-pc.pharmacy.ohio-state.edu/ODA/OdaService.asmx	23a9e7c4-7767-4012-a1ff-aa686ede7679	ZL_SS_H9C2_20XH2O_Conf_StageII_PWP1_CellP_2x2_8St_20240606	Measurement 1	Evaluation12	PlateResults_Plate1.txt	Plate1
Plate1R10C20	10	20	1	0	258	4	0		0.4			Instrument	http://harmony-pc.pharmacy.ohio-state.edu/ODA/OdaService.asmx	23a9e7c4-7767-4012-a1ff-aa686ede7679	ZL_SS_H9C2_20XH2O_Conf_StageII_PWP1_CellP_2x2_8St_20240606	Measurement 1	Evaluation12	PlateResults_Plate1.txt	Plate1
Plate1R10C21	10	21	1	0	157	4	0		0.4			Instrument	http://harmony-pc.pharmacy.ohio-state.edu/ODA/OdaService.asmx	23a9e7c4-7767-4012-a1ff-aa686ede7679	ZL_SS_H9C2_20XH2O_Conf_StageII_PWP1_CellP_2x2_8St_20240606	Measurement 1	Evaluation12	PlateResults_Plate1.txt	Plate1
Plate1R10C22	10	22	1	0	259	4	0		0.4			Instrument	http://harmony-pc.pharmacy.ohio-state.edu/ODA/OdaService.asmx	23a9e7c4-7767-4012-a1ff-aa686ede7679	ZL_SS_H9C2_20XH2O_Conf_StageII_PWP1_CellP_2x2_8St_20240606	Measurement 1	Evaluation12	PlateResults_Plate1.txt	Plate1
Plate1R10C23	10	23	1	0	120	4	0	Cabo	6.66666666666667			Instrument	http://harmony-pc.pharmacy.ohio-state.edu/ODA/OdaService.asmx	23a9e7c4-7767-4012-a1ff-aa686ede7679	ZL_SS_H9C2_20XH2O_Conf_StageII_PWP1_CellP_2x2_8St_20240606	Measurement 1	Evaluation12	PlateResults_Plate1.txt	Plate1
Plate1R10C24	10	24	1	0	101	4	0	Cabo	6.66666666666667			Instrument	http://harmony-pc.pharmacy.ohio-state.edu/ODA/OdaService.asmx	23a9e7c4-7767-4012-a1ff-aa686ede7679	ZL_SS_H9C2_20XH2O_Conf_StageII_PWP1_CellP_2x2_8St_20240606	Measurement 1	Evaluation12	PlateResults_Plate1.txt	Plate1
Plate1R11C01	11	1	1	0	35	4	0	Dacti	0.0444444444444444			Instrument	http://harmony-pc.pharmacy.ohio-state.edu/ODA/OdaService.asmx	23a9e7c4-7767-4012-a1ff-aa686ede7679	ZL_SS_H9C2_20XH2O_Conf_StageII_PWP1_CellP_2x2_8St_20240606	Measurement 1	Evaluation12	PlateResults_Plate1.txt	Plate1
Plate1R11C02	11	2	1	0	34	4	0	Dacti	0.0444444444444444			Instrument	http://harmony-pc.pharmacy.ohio-state.edu/ODA/OdaService.asmx	23a9e7c4-7767-4012-a1ff-aa686ede7679	ZL_SS_H9C2_20XH2O_Conf_StageII_PWP1_CellP_2x2_8St_20240606	Measurement 1	Evaluation12	PlateResults_Plate1.txt	Plate1
Plate1R11C03	11	3	1	0	271	4	0		0.4			Instrument	http://harmony-pc.pharmacy.ohio-state.edu/ODA/OdaService.asmx	23a9e7c4-7767-4012-a1ff-aa686ede7679	ZL_SS_H9C2_20XH2O_Conf_StageII_PWP1_CellP_2x2_8St_20240606	Measurement 1	Evaluation12	PlateResults_Plate1.txt	Plate1
Plate1R11C04	11	4	1	0	355	4	0		0.4			Instrument	http://harmony-pc.pharmacy.ohio-state.edu/ODA/OdaService.asmx	23a9e7c4-7767-4012-a1ff-aa686ede7679	ZL_SS_H9C2_20XH2O_Conf_StageII_PWP1_CellP_2x2_8St_20240606	Measurement 1	Evaluation12	PlateResults_Plate1.txt	Plate1
Plate1R11C05	11	5	1	0	267	4	0		0.4			Instrument	http://harmony-pc.pharmacy.ohio-state.edu/ODA/OdaService.asmx	23a9e7c4-7767-4012-a1ff-aa686ede7679	ZL_SS_H9C2_20XH2O_Conf_StageII_PWP1_CellP_2x2_8St_20240606	Measurement 1	Evaluation12	PlateResults_Plate1.txt	Plate1
Plate1R11C06	11	6	1	0	297	4	0		0.4			Instrument	http://harmony-pc.pharmacy.ohio-state.edu/ODA/OdaService.asmx	23a9e7c4-7767-4012-a1ff-aa686ede7679	ZL_SS_H9C2_20XH2O_Conf_StageII_PWP1_CellP_2x2_8St_20240606	Measurement 1	Evaluation12	PlateResults_Plate1.txt	Plate1
Plate1R11C07	11	7	1	0	301	4	0		0.4			Instrument	http://harmony-pc.pharmacy.ohio-state.edu/ODA/OdaService.asmx	23a9e7c4-7767-4012-a1ff-aa686ede7679	ZL_SS_H9C2_20XH2O_Conf_StageII_PWP1_CellP_2x2_8St_20240606	Measurement 1	Evaluation12	PlateResults_Plate1.txt	Plate1
Plate1R11C08	11	8	1	0	249	4	0		0.4			Instrument	http://harmony-pc.pharmacy.ohio-state.edu/ODA/OdaService.asmx	23a9e7c4-7767-4012-a1ff-aa686ede7679	ZL_SS_H9C2_20XH2O_Conf_StageII_PWP1_CellP_2x2_8St_20240606	Measurement 1	Evaluation12	PlateResults_Plate1.txt	Plate1
Plate1R11C09	11	9	1	0	299	4	0		0.4			Instrument	http://harmony-pc.pharmacy.ohio-state.edu/ODA/OdaService.asmx	23a9e7c4-7767-4012-a1ff-aa686ede7679	ZL_SS_H9C2_20XH2O_Conf_StageII_PWP1_CellP_2x2_8St_20240606	Measurement 1	Evaluation12	PlateResults_Plate1.txt	Plate1
Plate1R11C10	11	10	1	0	322	4	0		0.4			Instrument	http://harmony-pc.pharmacy.ohio-state.edu/ODA/OdaService.asmx	23a9e7c4-7767-4012-a1ff-aa686ede7679	ZL_SS_H9C2_20XH2O_Conf_StageII_PWP1_CellP_2x2_8St_20240606	Measurement 1	Evaluation12	PlateResults_Plate1.txt	Plate1
Plate1R11C11	11	11	1	0	320	4	0		0.4			Instrument	http://harmony-pc.pharmacy.ohio-state.edu/ODA/OdaService.asmx	23a9e7c4-7767-4012-a1ff-aa686ede7679	ZL_SS_H9C2_20XH2O_Conf_StageII_PWP1_CellP_2x2_8St_20240606	Measurement 1	Evaluation12	PlateResults_Plate1.txt	Plate1
Plate1R11C12	11	12	1	0	302	4	0		0.4			Instrument	http://harmony-pc.pharmacy.ohio-state.edu/ODA/OdaService.asmx	23a9e7c4-7767-4012-a1ff-aa686ede7679	ZL_SS_H9C2_20XH2O_Conf_StageII_PWP1_CellP_2x2_8St_20240606	Measurement 1	Evaluation12	PlateResults_Plate1.txt	Plate1
Plate1R11C13	11	13	1	0	252	4	0		0.4			Instrument	http://harmony-pc.pharmacy.ohio-state.edu/ODA/OdaService.asmx	23a9e7c4-7767-4012-a1ff-aa686ede7679	ZL_SS_H9C2_20XH2O_Conf_StageII_PWP1_CellP_2x2_8St_20240606	Measurement 1	Evaluation12	PlateResults_Plate1.txt	Plate1
Plate1R11C14	11	14	1	0	256	4	0		0.4			Instrument	http://harmony-pc.pharmacy.ohio-state.edu/ODA/OdaService.asmx	23a9e7c4-7767-4012-a1ff-aa686ede7679	ZL_SS_H9C2_20XH2O_Conf_StageII_PWP1_CellP_2x2_8St_20240606	Measurement 1	Evaluation12	PlateResults_Plate1.txt	Plate1
Plate1R11C15	11	15	1	0	254	4	0		0.4			Instrument	http://harmony-pc.pharmacy.ohio-state.edu/ODA/OdaService.asmx	23a9e7c4-7767-4012-a1ff-aa686ede7679	ZL_SS_H9C2_20XH2O_Conf_StageII_PWP1_CellP_2x2_8St_20240606	Measurement 1	Evaluation12	PlateResults_Plate1.txt	Plate1
Plate1R11C16	11	16	1	0	322	4	0		0.4			Instrument	http://harmony-pc.pharmacy.ohio-state.edu/ODA/OdaService.asmx	23a9e7c4-7767-4012-a1ff-aa686ede7679	ZL_SS_H9C2_20XH2O_Conf_StageII_PWP1_CellP_2x2_8St_20240606	Measurement 1	Evaluation12	PlateResults_Plate1.txt	Plate1
Plate1R11C17	11	17	1	0	292	4	0		0.4			Instrument	http://harmony-pc.pharmacy.ohio-state.edu/ODA/OdaService.asmx	23a9e7c4-7767-4012-a1ff-aa686ede7679	ZL_SS_H9C2_20XH2O_Conf_StageII_PWP1_CellP_2x2_8St_20240606	Measurement 1	Evaluation12	PlateResults_Plate1.txt	Plate1
Plate1R11C18	11	18	1	0	278	4	0		0.4			Instrument	http://harmony-pc.pharmacy.ohio-state.edu/ODA/OdaService.asmx	23a9e7c4-7767-4012-a1ff-aa686ede7679	ZL_SS_H9C2_20XH2O_Conf_StageII_PWP1_CellP_2x2_8St_20240606	Measurement 1	Evaluation12	PlateResults_Plate1.txt	Plate1
Plate1R11C19	11	19	1	0	323	4	0		0.4			Instrument	http://harmony-pc.pharmacy.ohio-state.edu/ODA/OdaService.asmx	23a9e7c4-7767-4012-a1ff-aa686ede7679	ZL_SS_H9C2_20XH2O_Conf_StageII_PWP1_CellP_2x2_8St_20240606	Measurement 1	Evaluation12	PlateResults_Plate1.txt	Plate1
Plate1R11C20	11	20	1	0	291	4	0		0.4			Instrument	http://harmony-pc.pharmacy.ohio-state.edu/ODA/OdaService.asmx	23a9e7c4-7767-4012-a1ff-aa686ede7679	ZL_SS_H9C2_20XH2O_Conf_StageII_PWP1_CellP_2x2_8St_20240606	Measurement 1	Evaluation12	PlateResults_Plate1.txt	Plate1
Plate1R11C21	11	21	1	0	289	4	0		0.4			Instrument	http://harmony-pc.pharmacy.ohio-state.edu/ODA/OdaService.asmx	23a9e7c4-7767-4012-a1ff-aa686ede7679	ZL_SS_H9C2_20XH2O_Conf_StageII_PWP1_CellP_2x2_8St_20240606	Measurement 1	Evaluation12	PlateResults_Plate1.txt	Plate1
Plate1R11C22	11	22	1	0	292	4	0		0.4			Instrument	http://harmony-pc.pharmacy.ohio-state.edu/ODA/OdaService.asmx	23a9e7c4-7767-4012-a1ff-aa686ede7679	ZL_SS_H9C2_20XH2O_Conf_StageII_PWP1_CellP_2x2_8St_20240606	Measurement 1	Evaluation12	PlateResults_Plate1.txt	Plate1
Plate1R11C23	11	23	1	0	192	4	0	Cabo	2.22222222222222			Instrument	http://harmony-pc.pharmacy.ohio-state.edu/ODA/OdaService.asmx	23a9e7c4-7767-4012-a1ff-aa686ede7679	ZL_SS_H9C2_20XH2O_Conf_StageII_PWP1_CellP_2x2_8St_20240606	Measurement 1	Evaluation12	PlateResults_Plate1.txt	Plate1
Plate1R11C24	11	24	1	0	197	4	0	Cabo	2.22222222222222			Instrument	http://harmony-pc.pharmacy.ohio-state.edu/ODA/OdaService.asmx	23a9e7c4-7767-4012-a1ff-aa686ede7679	ZL_SS_H9C2_20XH2O_Conf_StageII_PWP1_CellP_2x2_8St_20240606	Measurement 1	Evaluation12	PlateResults_Plate1.txt	Plate1
Plate1R12C01	12	1	1	0	30	4	0	Dacti	0.0148148148148148			Instrument	http://harmony-pc.pharmacy.ohio-state.edu/ODA/OdaService.asmx	23a9e7c4-7767-4012-a1ff-aa686ede7679	ZL_SS_H9C2_20XH2O_Conf_StageII_PWP1_CellP_2x2_8St_20240606	Measurement 1	Evaluation12	PlateResults_Plate1.txt	Plate1
Plate1R12C02	12	2	1	0	47	4	0	Dacti	0.0148148148148148			Instrument	http://harmony-pc.pharmacy.ohio-state.edu/ODA/OdaService.asmx	23a9e7c4-7767-4012-a1ff-aa686ede7679	ZL_SS_H9C2_20XH2O_Conf_StageII_PWP1_CellP_2x2_8St_20240606	Measurement 1	Evaluation12	PlateResults_Plate1.txt	Plate1
Plate1R12C03	12	3	1	0	312	4	0		0.4			Instrument	http://harmony-pc.pharmacy.ohio-state.edu/ODA/OdaService.asmx	23a9e7c4-7767-4012-a1ff-aa686ede7679	ZL_SS_H9C2_20XH2O_Conf_StageII_PWP1_CellP_2x2_8St_20240606	Measurement 1	Evaluation12	PlateResults_Plate1.txt	Plate1
Plate1R12C04	12	4	1	0	305	4	0		0.4			Instrument	http://harmony-pc.pharmacy.ohio-state.edu/ODA/OdaService.asmx	23a9e7c4-7767-4012-a1ff-aa686ede7679	ZL_SS_H9C2_20XH2O_Conf_StageII_PWP1_CellP_2x2_8St_20240606	Measurement 1	Evaluation12	PlateResults_Plate1.txt	Plate1
Plate1R12C05	12	5	1	0	394	4	0		0.4			Instrument	http://harmony-pc.pharmacy.ohio-state.edu/ODA/OdaService.asmx	23a9e7c4-7767-4012-a1ff-aa686ede7679	ZL_SS_H9C2_20XH2O_Conf_StageII_PWP1_CellP_2x2_8St_20240606	Measurement 1	Evaluation12	PlateResults_Plate1.txt	Plate1
Plate1R12C06	12	6	1	0	262	4	0		0.4			Instrument	http://harmony-pc.pharmacy.ohio-state.edu/ODA/OdaService.asmx	23a9e7c4-7767-4012-a1ff-aa686ede7679	ZL_SS_H9C2_20XH2O_Conf_StageII_PWP1_CellP_2x2_8St_20240606	Measurement 1	Evaluation12	PlateResults_Plate1.txt	Plate1
Plate1R12C07	12	7	1	0	267	4	0		0.4			Instrument	http://harmony-pc.pharmacy.ohio-state.edu/ODA/OdaService.asmx	23a9e7c4-7767-4012-a1ff-aa686ede7679	ZL_SS_H9C2_20XH2O_Conf_StageII_PWP1_CellP_2x2_8St_20240606	Measurement 1	Evaluation12	PlateResults_Plate1.txt	Plate1
Plate1R12C08	12	8	1	0	315	4	0		0.4			Instrument	http://harmony-pc.pharmacy.ohio-state.edu/ODA/OdaService.asmx	23a9e7c4-7767-4012-a1ff-aa686ede7679	ZL_SS_H9C2_20XH2O_Conf_StageII_PWP1_CellP_2x2_8St_20240606	Measurement 1	Evaluation12	PlateResults_Plate1.txt	Plate1
Plate1R12C09	12	9	1	0	290	4	0		0.4			Instrument	http://harmony-pc.pharmacy.ohio-state.edu/ODA/OdaService.asmx	23a9e7c4-7767-4012-a1ff-aa686ede7679	ZL_SS_H9C2_20XH2O_Conf_StageII_PWP1_CellP_2x2_8St_20240606	Measurement 1	Evaluation12	PlateResults_Plate1.txt	Plate1
Plate1R12C10	12	10	1	0	325	4	0		0.4			Instrument	http://harmony-pc.pharmacy.ohio-state.edu/ODA/OdaService.asmx	23a9e7c4-7767-4012-a1ff-aa686ede7679	ZL_SS_H9C2_20XH2O_Conf_StageII_PWP1_CellP_2x2_8St_20240606	Measurement 1	Evaluation12	PlateResults_Plate1.txt	Plate1
Plate1R12C11	12	11	1	0	336	4	0		0.4			Instrument	http://harmony-pc.pharmacy.ohio-state.edu/ODA/OdaService.asmx	23a9e7c4-7767-4012-a1ff-aa686ede7679	ZL_SS_H9C2_20XH2O_Conf_StageII_PWP1_CellP_2x2_8St_20240606	Measurement 1	Evaluation12	PlateResults_Plate1.txt	Plate1
Plate1R12C12	12	12	1	0	262	4	0		0.4			Instrument	http://harmony-pc.pharmacy.ohio-state.edu/ODA/OdaService.asmx	23a9e7c4-7767-4012-a1ff-aa686ede7679	ZL_SS_H9C2_20XH2O_Conf_StageII_PWP1_CellP_2x2_8St_20240606	Measurement 1	Evaluation12	PlateResults_Plate1.txt	Plate1
Plate1R12C13	12	13	1	0	320	4	0		0.4			Instrument	http://harmony-pc.pharmacy.ohio-state.edu/ODA/OdaService.asmx	23a9e7c4-7767-4012-a1ff-aa686ede7679	ZL_SS_H9C2_20XH2O_Conf_StageII_PWP1_CellP_2x2_8St_20240606	Measurement 1	Evaluation12	PlateResults_Plate1.txt	Plate1
Plate1R12C14	12	14	1	0	322	4	0		0.4			Instrument	http://harmony-pc.pharmacy.ohio-state.edu/ODA/OdaService.asmx	23a9e7c4-7767-4012-a1ff-aa686ede7679	ZL_SS_H9C2_20XH2O_Conf_StageII_PWP1_CellP_2x2_8St_20240606	Measurement 1	Evaluation12	PlateResults_Plate1.txt	Plate1
Plate1R12C15	12	15	1	0	169	4	0		0.4			Instrument	http://harmony-pc.pharmacy.ohio-state.edu/ODA/OdaService.asmx	23a9e7c4-7767-4012-a1ff-aa686ede7679	ZL_SS_H9C2_20XH2O_Conf_StageII_PWP1_CellP_2x2_8St_20240606	Measurement 1	Evaluation12	PlateResults_Plate1.txt	Plate1
Plate1R12C16	12	16	1	0	237	4	0		0.4			Instrument	http://harmony-pc.pharmacy.ohio-state.edu/ODA/OdaService.asmx	23a9e7c4-7767-4012-a1ff-aa686ede7679	ZL_SS_H9C2_20XH2O_Conf_StageII_PWP1_CellP_2x2_8St_20240606	Measurement 1	Evaluation12	PlateResults_Plate1.txt	Plate1
Plate1R12C17	12	17	1	0	305	4	0		0.4			Instrument	http://harmony-pc.pharmacy.ohio-state.edu/ODA/OdaService.asmx	23a9e7c4-7767-4012-a1ff-aa686ede7679	ZL_SS_H9C2_20XH2O_Conf_StageII_PWP1_CellP_2x2_8St_20240606	Measurement 1	Evaluation12	PlateResults_Plate1.txt	Plate1
Plate1R12C18	12	18	1	0	328	4	0		0.4			Instrument	http://harmony-pc.pharmacy.ohio-state.edu/ODA/OdaService.asmx	23a9e7c4-7767-4012-a1ff-aa686ede7679	ZL_SS_H9C2_20XH2O_Conf_StageII_PWP1_CellP_2x2_8St_20240606	Measurement 1	Evaluation12	PlateResults_Plate1.txt	Plate1
Plate1R12C19	12	19	1	0	299	4	0		0.4			Instrument	http://harmony-pc.pharmacy.ohio-state.edu/ODA/OdaService.asmx	23a9e7c4-7767-4012-a1ff-aa686ede7679	ZL_SS_H9C2_20XH2O_Conf_StageII_PWP1_CellP_2x2_8St_20240606	Measurement 1	Evaluation12	PlateResults_Plate1.txt	Plate1
Plate1R12C20	12	20	1	0	300	4	0		0.4			Instrument	http://harmony-pc.pharmacy.ohio-state.edu/ODA/OdaService.asmx	23a9e7c4-7767-4012-a1ff-aa686ede7679	ZL_SS_H9C2_20XH2O_Conf_StageII_PWP1_CellP_2x2_8St_20240606	Measurement 1	Evaluation12	PlateResults_Plate1.txt	Plate1
Plate1R12C21	12	21	1	0	295	4	0		0.4			Instrument	http://harmony-pc.pharmacy.ohio-state.edu/ODA/OdaService.asmx	23a9e7c4-7767-4012-a1ff-aa686ede7679	ZL_SS_H9C2_20XH2O_Conf_StageII_PWP1_CellP_2x2_8St_20240606	Measurement 1	Evaluation12	PlateResults_Plate1.txt	Plate1
Plate1R12C22	12	22	1	0	312	4	0		0.4			Instrument	http://harmony-pc.pharmacy.ohio-state.edu/ODA/OdaService.asmx	23a9e7c4-7767-4012-a1ff-aa686ede7679	ZL_SS_H9C2_20XH2O_Conf_StageII_PWP1_CellP_2x2_8St_20240606	Measurement 1	Evaluation12	PlateResults_Plate1.txt	Plate1
Plate1R12C23	12	23	1	0	171	4	0	Cabo	0.740740740740741			Instrument	http://harmony-pc.pharmacy.ohio-state.edu/ODA/OdaService.asmx	23a9e7c4-7767-4012-a1ff-aa686ede7679	ZL_SS_H9C2_20XH2O_Conf_StageII_PWP1_CellP_2x2_8St_20240606	Measurement 1	Evaluation12	PlateResults_Plate1.txt	Plate1
Plate1R12C24	12	24	1	0	140	4	0	Cabo	0.740740740740741			Instrument	http://harmony-pc.pharmacy.ohio-state.edu/ODA/OdaService.asmx	23a9e7c4-7767-4012-a1ff-aa686ede7679	ZL_SS_H9C2_20XH2O_Conf_StageII_PWP1_CellP_2x2_8St_20240606	Measurement 1	Evaluation12	PlateResults_Plate1.txt	Plate1
Plate1R13C01	13	1	1	0	37	4	0	Dacti	0.00493827160493827			Instrument	http://harmony-pc.pharmacy.ohio-state.edu/ODA/OdaService.asmx	23a9e7c4-7767-4012-a1ff-aa686ede7679	ZL_SS_H9C2_20XH2O_Conf_StageII_PWP1_CellP_2x2_8St_20240606	Measurement 1	Evaluation12	PlateResults_Plate1.txt	Plate1
Plate1R13C02	13	2	1	0	45	4	0	Dacti	0.00493827160493827			Instrument	http://harmony-pc.pharmacy.ohio-state.edu/ODA/OdaService.asmx	23a9e7c4-7767-4012-a1ff-aa686ede7679	ZL_SS_H9C2_20XH2O_Conf_StageII_PWP1_CellP_2x2_8St_20240606	Measurement 1	Evaluation12	PlateResults_Plate1.txt	Plate1
Plate1R13C03	13	3	1	0	256	4	0		0.4			Instrument	http://harmony-pc.pharmacy.ohio-state.edu/ODA/OdaService.asmx	23a9e7c4-7767-4012-a1ff-aa686ede7679	ZL_SS_H9C2_20XH2O_Conf_StageII_PWP1_CellP_2x2_8St_20240606	Measurement 1	Evaluation12	PlateResults_Plate1.txt	Plate1
Plate1R13C04	13	4	1	0	231	4	0		0.4			Instrument	http://harmony-pc.pharmacy.ohio-state.edu/ODA/OdaService.asmx	23a9e7c4-7767-4012-a1ff-aa686ede7679	ZL_SS_H9C2_20XH2O_Conf_StageII_PWP1_CellP_2x2_8St_20240606	Measurement 1	Evaluation12	PlateResults_Plate1.txt	Plate1
Plate1R13C05	13	5	1	0	326	4	0		0.4			Instrument	http://harmony-pc.pharmacy.ohio-state.edu/ODA/OdaService.asmx	23a9e7c4-7767-4012-a1ff-aa686ede7679	ZL_SS_H9C2_20XH2O_Conf_StageII_PWP1_CellP_2x2_8St_20240606	Measurement 1	Evaluation12	PlateResults_Plate1.txt	Plate1
Plate1R13C06	13	6	1	0	306	4	0		0.4			Instrument	http://harmony-pc.pharmacy.ohio-state.edu/ODA/OdaService.asmx	23a9e7c4-7767-4012-a1ff-aa686ede7679	ZL_SS_H9C2_20XH2O_Conf_StageII_PWP1_CellP_2x2_8St_20240606	Measurement 1	Evaluation12	PlateResults_Plate1.txt	Plate1
Plate1R13C07	13	7	1	0	265	4	0		0.4			Instrument	http://harmony-pc.pharmacy.ohio-state.edu/ODA/OdaService.asmx	23a9e7c4-7767-4012-a1ff-aa686ede7679	ZL_SS_H9C2_20XH2O_Conf_StageII_PWP1_CellP_2x2_8St_20240606	Measurement 1	Evaluation12	PlateResults_Plate1.txt	Plate1
Plate1R13C08	13	8	1	0	232	4	0		0.4			Instrument	http://harmony-pc.pharmacy.ohio-state.edu/ODA/OdaService.asmx	23a9e7c4-7767-4012-a1ff-aa686ede7679	ZL_SS_H9C2_20XH2O_Conf_StageII_PWP1_CellP_2x2_8St_20240606	Measurement 1	Evaluation12	PlateResults_Plate1.txt	Plate1
Plate1R13C09	13	9	1	0	278	4	0		0.4			Instrument	http://harmony-pc.pharmacy.ohio-state.edu/ODA/OdaService.asmx	23a9e7c4-7767-4012-a1ff-aa686ede7679	ZL_SS_H9C2_20XH2O_Conf_StageII_PWP1_CellP_2x2_8St_20240606	Measurement 1	Evaluation12	PlateResults_Plate1.txt	Plate1
Plate1R13C10	13	10	1	0	250	4	0		0.4			Instrument	http://harmony-pc.pharmacy.ohio-state.edu/ODA/OdaService.asmx	23a9e7c4-7767-4012-a1ff-aa686ede7679	ZL_SS_H9C2_20XH2O_Conf_StageII_PWP1_CellP_2x2_8St_20240606	Measurement 1	Evaluation12	PlateResults_Plate1.txt	Plate1
Plate1R13C11	13	11	1	0	248	4	0		0.4			Instrument	http://harmony-pc.pharmacy.ohio-state.edu/ODA/OdaService.asmx	23a9e7c4-7767-4012-a1ff-aa686ede7679	ZL_SS_H9C2_20XH2O_Conf_StageII_PWP1_CellP_2x2_8St_20240606	Measurement 1	Evaluation12	PlateResults_Plate1.txt	Plate1
Plate1R13C12	13	12	1	0	265	4	0		0.4			Instrument	http://harmony-pc.pharmacy.ohio-state.edu/ODA/OdaService.asmx	23a9e7c4-7767-4012-a1ff-aa686ede7679	ZL_SS_H9C2_20XH2O_Conf_StageII_PWP1_CellP_2x2_8St_20240606	Measurement 1	Evaluation12	PlateResults_Plate1.txt	Plate1
Plate1R13C13	13	13	1	0	269	4	0		0.4			Instrument	http://harmony-pc.pharmacy.ohio-state.edu/ODA/OdaService.asmx	23a9e7c4-7767-4012-a1ff-aa686ede7679	ZL_SS_H9C2_20XH2O_Conf_StageII_PWP1_CellP_2x2_8St_20240606	Measurement 1	Evaluation12	PlateResults_Plate1.txt	Plate1
Plate1R13C14	13	14	1	0	267	4	0		0.4			Instrument	http://harmony-pc.pharmacy.ohio-state.edu/ODA/OdaService.asmx	23a9e7c4-7767-4012-a1ff-aa686ede7679	ZL_SS_H9C2_20XH2O_Conf_StageII_PWP1_CellP_2x2_8St_20240606	Measurement 1	Evaluation12	PlateResults_Plate1.txt	Plate1
Plate1R13C15	13	15	1	0	244	4	0		0.4			Instrument	http://harmony-pc.pharmacy.ohio-state.edu/ODA/OdaService.asmx	23a9e7c4-7767-4012-a1ff-aa686ede7679	ZL_SS_H9C2_20XH2O_Conf_StageII_PWP1_CellP_2x2_8St_20240606	Measurement 1	Evaluation12	PlateResults_Plate1.txt	Plate1
Plate1R13C16	13	16	1	0	280	4	0		0.4			Instrument	http://harmony-pc.pharmacy.ohio-state.edu/ODA/OdaService.asmx	23a9e7c4-7767-4012-a1ff-aa686ede7679	ZL_SS_H9C2_20XH2O_Conf_StageII_PWP1_CellP_2x2_8St_20240606	Measurement 1	Evaluation12	PlateResults_Plate1.txt	Plate1
Plate1R13C17	13	17	1	0	305	4	0		0.4			Instrument	http://harmony-pc.pharmacy.ohio-state.edu/ODA/OdaService.asmx	23a9e7c4-7767-4012-a1ff-aa686ede7679	ZL_SS_H9C2_20XH2O_Conf_StageII_PWP1_CellP_2x2_8St_20240606	Measurement 1	Evaluation12	PlateResults_Plate1.txt	Plate1
Plate1R13C18	13	18	1	0	276	4	0		0.4			Instrument	http://harmony-pc.pharmacy.ohio-state.edu/ODA/OdaService.asmx	23a9e7c4-7767-4012-a1ff-aa686ede7679	ZL_SS_H9C2_20XH2O_Conf_StageII_PWP1_CellP_2x2_8St_20240606	Measurement 1	Evaluation12	PlateResults_Plate1.txt	Plate1
Plate1R13C19	13	19	1	0	265	4	0		0.4			Instrument	http://harmony-pc.pharmacy.ohio-state.edu/ODA/OdaService.asmx	23a9e7c4-7767-4012-a1ff-aa686ede7679	ZL_SS_H9C2_20XH2O_Conf_StageII_PWP1_CellP_2x2_8St_20240606	Measurement 1	Evaluation12	PlateResults_Plate1.txt	Plate1
Plate1R13C20	13	20	1	0	238	4	0		0.4			Instrument	http://harmony-pc.pharmacy.ohio-state.edu/ODA/OdaService.asmx	23a9e7c4-7767-4012-a1ff-aa686ede7679	ZL_SS_H9C2_20XH2O_Conf_StageII_PWP1_CellP_2x2_8St_20240606	Measurement 1	Evaluation12	PlateResults_Plate1.txt	Plate1
Plate1R13C21	13	21	1	0	225	4	0		0.4			Instrument	http://harmony-pc.pharmacy.ohio-state.edu/ODA/OdaService.asmx	23a9e7c4-7767-4012-a1ff-aa686ede7679	ZL_SS_H9C2_20XH2O_Conf_StageII_PWP1_CellP_2x2_8St_20240606	Measurement 1	Evaluation12	PlateResults_Plate1.txt	Plate1
Plate1R13C22	13	22	1	0	263	4	0		0.4			Instrument	http://harmony-pc.pharmacy.ohio-state.edu/ODA/OdaService.asmx	23a9e7c4-7767-4012-a1ff-aa686ede7679	ZL_SS_H9C2_20XH2O_Conf_StageII_PWP1_CellP_2x2_8St_20240606	Measurement 1	Evaluation12	PlateResults_Plate1.txt	Plate1
Plate1R13C23	13	23	1	0	178	4	0	Cabo	0.246913580246914			Instrument	http://harmony-pc.pharmacy.ohio-state.edu/ODA/OdaService.asmx	23a9e7c4-7767-4012-a1ff-aa686ede7679	ZL_SS_H9C2_20XH2O_Conf_StageII_PWP1_CellP_2x2_8St_20240606	Measurement 1	Evaluation12	PlateResults_Plate1.txt	Plate1
Plate1R13C24	13	24	1	0	155	4	0	Cabo	0.246913580246914			Instrument	http://harmony-pc.pharmacy.ohio-state.edu/ODA/OdaService.asmx	23a9e7c4-7767-4012-a1ff-aa686ede7679	ZL_SS_H9C2_20XH2O_Conf_StageII_PWP1_CellP_2x2_8St_20240606	Measurement 1	Evaluation12	PlateResults_Plate1.txt	Plate1
Plate1R14C01	14	1	1	0	93	4	0	Dacti	0.00164609053497942			Instrument	http://harmony-pc.pharmacy.ohio-state.edu/ODA/OdaService.asmx	23a9e7c4-7767-4012-a1ff-aa686ede7679	ZL_SS_H9C2_20XH2O_Conf_StageII_PWP1_CellP_2x2_8St_20240606	Measurement 1	Evaluation12	PlateResults_Plate1.txt	Plate1
Plate1R14C02	14	2	1	0	130	4	0	Dacti	0.00164609053497942			Instrument	http://harmony-pc.pharmacy.ohio-state.edu/ODA/OdaService.asmx	23a9e7c4-7767-4012-a1ff-aa686ede7679	ZL_SS_H9C2_20XH2O_Conf_StageII_PWP1_CellP_2x2_8St_20240606	Measurement 1	Evaluation12	PlateResults_Plate1.txt	Plate1
Plate1R14C03	14	3	1	0	253	4	0		0.4			Instrument	http://harmony-pc.pharmacy.ohio-state.edu/ODA/OdaService.asmx	23a9e7c4-7767-4012-a1ff-aa686ede7679	ZL_SS_H9C2_20XH2O_Conf_StageII_PWP1_CellP_2x2_8St_20240606	Measurement 1	Evaluation12	PlateResults_Plate1.txt	Plate1
Plate1R14C04	14	4	1	0	278	4	0		0.4			Instrument	http://harmony-pc.pharmacy.ohio-state.edu/ODA/OdaService.asmx	23a9e7c4-7767-4012-a1ff-aa686ede7679	ZL_SS_H9C2_20XH2O_Conf_StageII_PWP1_CellP_2x2_8St_20240606	Measurement 1	Evaluation12	PlateResults_Plate1.txt	Plate1
Plate1R14C05	14	5	1	0	219	4	0		0.4			Instrument	http://harmony-pc.pharmacy.ohio-state.edu/ODA/OdaService.asmx	23a9e7c4-7767-4012-a1ff-aa686ede7679	ZL_SS_H9C2_20XH2O_Conf_StageII_PWP1_CellP_2x2_8St_20240606	Measurement 1	Evaluation12	PlateResults_Plate1.txt	Plate1
Plate1R14C06	14	6	1	0	290	4	0		0.4			Instrument	http://harmony-pc.pharmacy.ohio-state.edu/ODA/OdaService.asmx	23a9e7c4-7767-4012-a1ff-aa686ede7679	ZL_SS_H9C2_20XH2O_Conf_StageII_PWP1_CellP_2x2_8St_20240606	Measurement 1	Evaluation12	PlateResults_Plate1.txt	Plate1
Plate1R14C07	14	7	1	0	322	4	0		0.4			Instrument	http://harmony-pc.pharmacy.ohio-state.edu/ODA/OdaService.asmx	23a9e7c4-7767-4012-a1ff-aa686ede7679	ZL_SS_H9C2_20XH2O_Conf_StageII_PWP1_CellP_2x2_8St_20240606	Measurement 1	Evaluation12	PlateResults_Plate1.txt	Plate1
Plate1R14C08	14	8	1	0	269	4	0		0.4			Instrument	http://harmony-pc.pharmacy.ohio-state.edu/ODA/OdaService.asmx	23a9e7c4-7767-4012-a1ff-aa686ede7679	ZL_SS_H9C2_20XH2O_Conf_StageII_PWP1_CellP_2x2_8St_20240606	Measurement 1	Evaluation12	PlateResults_Plate1.txt	Plate1
Plate1R14C09	14	9	1	0	311	4	0		0.4			Instrument	http://harmony-pc.pharmacy.ohio-state.edu/ODA/OdaService.asmx	23a9e7c4-7767-4012-a1ff-aa686ede7679	ZL_SS_H9C2_20XH2O_Conf_StageII_PWP1_CellP_2x2_8St_20240606	Measurement 1	Evaluation12	PlateResults_Plate1.txt	Plate1
Plate1R14C10	14	10	1	0	255	4	0		0.4			Instrument	http://harmony-pc.pharmacy.ohio-state.edu/ODA/OdaService.asmx	23a9e7c4-7767-4012-a1ff-aa686ede7679	ZL_SS_H9C2_20XH2O_Conf_StageII_PWP1_CellP_2x2_8St_20240606	Measurement 1	Evaluation12	PlateResults_Plate1.txt	Plate1
Plate1R14C11	14	11	1	0	299	4	0		0.4			Instrument	http://harmony-pc.pharmacy.ohio-state.edu/ODA/OdaService.asmx	23a9e7c4-7767-4012-a1ff-aa686ede7679	ZL_SS_H9C2_20XH2O_Conf_StageII_PWP1_CellP_2x2_8St_20240606	Measurement 1	Evaluation12	PlateResults_Plate1.txt	Plate1
Plate1R14C12	14	12	1	0	256	4	0		0.4			Instrument	http://harmony-pc.pharmacy.ohio-state.edu/ODA/OdaService.asmx	23a9e7c4-7767-4012-a1ff-aa686ede7679	ZL_SS_H9C2_20XH2O_Conf_StageII_PWP1_CellP_2x2_8St_20240606	Measurement 1	Evaluation12	PlateResults_Plate1.txt	Plate1
Plate1R14C13	14	13	1	0	218	4	0		0.4			Instrument	http://harmony-pc.pharmacy.ohio-state.edu/ODA/OdaService.asmx	23a9e7c4-7767-4012-a1ff-aa686ede7679	ZL_SS_H9C2_20XH2O_Conf_StageII_PWP1_CellP_2x2_8St_20240606	Measurement 1	Evaluation12	PlateResults_Plate1.txt	Plate1
Plate1R14C14	14	14	1	0	213	4	0		0.4			Instrument	http://harmony-pc.pharmacy.ohio-state.edu/ODA/OdaService.asmx	23a9e7c4-7767-4012-a1ff-aa686ede7679	ZL_SS_H9C2_20XH2O_Conf_StageII_PWP1_CellP_2x2_8St_20240606	Measurement 1	Evaluation12	PlateResults_Plate1.txt	Plate1
Plate1R14C15	14	15	1	0	222	4	0		0.4			Instrument	http://harmony-pc.pharmacy.ohio-state.edu/ODA/OdaService.asmx	23a9e7c4-7767-4012-a1ff-aa686ede7679	ZL_SS_H9C2_20XH2O_Conf_StageII_PWP1_CellP_2x2_8St_20240606	Measurement 1	Evaluation12	PlateResults_Plate1.txt	Plate1
Plate1R14C16	14	16	1	0	295	4	0		0.4			Instrument	http://harmony-pc.pharmacy.ohio-state.edu/ODA/OdaService.asmx	23a9e7c4-7767-4012-a1ff-aa686ede7679	ZL_SS_H9C2_20XH2O_Conf_StageII_PWP1_CellP_2x2_8St_20240606	Measurement 1	Evaluation12	PlateResults_Plate1.txt	Plate1
Plate1R14C17	14	17	1	0	279	4	0		0.4			Instrument	http://harmony-pc.pharmacy.ohio-state.edu/ODA/OdaService.asmx	23a9e7c4-7767-4012-a1ff-aa686ede7679	ZL_SS_H9C2_20XH2O_Conf_StageII_PWP1_CellP_2x2_8St_20240606	Measurement 1	Evaluation12	PlateResults_Plate1.txt	Plate1
Plate1R14C18	14	18	1	0	222	4	0		0.4			Instrument	http://harmony-pc.pharmacy.ohio-state.edu/ODA/OdaService.asmx	23a9e7c4-7767-4012-a1ff-aa686ede7679	ZL_SS_H9C2_20XH2O_Conf_StageII_PWP1_CellP_2x2_8St_20240606	Measurement 1	Evaluation12	PlateResults_Plate1.txt	Plate1
Plate1R14C19	14	19	1	0	229	4	0		0.4			Instrument	http://harmony-pc.pharmacy.ohio-state.edu/ODA/OdaService.asmx	23a9e7c4-7767-4012-a1ff-aa686ede7679	ZL_SS_H9C2_20XH2O_Conf_StageII_PWP1_CellP_2x2_8St_20240606	Measurement 1	Evaluation12	PlateResults_Plate1.txt	Plate1
Plate1R14C20	14	20	1	0	242	4	0		0.4			Instrument	http://harmony-pc.pharmacy.ohio-state.edu/ODA/OdaService.asmx	23a9e7c4-7767-4012-a1ff-aa686ede7679	ZL_SS_H9C2_20XH2O_Conf_StageII_PWP1_CellP_2x2_8St_20240606	Measurement 1	Evaluation12	PlateResults_Plate1.txt	Plate1
Plate1R14C21	14	21	1	0	311	4	0		0.4			Instrument	http://harmony-pc.pharmacy.ohio-state.edu/ODA/OdaService.asmx	23a9e7c4-7767-4012-a1ff-aa686ede7679	ZL_SS_H9C2_20XH2O_Conf_StageII_PWP1_CellP_2x2_8St_20240606	Measurement 1	Evaluation12	PlateResults_Plate1.txt	Plate1
Plate1R14C22	14	22	1	0	232	4	0		0.4			Instrument	http://harmony-pc.pharmacy.ohio-state.edu/ODA/OdaService.asmx	23a9e7c4-7767-4012-a1ff-aa686ede7679	ZL_SS_H9C2_20XH2O_Conf_StageII_PWP1_CellP_2x2_8St_20240606	Measurement 1	Evaluation12	PlateResults_Plate1.txt	Plate1
Plate1R14C23	14	23	1	0	243	4	0	Cabo	0.0823045267489712			Instrument	http://harmony-pc.pharmacy.ohio-state.edu/ODA/OdaService.asmx	23a9e7c4-7767-4012-a1ff-aa686ede7679	ZL_SS_H9C2_20XH2O_Conf_StageII_PWP1_CellP_2x2_8St_20240606	Measurement 1	Evaluation12	PlateResults_Plate1.txt	Plate1
Plate1R14C24	14	24	1	0	209	4	0	Cabo	0.0823045267489712			Instrument	http://harmony-pc.pharmacy.ohio-state.edu/ODA/OdaService.asmx	23a9e7c4-7767-4012-a1ff-aa686ede7679	ZL_SS_H9C2_20XH2O_Conf_StageII_PWP1_CellP_2x2_8St_20240606	Measurement 1	Evaluation12	PlateResults_Plate1.txt	Plate1
Plate1R15C01	15	1	1	0	124	4	0	Dacti	5.4869684499314e-4			Instrument	http://harmony-pc.pharmacy.ohio-state.edu/ODA/OdaService.asmx	23a9e7c4-7767-4012-a1ff-aa686ede7679	ZL_SS_H9C2_20XH2O_Conf_StageII_PWP1_CellP_2x2_8St_20240606	Measurement 1	Evaluation12	PlateResults_Plate1.txt	Plate1
Plate1R15C02	15	2	1	0	191	4	0	Dacti	5.4869684499314e-4			Instrument	http://harmony-pc.pharmacy.ohio-state.edu/ODA/OdaService.asmx	23a9e7c4-7767-4012-a1ff-aa686ede7679	ZL_SS_H9C2_20XH2O_Conf_StageII_PWP1_CellP_2x2_8St_20240606	Measurement 1	Evaluation12	PlateResults_Plate1.txt	Plate1
Plate1R15C03	15	3	1	0	263	4	0		0.4			Instrument	http://harmony-pc.pharmacy.ohio-state.edu/ODA/OdaService.asmx	23a9e7c4-7767-4012-a1ff-aa686ede7679	ZL_SS_H9C2_20XH2O_Conf_StageII_PWP1_CellP_2x2_8St_20240606	Measurement 1	Evaluation12	PlateResults_Plate1.txt	Plate1
Plate1R15C04	15	4	1	0	236	4	0		0.4			Instrument	http://harmony-pc.pharmacy.ohio-state.edu/ODA/OdaService.asmx	23a9e7c4-7767-4012-a1ff-aa686ede7679	ZL_SS_H9C2_20XH2O_Conf_StageII_PWP1_CellP_2x2_8St_20240606	Measurement 1	Evaluation12	PlateResults_Plate1.txt	Plate1
Plate1R15C05	15	5	1	0	330	4	0		0.4			Instrument	http://harmony-pc.pharmacy.ohio-state.edu/ODA/OdaService.asmx	23a9e7c4-7767-4012-a1ff-aa686ede7679	ZL_SS_H9C2_20XH2O_Conf_StageII_PWP1_CellP_2x2_8St_20240606	Measurement 1	Evaluation12	PlateResults_Plate1.txt	Plate1
Plate1R15C06	15	6	1	0	254	4	0		0.4			Instrument	http://harmony-pc.pharmacy.ohio-state.edu/ODA/OdaService.asmx	23a9e7c4-7767-4012-a1ff-aa686ede7679	ZL_SS_H9C2_20XH2O_Conf_StageII_PWP1_CellP_2x2_8St_20240606	Measurement 1	Evaluation12	PlateResults_Plate1.txt	Plate1
Plate1R15C07	15	7	1	0	240	4	0		0.4			Instrument	http://harmony-pc.pharmacy.ohio-state.edu/ODA/OdaService.asmx	23a9e7c4-7767-4012-a1ff-aa686ede7679	ZL_SS_H9C2_20XH2O_Conf_StageII_PWP1_CellP_2x2_8St_20240606	Measurement 1	Evaluation12	PlateResults_Plate1.txt	Plate1
Plate1R15C08	15	8	1	0	244	4	0		0.4			Instrument	http://harmony-pc.pharmacy.ohio-state.edu/ODA/OdaService.asmx	23a9e7c4-7767-4012-a1ff-aa686ede7679	ZL_SS_H9C2_20XH2O_Conf_StageII_PWP1_CellP_2x2_8St_20240606	Measurement 1	Evaluation12	PlateResults_Plate1.txt	Plate1
Plate1R15C09	15	9	1	0	316	4	0		0.4			Instrument	http://harmony-pc.pharmacy.ohio-state.edu/ODA/OdaService.asmx	23a9e7c4-7767-4012-a1ff-aa686ede7679	ZL_SS_H9C2_20XH2O_Conf_StageII_PWP1_CellP_2x2_8St_20240606	Measurement 1	Evaluation12	PlateResults_Plate1.txt	Plate1
Plate1R15C10	15	10	1	0	221	4	0		0.4			Instrument	http://harmony-pc.pharmacy.ohio-state.edu/ODA/OdaService.asmx	23a9e7c4-7767-4012-a1ff-aa686ede7679	ZL_SS_H9C2_20XH2O_Conf_StageII_PWP1_CellP_2x2_8St_20240606	Measurement 1	Evaluation12	PlateResults_Plate1.txt	Plate1
Plate1R15C11	15	11	1	0	266	4	0		0.4			Instrument	http://harmony-pc.pharmacy.ohio-state.edu/ODA/OdaService.asmx	23a9e7c4-7767-4012-a1ff-aa686ede7679	ZL_SS_H9C2_20XH2O_Conf_StageII_PWP1_CellP_2x2_8St_20240606	Measurement 1	Evaluation12	PlateResults_Plate1.txt	Plate1
Plate1R15C12	15	12	1	0	60	4	0		0.4			Instrument	http://harmony-pc.pharmacy.ohio-state.edu/ODA/OdaService.asmx	23a9e7c4-7767-4012-a1ff-aa686ede7679	ZL_SS_H9C2_20XH2O_Conf_StageII_PWP1_CellP_2x2_8St_20240606	Measurement 1	Evaluation12	PlateResults_Plate1.txt	Plate1
Plate1R15C13	15	13	1	0	279	4	0		0.4			Instrument	http://harmony-pc.pharmacy.ohio-state.edu/ODA/OdaService.asmx	23a9e7c4-7767-4012-a1ff-aa686ede7679	ZL_SS_H9C2_20XH2O_Conf_StageII_PWP1_CellP_2x2_8St_20240606	Measurement 1	Evaluation12	PlateResults_Plate1.txt	Plate1
Plate1R15C14	15	14	1	0	238	4	0		0.4			Instrument	http://harmony-pc.pharmacy.ohio-state.edu/ODA/OdaService.asmx	23a9e7c4-7767-4012-a1ff-aa686ede7679	ZL_SS_H9C2_20XH2O_Conf_StageII_PWP1_CellP_2x2_8St_20240606	Measurement 1	Evaluation12	PlateResults_Plate1.txt	Plate1
Plate1R15C15	15	15	1	0	295	4	0		0.4			Instrument	http://harmony-pc.pharmacy.ohio-state.edu/ODA/OdaService.asmx	23a9e7c4-7767-4012-a1ff-aa686ede7679	ZL_SS_H9C2_20XH2O_Conf_StageII_PWP1_CellP_2x2_8St_20240606	Measurement 1	Evaluation12	PlateResults_Plate1.txt	Plate1
Plate1R15C16	15	16	1	0	263	4	0		0.4			Instrument	http://harmony-pc.pharmacy.ohio-state.edu/ODA/OdaService.asmx	23a9e7c4-7767-4012-a1ff-aa686ede7679	ZL_SS_H9C2_20XH2O_Conf_StageII_PWP1_CellP_2x2_8St_20240606	Measurement 1	Evaluation12	PlateResults_Plate1.txt	Plate1
Plate1R15C17	15	17	1	1	256	4	0		0.4			Instrument	http://harmony-pc.pharmacy.ohio-state.edu/ODA/OdaService.asmx	23a9e7c4-7767-4012-a1ff-aa686ede7679	ZL_SS_H9C2_20XH2O_Conf_StageII_PWP1_CellP_2x2_8St_20240606	Measurement 1	Evaluation12	PlateResults_Plate1.txt	Plate1
Plate1R15C18	15	18	1	0	297	4	0		0.4			Instrument	http://harmony-pc.pharmacy.ohio-state.edu/ODA/OdaService.asmx	23a9e7c4-7767-4012-a1ff-aa686ede7679	ZL_SS_H9C2_20XH2O_Conf_StageII_PWP1_CellP_2x2_8St_20240606	Measurement 1	Evaluation12	PlateResults_Plate1.txt	Plate1
Plate1R15C19	15	19	1	0	256	4	0		0.4			Instrument	http://harmony-pc.pharmacy.ohio-state.edu/ODA/OdaService.asmx	23a9e7c4-7767-4012-a1ff-aa686ede7679	ZL_SS_H9C2_20XH2O_Conf_StageII_PWP1_CellP_2x2_8St_20240606	Measurement 1	Evaluation12	PlateResults_Plate1.txt	Plate1
Plate1R15C20	15	20	1	0	241	4	0		0.4			Instrument	http://harmony-pc.pharmacy.ohio-state.edu/ODA/OdaService.asmx	23a9e7c4-7767-4012-a1ff-aa686ede7679	ZL_SS_H9C2_20XH2O_Conf_StageII_PWP1_CellP_2x2_8St_20240606	Measurement 1	Evaluation12	PlateResults_Plate1.txt	Plate1
Plate1R15C21	15	21	1	0	276	4	0		0.4			Instrument	http://harmony-pc.pharmacy.ohio-state.edu/ODA/OdaService.asmx	23a9e7c4-7767-4012-a1ff-aa686ede7679	ZL_SS_H9C2_20XH2O_Conf_StageII_PWP1_CellP_2x2_8St_20240606	Measurement 1	Evaluation12	PlateResults_Plate1.txt	Plate1
Plate1R15C22	15	22	1	0	250	4	0		0.4			Instrument	http://harmony-pc.pharmacy.ohio-state.edu/ODA/OdaService.asmx	23a9e7c4-7767-4012-a1ff-aa686ede7679	ZL_SS_H9C2_20XH2O_Conf_StageII_PWP1_CellP_2x2_8St_20240606	Measurement 1	Evaluation12	PlateResults_Plate1.txt	Plate1
Plate1R15C23	15	23	1	0	225	4	0	Cabo	0.0274348422496571			Instrument	http://harmony-pc.pharmacy.ohio-state.edu/ODA/OdaService.asmx	23a9e7c4-7767-4012-a1ff-aa686ede7679	ZL_SS_H9C2_20XH2O_Conf_StageII_PWP1_CellP_2x2_8St_20240606	Measurement 1	Evaluation12	PlateResults_Plate1.txt	Plate1
Plate1R15C24	15	24	1	0	161	4	0	Cabo	0.0274348422496571			Instrument	http://harmony-pc.pharmacy.ohio-state.edu/ODA/OdaService.asmx	23a9e7c4-7767-4012-a1ff-aa686ede7679	ZL_SS_H9C2_20XH2O_Conf_StageII_PWP1_CellP_2x2_8St_20240606	Measurement 1	Evaluation12	PlateResults_Plate1.txt	Plate1
Plate1R16C01	16	1	1	0	169	4	0	Dacti	1.8289894833104e-4			Instrument	http://harmony-pc.pharmacy.ohio-state.edu/ODA/OdaService.asmx	23a9e7c4-7767-4012-a1ff-aa686ede7679	ZL_SS_H9C2_20XH2O_Conf_StageII_PWP1_CellP_2x2_8St_20240606	Measurement 1	Evaluation12	PlateResults_Plate1.txt	Plate1
Plate1R16C02	16	2	1	0	235	4	0	Dacti	1.8289894833104e-4			Instrument	http://harmony-pc.pharmacy.ohio-state.edu/ODA/OdaService.asmx	23a9e7c4-7767-4012-a1ff-aa686ede7679	ZL_SS_H9C2_20XH2O_Conf_StageII_PWP1_CellP_2x2_8St_20240606	Measurement 1	Evaluation12	PlateResults_Plate1.txt	Plate1
Plate1R16C03	16	3	1	0	203	4	0		0.4			Instrument	http://harmony-pc.pharmacy.ohio-state.edu/ODA/OdaService.asmx	23a9e7c4-7767-4012-a1ff-aa686ede7679	ZL_SS_H9C2_20XH2O_Conf_StageII_PWP1_CellP_2x2_8St_20240606	Measurement 1	Evaluation12	PlateResults_Plate1.txt	Plate1
Plate1R16C04	16	4	1	0	210	4	0		0.4			Instrument	http://harmony-pc.pharmacy.ohio-state.edu/ODA/OdaService.asmx	23a9e7c4-7767-4012-a1ff-aa686ede7679	ZL_SS_H9C2_20XH2O_Conf_StageII_PWP1_CellP_2x2_8St_20240606	Measurement 1	Evaluation12	PlateResults_Plate1.txt	Plate1
Plate1R16C05	16	5	1	0	247	4	0		0.4			Instrument	http://harmony-pc.pharmacy.ohio-state.edu/ODA/OdaService.asmx	23a9e7c4-7767-4012-a1ff-aa686ede7679	ZL_SS_H9C2_20XH2O_Conf_StageII_PWP1_CellP_2x2_8St_20240606	Measurement 1	Evaluation12	PlateResults_Plate1.txt	Plate1
Plate1R16C06	16	6	1	0	275	4	0		0.4			Instrument	http://harmony-pc.pharmacy.ohio-state.edu/ODA/OdaService.asmx	23a9e7c4-7767-4012-a1ff-aa686ede7679	ZL_SS_H9C2_20XH2O_Conf_StageII_PWP1_CellP_2x2_8St_20240606	Measurement 1	Evaluation12	PlateResults_Plate1.txt	Plate1
Plate1R16C07	16	7	1	0	217	4	0		0.4			Instrument	http://harmony-pc.pharmacy.ohio-state.edu/ODA/OdaService.asmx	23a9e7c4-7767-4012-a1ff-aa686ede7679	ZL_SS_H9C2_20XH2O_Conf_StageII_PWP1_CellP_2x2_8St_20240606	Measurement 1	Evaluation12	PlateResults_Plate1.txt	Plate1
Plate1R16C08	16	8	1	0	225	4	0		0.4			Instrument	http://harmony-pc.pharmacy.ohio-state.edu/ODA/OdaService.asmx	23a9e7c4-7767-4012-a1ff-aa686ede7679	ZL_SS_H9C2_20XH2O_Conf_StageII_PWP1_CellP_2x2_8St_20240606	Measurement 1	Evaluation12	PlateResults_Plate1.txt	Plate1
Plate1R16C09	16	9	1	0	164	4	0		0.4			Instrument	http://harmony-pc.pharmacy.ohio-state.edu/ODA/OdaService.asmx	23a9e7c4-7767-4012-a1ff-aa686ede7679	ZL_SS_H9C2_20XH2O_Conf_StageII_PWP1_CellP_2x2_8St_20240606	Measurement 1	Evaluation12	PlateResults_Plate1.txt	Plate1
Plate1R16C10	16	10	1	0	76	4	0		0.4			Instrument	http://harmony-pc.pharmacy.ohio-state.edu/ODA/OdaService.asmx	23a9e7c4-7767-4012-a1ff-aa686ede7679	ZL_SS_H9C2_20XH2O_Conf_StageII_PWP1_CellP_2x2_8St_20240606	Measurement 1	Evaluation12	PlateResults_Plate1.txt	Plate1
Plate1R16C11	16	11	1	0	218	4	0		0.4			Instrument	http://harmony-pc.pharmacy.ohio-state.edu/ODA/OdaService.asmx	23a9e7c4-7767-4012-a1ff-aa686ede7679	ZL_SS_H9C2_20XH2O_Conf_StageII_PWP1_CellP_2x2_8St_20240606	Measurement 1	Evaluation12	PlateResults_Plate1.txt	Plate1
Plate1R16C12	16	12	1	0	124	4	0		0.4			Instrument	http://harmony-pc.pharmacy.ohio-state.edu/ODA/OdaService.asmx	23a9e7c4-7767-4012-a1ff-aa686ede7679	ZL_SS_H9C2_20XH2O_Conf_StageII_PWP1_CellP_2x2_8St_20240606	Measurement 1	Evaluation12	PlateResults_Plate1.txt	Plate1
Plate1R16C13	16	13	1	0	199	4	0		0.4			Instrument	http://harmony-pc.pharmacy.ohio-state.edu/ODA/OdaService.asmx	23a9e7c4-7767-4012-a1ff-aa686ede7679	ZL_SS_H9C2_20XH2O_Conf_StageII_PWP1_CellP_2x2_8St_20240606	Measurement 1	Evaluation12	PlateResults_Plate1.txt	Plate1
Plate1R16C14	16	14	1	0	197	4	0		0.4			Instrument	http://harmony-pc.pharmacy.ohio-state.edu/ODA/OdaService.asmx	23a9e7c4-7767-4012-a1ff-aa686ede7679	ZL_SS_H9C2_20XH2O_Conf_StageII_PWP1_CellP_2x2_8St_20240606	Measurement 1	Evaluation12	PlateResults_Plate1.txt	Plate1
Plate1R16C15	16	15	1	0	262	4	0		0.4			Instrument	http://harmony-pc.pharmacy.ohio-state.edu/ODA/OdaService.asmx	23a9e7c4-7767-4012-a1ff-aa686ede7679	ZL_SS_H9C2_20XH2O_Conf_StageII_PWP1_CellP_2x2_8St_20240606	Measurement 1	Evaluation12	PlateResults_Plate1.txt	Plate1
Plate1R16C16	16	16	1	0	239	4	0		0.4			Instrument	http://harmony-pc.pharmacy.ohio-state.edu/ODA/OdaService.asmx	23a9e7c4-7767-4012-a1ff-aa686ede7679	ZL_SS_H9C2_20XH2O_Conf_StageII_PWP1_CellP_2x2_8St_20240606	Measurement 1	Evaluation12	PlateResults_Plate1.txt	Plate1
Plate1R16C17	16	17	1	0	247	4	0		0.4			Instrument	http://harmony-pc.pharmacy.ohio-state.edu/ODA/OdaService.asmx	23a9e7c4-7767-4012-a1ff-aa686ede7679	ZL_SS_H9C2_20XH2O_Conf_StageII_PWP1_CellP_2x2_8St_20240606	Measurement 1	Evaluation12	PlateResults_Plate1.txt	Plate1
Plate1R16C18	16	18	1	0	237	4	0		0.4			Instrument	http://harmony-pc.pharmacy.ohio-state.edu/ODA/OdaService.asmx	23a9e7c4-7767-4012-a1ff-aa686ede7679	ZL_SS_H9C2_20XH2O_Conf_StageII_PWP1_CellP_2x2_8St_20240606	Measurement 1	Evaluation12	PlateResults_Plate1.txt	Plate1
Plate1R16C19	16	19	1	0	207	4	0		0.4			Instrument	http://harmony-pc.pharmacy.ohio-state.edu/ODA/OdaService.asmx	23a9e7c4-7767-4012-a1ff-aa686ede7679	ZL_SS_H9C2_20XH2O_Conf_StageII_PWP1_CellP_2x2_8St_20240606	Measurement 1	Evaluation12	PlateResults_Plate1.txt	Plate1
Plate1R16C20	16	20	1	0	263	4	0		0.4			Instrument	http://harmony-pc.pharmacy.ohio-state.edu/ODA/OdaService.asmx	23a9e7c4-7767-4012-a1ff-aa686ede7679	ZL_SS_H9C2_20XH2O_Conf_StageII_PWP1_CellP_2x2_8St_20240606	Measurement 1	Evaluation12	PlateResults_Plate1.txt	Plate1
Plate1R16C21	16	21	1	0	211	4	0		0.4			Instrument	http://harmony-pc.pharmacy.ohio-state.edu/ODA/OdaService.asmx	23a9e7c4-7767-4012-a1ff-aa686ede7679	ZL_SS_H9C2_20XH2O_Conf_StageII_PWP1_CellP_2x2_8St_20240606	Measurement 1	Evaluation12	PlateResults_Plate1.txt	Plate1
Plate1R16C22	16	22	1	0	207	4	0		0.4			Instrument	http://harmony-pc.pharmacy.ohio-state.edu/ODA/OdaService.asmx	23a9e7c4-7767-4012-a1ff-aa686ede7679	ZL_SS_H9C2_20XH2O_Conf_StageII_PWP1_CellP_2x2_8St_20240606	Measurement 1	Evaluation12	PlateResults_Plate1.txt	Plate1
Plate1R16C23	16	23	1	0	207	4	0	Cabo	0.00914494741655235			Instrument	http://harmony-pc.pharmacy.ohio-state.edu/ODA/OdaService.asmx	23a9e7c4-7767-4012-a1ff-aa686ede7679	ZL_SS_H9C2_20XH2O_Conf_StageII_PWP1_CellP_2x2_8St_20240606	Measurement 1	Evaluation12	PlateResults_Plate1.txt	Plate1
Plate1R16C24	16	24	1	0	232	4	0	Cabo	0.00914494741655235			Instrument	http://harmony-pc.pharmacy.ohio-state.edu/ODA/OdaService.asmx	23a9e7c4-7767-4012-a1ff-aa686ede7679	ZL_SS_H9C2_20XH2O_Conf_StageII_PWP1_CellP_2x2_8St_20240606	Measurement 1	Evaluation12	PlateResults_Plate1.txt	Plate1
Plate2R01C01	1	1	1	0	291	4	0	DMSO	0.001			Instrument	http://harmony-pc.pharmacy.ohio-state.edu/ODA/OdaService.asmx	59490a85-b03b-4089-b5fc-cf0c7a9ca28f	ZL_SS_H9C2_20XH2O_Conf_StageII_PWP2_CellP_2x2_8St_20240606	Measurement 1	Evaluation5	PlateResults_Plate2.txt	Plate2
Plate2R01C02	1	2	1	0	242	4	0	DMSO	0.001			Instrument	http://harmony-pc.pharmacy.ohio-state.edu/ODA/OdaService.asmx	59490a85-b03b-4089-b5fc-cf0c7a9ca28f	ZL_SS_H9C2_20XH2O_Conf_StageII_PWP2_CellP_2x2_8St_20240606	Measurement 1	Evaluation5	PlateResults_Plate2.txt	Plate2
Plate2R01C03	1	3	1	0	296	4	0		0.4			Instrument	http://harmony-pc.pharmacy.ohio-state.edu/ODA/OdaService.asmx	59490a85-b03b-4089-b5fc-cf0c7a9ca28f	ZL_SS_H9C2_20XH2O_Conf_StageII_PWP2_CellP_2x2_8St_20240606	Measurement 1	Evaluation5	PlateResults_Plate2.txt	Plate2
Plate2R01C04	1	4	1	0	234	4	0		0.4			Instrument	http://harmony-pc.pharmacy.ohio-state.edu/ODA/OdaService.asmx	59490a85-b03b-4089-b5fc-cf0c7a9ca28f	ZL_SS_H9C2_20XH2O_Conf_StageII_PWP2_CellP_2x2_8St_20240606	Measurement 1	Evaluation5	PlateResults_Plate2.txt	Plate2
Plate2R01C05	1	5	1	0	216	4	0		0.4			Instrument	http://harmony-pc.pharmacy.ohio-state.edu/ODA/OdaService.asmx	59490a85-b03b-4089-b5fc-cf0c7a9ca28f	ZL_SS_H9C2_20XH2O_Conf_StageII_PWP2_CellP_2x2_8St_20240606	Measurement 1	Evaluation5	PlateResults_Plate2.txt	Plate2
Plate2R01C06	1	6	1	0	194	4	0		0.4			Instrument	http://harmony-pc.pharmacy.ohio-state.edu/ODA/OdaService.asmx	59490a85-b03b-4089-b5fc-cf0c7a9ca28f	ZL_SS_H9C2_20XH2O_Conf_StageII_PWP2_CellP_2x2_8St_20240606	Measurement 1	Evaluation5	PlateResults_Plate2.txt	Plate2
Plate2R01C07	1	7	1	0	176	4	0		0.4			Instrument	http://harmony-pc.pharmacy.ohio-state.edu/ODA/OdaService.asmx	59490a85-b03b-4089-b5fc-cf0c7a9ca28f	ZL_SS_H9C2_20XH2O_Conf_StageII_PWP2_CellP_2x2_8St_20240606	Measurement 1	Evaluation5	PlateResults_Plate2.txt	Plate2
Plate2R01C08	1	8	1	0	192	4	0		0.4			Instrument	http://harmony-pc.pharmacy.ohio-state.edu/ODA/OdaService.asmx	59490a85-b03b-4089-b5fc-cf0c7a9ca28f	ZL_SS_H9C2_20XH2O_Conf_StageII_PWP2_CellP_2x2_8St_20240606	Measurement 1	Evaluation5	PlateResults_Plate2.txt	Plate2
Plate2R01C09	1	9	1	0	194	4	0		0.4			Instrument	http://harmony-pc.pharmacy.ohio-state.edu/ODA/OdaService.asmx	59490a85-b03b-4089-b5fc-cf0c7a9ca28f	ZL_SS_H9C2_20XH2O_Conf_StageII_PWP2_CellP_2x2_8St_20240606	Measurement 1	Evaluation5	PlateResults_Plate2.txt	Plate2
Plate2R01C10	1	10	1	0	184	4	0		0.4			Instrument	http://harmony-pc.pharmacy.ohio-state.edu/ODA/OdaService.asmx	59490a85-b03b-4089-b5fc-cf0c7a9ca28f	ZL_SS_H9C2_20XH2O_Conf_StageII_PWP2_CellP_2x2_8St_20240606	Measurement 1	Evaluation5	PlateResults_Plate2.txt	Plate2
Plate2R01C11	1	11	1	0	142	4	0		0.4			Instrument	http://harmony-pc.pharmacy.ohio-state.edu/ODA/OdaService.asmx	59490a85-b03b-4089-b5fc-cf0c7a9ca28f	ZL_SS_H9C2_20XH2O_Conf_StageII_PWP2_CellP_2x2_8St_20240606	Measurement 1	Evaluation5	PlateResults_Plate2.txt	Plate2
Plate2R01C12	1	12	1	0	207	4	0		0.4			Instrument	http://harmony-pc.pharmacy.ohio-state.edu/ODA/OdaService.asmx	59490a85-b03b-4089-b5fc-cf0c7a9ca28f	ZL_SS_H9C2_20XH2O_Conf_StageII_PWP2_CellP_2x2_8St_20240606	Measurement 1	Evaluation5	PlateResults_Plate2.txt	Plate2
Plate2R01C13	1	13	1	0	155	4	0		0.4			Instrument	http://harmony-pc.pharmacy.ohio-state.edu/ODA/OdaService.asmx	59490a85-b03b-4089-b5fc-cf0c7a9ca28f	ZL_SS_H9C2_20XH2O_Conf_StageII_PWP2_CellP_2x2_8St_20240606	Measurement 1	Evaluation5	PlateResults_Plate2.txt	Plate2
Plate2R01C14	1	14	1	0	180	4	0		0.4			Instrument	http://harmony-pc.pharmacy.ohio-state.edu/ODA/OdaService.asmx	59490a85-b03b-4089-b5fc-cf0c7a9ca28f	ZL_SS_H9C2_20XH2O_Conf_StageII_PWP2_CellP_2x2_8St_20240606	Measurement 1	Evaluation5	PlateResults_Plate2.txt	Plate2
Plate2R01C15	1	15	1	0	184	4	0		0.4			Instrument	http://harmony-pc.pharmacy.ohio-state.edu/ODA/OdaService.asmx	59490a85-b03b-4089-b5fc-cf0c7a9ca28f	ZL_SS_H9C2_20XH2O_Conf_StageII_PWP2_CellP_2x2_8St_20240606	Measurement 1	Evaluation5	PlateResults_Plate2.txt	Plate2
Plate2R01C16	1	16	1	0	197	4	0		0.4			Instrument	http://harmony-pc.pharmacy.ohio-state.edu/ODA/OdaService.asmx	59490a85-b03b-4089-b5fc-cf0c7a9ca28f	ZL_SS_H9C2_20XH2O_Conf_StageII_PWP2_CellP_2x2_8St_20240606	Measurement 1	Evaluation5	PlateResults_Plate2.txt	Plate2
Plate2R01C17	1	17	1	0	180	4	0		0.4			Instrument	http://harmony-pc.pharmacy.ohio-state.edu/ODA/OdaService.asmx	59490a85-b03b-4089-b5fc-cf0c7a9ca28f	ZL_SS_H9C2_20XH2O_Conf_StageII_PWP2_CellP_2x2_8St_20240606	Measurement 1	Evaluation5	PlateResults_Plate2.txt	Plate2
Plate2R01C18	1	18	1	0	164	4	0		0.4			Instrument	http://harmony-pc.pharmacy.ohio-state.edu/ODA/OdaService.asmx	59490a85-b03b-4089-b5fc-cf0c7a9ca28f	ZL_SS_H9C2_20XH2O_Conf_StageII_PWP2_CellP_2x2_8St_20240606	Measurement 1	Evaluation5	PlateResults_Plate2.txt	Plate2
Plate2R01C19	1	19	1	0	184	4	0		0.4			Instrument	http://harmony-pc.pharmacy.ohio-state.edu/ODA/OdaService.asmx	59490a85-b03b-4089-b5fc-cf0c7a9ca28f	ZL_SS_H9C2_20XH2O_Conf_StageII_PWP2_CellP_2x2_8St_20240606	Measurement 1	Evaluation5	PlateResults_Plate2.txt	Plate2
Plate2R01C20	1	20	1	0	234	4	0		0.4			Instrument	http://harmony-pc.pharmacy.ohio-state.edu/ODA/OdaService.asmx	59490a85-b03b-4089-b5fc-cf0c7a9ca28f	ZL_SS_H9C2_20XH2O_Conf_StageII_PWP2_CellP_2x2_8St_20240606	Measurement 1	Evaluation5	PlateResults_Plate2.txt	Plate2
Plate2R01C21	1	21	1	0	158	4	0		0.4			Instrument	http://harmony-pc.pharmacy.ohio-state.edu/ODA/OdaService.asmx	59490a85-b03b-4089-b5fc-cf0c7a9ca28f	ZL_SS_H9C2_20XH2O_Conf_StageII_PWP2_CellP_2x2_8St_20240606	Measurement 1	Evaluation5	PlateResults_Plate2.txt	Plate2
Plate2R01C22	1	22	1	0	251	4	0		0.4			Instrument	http://harmony-pc.pharmacy.ohio-state.edu/ODA/OdaService.asmx	59490a85-b03b-4089-b5fc-cf0c7a9ca28f	ZL_SS_H9C2_20XH2O_Conf_StageII_PWP2_CellP_2x2_8St_20240606	Measurement 1	Evaluation5	PlateResults_Plate2.txt	Plate2
Plate2R01C23	1	23	1	0	69	4	0	Axit	20			Instrument	http://harmony-pc.pharmacy.ohio-state.edu/ODA/OdaService.asmx	59490a85-b03b-4089-b5fc-cf0c7a9ca28f	ZL_SS_H9C2_20XH2O_Conf_StageII_PWP2_CellP_2x2_8St_20240606	Measurement 1	Evaluation5	PlateResults_Plate2.txt	Plate2
Plate2R01C24	1	24	1	0	47	4	0	Axit	20			Instrument	http://harmony-pc.pharmacy.ohio-state.edu/ODA/OdaService.asmx	59490a85-b03b-4089-b5fc-cf0c7a9ca28f	ZL_SS_H9C2_20XH2O_Conf_StageII_PWP2_CellP_2x2_8St_20240606	Measurement 1	Evaluation5	PlateResults_Plate2.txt	Plate2
Plate2R02C01	2	1	1	0	160	4	0	DMSO	0.001			Instrument	http://harmony-pc.pharmacy.ohio-state.edu/ODA/OdaService.asmx	59490a85-b03b-4089-b5fc-cf0c7a9ca28f	ZL_SS_H9C2_20XH2O_Conf_StageII_PWP2_CellP_2x2_8St_20240606	Measurement 1	Evaluation5	PlateResults_Plate2.txt	Plate2
Plate2R02C02	2	2	1	0	144	4	0	DMSO				Instrument	http://harmony-pc.pharmacy.ohio-state.edu/ODA/OdaService.asmx	59490a85-b03b-4089-b5fc-cf0c7a9ca28f	ZL_SS_H9C2_20XH2O_Conf_StageII_PWP2_CellP_2x2_8St_20240606	Measurement 1	Evaluation5	PlateResults_Plate2.txt	Plate2
Plate2R02C03	2	3	1	0	259	4	0		0.4			Instrument	http://harmony-pc.pharmacy.ohio-state.edu/ODA/OdaService.asmx	59490a85-b03b-4089-b5fc-cf0c7a9ca28f	ZL_SS_H9C2_20XH2O_Conf_StageII_PWP2_CellP_2x2_8St_20240606	Measurement 1	Evaluation5	PlateResults_Plate2.txt	Plate2
Plate2R02C04	2	4	1	0	179	4	0		0.4			Instrument	http://harmony-pc.pharmacy.ohio-state.edu/ODA/OdaService.asmx	59490a85-b03b-4089-b5fc-cf0c7a9ca28f	ZL_SS_H9C2_20XH2O_Conf_StageII_PWP2_CellP_2x2_8St_20240606	Measurement 1	Evaluation5	PlateResults_Plate2.txt	Plate2
Plate2R02C05	2	5	1	0	207	4	0		0.4			Instrument	http://harmony-pc.pharmacy.ohio-state.edu/ODA/OdaService.asmx	59490a85-b03b-4089-b5fc-cf0c7a9ca28f	ZL_SS_H9C2_20XH2O_Conf_StageII_PWP2_CellP_2x2_8St_20240606	Measurement 1	Evaluation5	PlateResults_Plate2.txt	Plate2
Plate2R02C06	2	6	1	0	152	4	0		0.4			Instrument	http://harmony-pc.pharmacy.ohio-state.edu/ODA/OdaService.asmx	59490a85-b03b-4089-b5fc-cf0c7a9ca28f	ZL_SS_H9C2_20XH2O_Conf_StageII_PWP2_CellP_2x2_8St_20240606	Measurement 1	Evaluation5	PlateResults_Plate2.txt	Plate2
Plate2R02C07	2	7	1	0	186	4	0		0.4			Instrument	http://harmony-pc.pharmacy.ohio-state.edu/ODA/OdaService.asmx	59490a85-b03b-4089-b5fc-cf0c7a9ca28f	ZL_SS_H9C2_20XH2O_Conf_StageII_PWP2_CellP_2x2_8St_20240606	Measurement 1	Evaluation5	PlateResults_Plate2.txt	Plate2
Plate2R02C08	2	8	1	0	136	4	0		0.4			Instrument	http://harmony-pc.pharmacy.ohio-state.edu/ODA/OdaService.asmx	59490a85-b03b-4089-b5fc-cf0c7a9ca28f	ZL_SS_H9C2_20XH2O_Conf_StageII_PWP2_CellP_2x2_8St_20240606	Measurement 1	Evaluation5	PlateResults_Plate2.txt	Plate2
Plate2R02C09	2	9	1	0	214	4	0		0.4			Instrument	http://harmony-pc.pharmacy.ohio-state.edu/ODA/OdaService.asmx	59490a85-b03b-4089-b5fc-cf0c7a9ca28f	ZL_SS_H9C2_20XH2O_Conf_StageII_PWP2_CellP_2x2_8St_20240606	Measurement 1	Evaluation5	PlateResults_Plate2.txt	Plate2
Plate2R02C10	2	10	1	0	209	4	0		0.4			Instrument	http://harmony-pc.pharmacy.ohio-state.edu/ODA/OdaService.asmx	59490a85-b03b-4089-b5fc-cf0c7a9ca28f	ZL_SS_H9C2_20XH2O_Conf_StageII_PWP2_CellP_2x2_8St_20240606	Measurement 1	Evaluation5	PlateResults_Plate2.txt	Plate2
Plate2R02C11	2	11	1	0	185	4	0		0.4			Instrument	http://harmony-pc.pharmacy.ohio-state.edu/ODA/OdaService.asmx	59490a85-b03b-4089-b5fc-cf0c7a9ca28f	ZL_SS_H9C2_20XH2O_Conf_StageII_PWP2_CellP_2x2_8St_20240606	Measurement 1	Evaluation5	PlateResults_Plate2.txt	Plate2
Plate2R02C12	2	12	1	0	210	4	0		0.4			Instrument	http://harmony-pc.pharmacy.ohio-state.edu/ODA/OdaService.asmx	59490a85-b03b-4089-b5fc-cf0c7a9ca28f	ZL_SS_H9C2_20XH2O_Conf_StageII_PWP2_CellP_2x2_8St_20240606	Measurement 1	Evaluation5	PlateResults_Plate2.txt	Plate2
Plate2R02C13	2	13	1	0	205	4	0		0.4			Instrument	http://harmony-pc.pharmacy.ohio-state.edu/ODA/OdaService.asmx	59490a85-b03b-4089-b5fc-cf0c7a9ca28f	ZL_SS_H9C2_20XH2O_Conf_StageII_PWP2_CellP_2x2_8St_20240606	Measurement 1	Evaluation5	PlateResults_Plate2.txt	Plate2
Plate2R02C14	2	14	1	0	248	4	0		0.4			Instrument	http://harmony-pc.pharmacy.ohio-state.edu/ODA/OdaService.asmx	59490a85-b03b-4089-b5fc-cf0c7a9ca28f	ZL_SS_H9C2_20XH2O_Conf_StageII_PWP2_CellP_2x2_8St_20240606	Measurement 1	Evaluation5	PlateResults_Plate2.txt	Plate2
Plate2R02C15	2	15	1	0	204	4	0		0.4			Instrument	http://harmony-pc.pharmacy.ohio-state.edu/ODA/OdaService.asmx	59490a85-b03b-4089-b5fc-cf0c7a9ca28f	ZL_SS_H9C2_20XH2O_Conf_StageII_PWP2_CellP_2x2_8St_20240606	Measurement 1	Evaluation5	PlateResults_Plate2.txt	Plate2
Plate2R02C16	2	16	1	0	18	4	0		0.4			Instrument	http://harmony-pc.pharmacy.ohio-state.edu/ODA/OdaService.asmx	59490a85-b03b-4089-b5fc-cf0c7a9ca28f	ZL_SS_H9C2_20XH2O_Conf_StageII_PWP2_CellP_2x2_8St_20240606	Measurement 1	Evaluation5	PlateResults_Plate2.txt	Plate2
Plate2R02C17	2	17	1	0	176	4	0		0.4			Instrument	http://harmony-pc.pharmacy.ohio-state.edu/ODA/OdaService.asmx	59490a85-b03b-4089-b5fc-cf0c7a9ca28f	ZL_SS_H9C2_20XH2O_Conf_StageII_PWP2_CellP_2x2_8St_20240606	Measurement 1	Evaluation5	PlateResults_Plate2.txt	Plate2
Plate2R02C18	2	18	1	0	225	4	0		0.4			Instrument	http://harmony-pc.pharmacy.ohio-state.edu/ODA/OdaService.asmx	59490a85-b03b-4089-b5fc-cf0c7a9ca28f	ZL_SS_H9C2_20XH2O_Conf_StageII_PWP2_CellP_2x2_8St_20240606	Measurement 1	Evaluation5	PlateResults_Plate2.txt	Plate2
Plate2R02C19	2	19	1	0	184	4	0		0.4			Instrument	http://harmony-pc.pharmacy.ohio-state.edu/ODA/OdaService.asmx	59490a85-b03b-4089-b5fc-cf0c7a9ca28f	ZL_SS_H9C2_20XH2O_Conf_StageII_PWP2_CellP_2x2_8St_20240606	Measurement 1	Evaluation5	PlateResults_Plate2.txt	Plate2
Plate2R02C20	2	20	1	0	191	4	0		0.4			Instrument	http://harmony-pc.pharmacy.ohio-state.edu/ODA/OdaService.asmx	59490a85-b03b-4089-b5fc-cf0c7a9ca28f	ZL_SS_H9C2_20XH2O_Conf_StageII_PWP2_CellP_2x2_8St_20240606	Measurement 1	Evaluation5	PlateResults_Plate2.txt	Plate2
Plate2R02C21	2	21	1	0	185	4	0		0.4			Instrument	http://harmony-pc.pharmacy.ohio-state.edu/ODA/OdaService.asmx	59490a85-b03b-4089-b5fc-cf0c7a9ca28f	ZL_SS_H9C2_20XH2O_Conf_StageII_PWP2_CellP_2x2_8St_20240606	Measurement 1	Evaluation5	PlateResults_Plate2.txt	Plate2
Plate2R02C22	2	22	1	0	185	4	0		0.4			Instrument	http://harmony-pc.pharmacy.ohio-state.edu/ODA/OdaService.asmx	59490a85-b03b-4089-b5fc-cf0c7a9ca28f	ZL_SS_H9C2_20XH2O_Conf_StageII_PWP2_CellP_2x2_8St_20240606	Measurement 1	Evaluation5	PlateResults_Plate2.txt	Plate2
Plate2R02C23	2	23	1	0	20	4	0	Axit	6.66666666666667			Instrument	http://harmony-pc.pharmacy.ohio-state.edu/ODA/OdaService.asmx	59490a85-b03b-4089-b5fc-cf0c7a9ca28f	ZL_SS_H9C2_20XH2O_Conf_StageII_PWP2_CellP_2x2_8St_20240606	Measurement 1	Evaluation5	PlateResults_Plate2.txt	Plate2
Plate2R02C24	2	24	1	0	38	4	0	Axit	6.66666666666667			Instrument	http://harmony-pc.pharmacy.ohio-state.edu/ODA/OdaService.asmx	59490a85-b03b-4089-b5fc-cf0c7a9ca28f	ZL_SS_H9C2_20XH2O_Conf_StageII_PWP2_CellP_2x2_8St_20240606	Measurement 1	Evaluation5	PlateResults_Plate2.txt	Plate2
Plate2R03C01	3	1	1	0	163	4	0	DMSO	0.001			Instrument	http://harmony-pc.pharmacy.ohio-state.edu/ODA/OdaService.asmx	59490a85-b03b-4089-b5fc-cf0c7a9ca28f	ZL_SS_H9C2_20XH2O_Conf_StageII_PWP2_CellP_2x2_8St_20240606	Measurement 1	Evaluation5	PlateResults_Plate2.txt	Plate2
Plate2R03C02	3	2	1	0	185	4	0	DMSO	0.001			Instrument	http://harmony-pc.pharmacy.ohio-state.edu/ODA/OdaService.asmx	59490a85-b03b-4089-b5fc-cf0c7a9ca28f	ZL_SS_H9C2_20XH2O_Conf_StageII_PWP2_CellP_2x2_8St_20240606	Measurement 1	Evaluation5	PlateResults_Plate2.txt	Plate2
Plate2R03C03	3	3	1	0	266	4	0		0.4			Instrument	http://harmony-pc.pharmacy.ohio-state.edu/ODA/OdaService.asmx	59490a85-b03b-4089-b5fc-cf0c7a9ca28f	ZL_SS_H9C2_20XH2O_Conf_StageII_PWP2_CellP_2x2_8St_20240606	Measurement 1	Evaluation5	PlateResults_Plate2.txt	Plate2
Plate2R03C04	3	4	1	0	261	4	0		0.4			Instrument	http://harmony-pc.pharmacy.ohio-state.edu/ODA/OdaService.asmx	59490a85-b03b-4089-b5fc-cf0c7a9ca28f	ZL_SS_H9C2_20XH2O_Conf_StageII_PWP2_CellP_2x2_8St_20240606	Measurement 1	Evaluation5	PlateResults_Plate2.txt	Plate2
Plate2R03C05	3	5	1	0	225	4	0		0.4			Instrument	http://harmony-pc.pharmacy.ohio-state.edu/ODA/OdaService.asmx	59490a85-b03b-4089-b5fc-cf0c7a9ca28f	ZL_SS_H9C2_20XH2O_Conf_StageII_PWP2_CellP_2x2_8St_20240606	Measurement 1	Evaluation5	PlateResults_Plate2.txt	Plate2
Plate2R03C06	3	6	1	0	232	4	0		0.4			Instrument	http://harmony-pc.pharmacy.ohio-state.edu/ODA/OdaService.asmx	59490a85-b03b-4089-b5fc-cf0c7a9ca28f	ZL_SS_H9C2_20XH2O_Conf_StageII_PWP2_CellP_2x2_8St_20240606	Measurement 1	Evaluation5	PlateResults_Plate2.txt	Plate2
Plate2R03C07	3	7	1	0	242	4	0		0.4			Instrument	http://harmony-pc.pharmacy.ohio-state.edu/ODA/OdaService.asmx	59490a85-b03b-4089-b5fc-cf0c7a9ca28f	ZL_SS_H9C2_20XH2O_Conf_StageII_PWP2_CellP_2x2_8St_20240606	Measurement 1	Evaluation5	PlateResults_Plate2.txt	Plate2
Plate2R03C08	3	8	1	0	306	4	0		0.4			Instrument	http://harmony-pc.pharmacy.ohio-state.edu/ODA/OdaService.asmx	59490a85-b03b-4089-b5fc-cf0c7a9ca28f	ZL_SS_H9C2_20XH2O_Conf_StageII_PWP2_CellP_2x2_8St_20240606	Measurement 1	Evaluation5	PlateResults_Plate2.txt	Plate2
Plate2R03C09	3	9	1	0	263	4	0		0.4			Instrument	http://harmony-pc.pharmacy.ohio-state.edu/ODA/OdaService.asmx	59490a85-b03b-4089-b5fc-cf0c7a9ca28f	ZL_SS_H9C2_20XH2O_Conf_StageII_PWP2_CellP_2x2_8St_20240606	Measurement 1	Evaluation5	PlateResults_Plate2.txt	Plate2
Plate2R03C10	3	10	1	0	232	4	0		0.4			Instrument	http://harmony-pc.pharmacy.ohio-state.edu/ODA/OdaService.asmx	59490a85-b03b-4089-b5fc-cf0c7a9ca28f	ZL_SS_H9C2_20XH2O_Conf_StageII_PWP2_CellP_2x2_8St_20240606	Measurement 1	Evaluation5	PlateResults_Plate2.txt	Plate2
Plate2R03C11	3	11	1	0	218	4	0		0.4			Instrument	http://harmony-pc.pharmacy.ohio-state.edu/ODA/OdaService.asmx	59490a85-b03b-4089-b5fc-cf0c7a9ca28f	ZL_SS_H9C2_20XH2O_Conf_StageII_PWP2_CellP_2x2_8St_20240606	Measurement 1	Evaluation5	PlateResults_Plate2.txt	Plate2
Plate2R03C12	3	12	1	0	264	4	0		0.4			Instrument	http://harmony-pc.pharmacy.ohio-state.edu/ODA/OdaService.asmx	59490a85-b03b-4089-b5fc-cf0c7a9ca28f	ZL_SS_H9C2_20XH2O_Conf_StageII_PWP2_CellP_2x2_8St_20240606	Measurement 1	Evaluation5	PlateResults_Plate2.txt	Plate2
Plate2R03C13	3	13	1	0	209	4	0		0.4			Instrument	http://harmony-pc.pharmacy.ohio-state.edu/ODA/OdaService.asmx	59490a85-b03b-4089-b5fc-cf0c7a9ca28f	ZL_SS_H9C2_20XH2O_Conf_StageII_PWP2_CellP_2x2_8St_20240606	Measurement 1	Evaluation5	PlateResults_Plate2.txt	Plate2
Plate2R03C14	3	14	1	0	326	4	0		0.4			Instrument	http://harmony-pc.pharmacy.ohio-state.edu/ODA/OdaService.asmx	59490a85-b03b-4089-b5fc-cf0c7a9ca28f	ZL_SS_H9C2_20XH2O_Conf_StageII_PWP2_CellP_2x2_8St_20240606	Measurement 1	Evaluation5	PlateResults_Plate2.txt	Plate2
Plate2R03C15	3	15	1	0	246	4	0		0.4			Instrument	http://harmony-pc.pharmacy.ohio-state.edu/ODA/OdaService.asmx	59490a85-b03b-4089-b5fc-cf0c7a9ca28f	ZL_SS_H9C2_20XH2O_Conf_StageII_PWP2_CellP_2x2_8St_20240606	Measurement 1	Evaluation5	PlateResults_Plate2.txt	Plate2
Plate2R03C16	3	16	1	0	265	4	0		0.4			Instrument	http://harmony-pc.pharmacy.ohio-state.edu/ODA/OdaService.asmx	59490a85-b03b-4089-b5fc-cf0c7a9ca28f	ZL_SS_H9C2_20XH2O_Conf_StageII_PWP2_CellP_2x2_8St_20240606	Measurement 1	Evaluation5	PlateResults_Plate2.txt	Plate2
Plate2R03C17	3	17	1	0	189	4	0		0.4			Instrument	http://harmony-pc.pharmacy.ohio-state.edu/ODA/OdaService.asmx	59490a85-b03b-4089-b5fc-cf0c7a9ca28f	ZL_SS_H9C2_20XH2O_Conf_StageII_PWP2_CellP_2x2_8St_20240606	Measurement 1	Evaluation5	PlateResults_Plate2.txt	Plate2
Plate2R03C18	3	18	1	0	229	4	0		0.4			Instrument	http://harmony-pc.pharmacy.ohio-state.edu/ODA/OdaService.asmx	59490a85-b03b-4089-b5fc-cf0c7a9ca28f	ZL_SS_H9C2_20XH2O_Conf_StageII_PWP2_CellP_2x2_8St_20240606	Measurement 1	Evaluation5	PlateResults_Plate2.txt	Plate2
Plate2R03C19	3	19	1	0	262	4	0		0.4			Instrument	http://harmony-pc.pharmacy.ohio-state.edu/ODA/OdaService.asmx	59490a85-b03b-4089-b5fc-cf0c7a9ca28f	ZL_SS_H9C2_20XH2O_Conf_StageII_PWP2_CellP_2x2_8St_20240606	Measurement 1	Evaluation5	PlateResults_Plate2.txt	Plate2
Plate2R03C20	3	20	1	0	144	4	0		0.4			Instrument	http://harmony-pc.pharmacy.ohio-state.edu/ODA/OdaService.asmx	59490a85-b03b-4089-b5fc-cf0c7a9ca28f	ZL_SS_H9C2_20XH2O_Conf_StageII_PWP2_CellP_2x2_8St_20240606	Measurement 1	Evaluation5	PlateResults_Plate2.txt	Plate2
Plate2R03C21	3	21	1	0	229	4	0		0.4			Instrument	http://harmony-pc.pharmacy.ohio-state.edu/ODA/OdaService.asmx	59490a85-b03b-4089-b5fc-cf0c7a9ca28f	ZL_SS_H9C2_20XH2O_Conf_StageII_PWP2_CellP_2x2_8St_20240606	Measurement 1	Evaluation5	PlateResults_Plate2.txt	Plate2
Plate2R03C22	3	22	1	0	200	4	0		0.4			Instrument	http://harmony-pc.pharmacy.ohio-state.edu/ODA/OdaService.asmx	59490a85-b03b-4089-b5fc-cf0c7a9ca28f	ZL_SS_H9C2_20XH2O_Conf_StageII_PWP2_CellP_2x2_8St_20240606	Measurement 1	Evaluation5	PlateResults_Plate2.txt	Plate2
Plate2R03C23	3	23	1	0	74	4	0	Axit	2.22222222222222			Instrument	http://harmony-pc.pharmacy.ohio-state.edu/ODA/OdaService.asmx	59490a85-b03b-4089-b5fc-cf0c7a9ca28f	ZL_SS_H9C2_20XH2O_Conf_StageII_PWP2_CellP_2x2_8St_20240606	Measurement 1	Evaluation5	PlateResults_Plate2.txt	Plate2
Plate2R03C24	3	24	1	0	51	4	0	Axit	2.22222222222222			Instrument	http://harmony-pc.pharmacy.ohio-state.edu/ODA/OdaService.asmx	59490a85-b03b-4089-b5fc-cf0c7a9ca28f	ZL_SS_H9C2_20XH2O_Conf_StageII_PWP2_CellP_2x2_8St_20240606	Measurement 1	Evaluation5	PlateResults_Plate2.txt	Plate2
Plate2R04C01	4	1	1	0	161	4	0	DMSO	0.001			Instrument	http://harmony-pc.pharmacy.ohio-state.edu/ODA/OdaService.asmx	59490a85-b03b-4089-b5fc-cf0c7a9ca28f	ZL_SS_H9C2_20XH2O_Conf_StageII_PWP2_CellP_2x2_8St_20240606	Measurement 1	Evaluation5	PlateResults_Plate2.txt	Plate2
Plate2R04C02	4	2	1	0	175	4	0	DMSO	0.001			Instrument	http://harmony-pc.pharmacy.ohio-state.edu/ODA/OdaService.asmx	59490a85-b03b-4089-b5fc-cf0c7a9ca28f	ZL_SS_H9C2_20XH2O_Conf_StageII_PWP2_CellP_2x2_8St_20240606	Measurement 1	Evaluation5	PlateResults_Plate2.txt	Plate2
Plate2R04C03	4	3	1	0	165	4	0		0.4			Instrument	http://harmony-pc.pharmacy.ohio-state.edu/ODA/OdaService.asmx	59490a85-b03b-4089-b5fc-cf0c7a9ca28f	ZL_SS_H9C2_20XH2O_Conf_StageII_PWP2_CellP_2x2_8St_20240606	Measurement 1	Evaluation5	PlateResults_Plate2.txt	Plate2
Plate2R04C04	4	4	1	0	220	4	0		0.4			Instrument	http://harmony-pc.pharmacy.ohio-state.edu/ODA/OdaService.asmx	59490a85-b03b-4089-b5fc-cf0c7a9ca28f	ZL_SS_H9C2_20XH2O_Conf_StageII_PWP2_CellP_2x2_8St_20240606	Measurement 1	Evaluation5	PlateResults_Plate2.txt	Plate2
Plate2R04C05	4	5	1	0	227	4	0		0.4			Instrument	http://harmony-pc.pharmacy.ohio-state.edu/ODA/OdaService.asmx	59490a85-b03b-4089-b5fc-cf0c7a9ca28f	ZL_SS_H9C2_20XH2O_Conf_StageII_PWP2_CellP_2x2_8St_20240606	Measurement 1	Evaluation5	PlateResults_Plate2.txt	Plate2
Plate2R04C06	4	6	1	0	337	4	0		0.4			Instrument	http://harmony-pc.pharmacy.ohio-state.edu/ODA/OdaService.asmx	59490a85-b03b-4089-b5fc-cf0c7a9ca28f	ZL_SS_H9C2_20XH2O_Conf_StageII_PWP2_CellP_2x2_8St_20240606	Measurement 1	Evaluation5	PlateResults_Plate2.txt	Plate2
Plate2R04C07	4	7	1	0	402	4	0		0.4			Instrument	http://harmony-pc.pharmacy.ohio-state.edu/ODA/OdaService.asmx	59490a85-b03b-4089-b5fc-cf0c7a9ca28f	ZL_SS_H9C2_20XH2O_Conf_StageII_PWP2_CellP_2x2_8St_20240606	Measurement 1	Evaluation5	PlateResults_Plate2.txt	Plate2
Plate2R04C08	4	8	1	0	334	4	0		0.4			Instrument	http://harmony-pc.pharmacy.ohio-state.edu/ODA/OdaService.asmx	59490a85-b03b-4089-b5fc-cf0c7a9ca28f	ZL_SS_H9C2_20XH2O_Conf_StageII_PWP2_CellP_2x2_8St_20240606	Measurement 1	Evaluation5	PlateResults_Plate2.txt	Plate2
Plate2R04C09	4	9	1	0	303	4	0		0.4			Instrument	http://harmony-pc.pharmacy.ohio-state.edu/ODA/OdaService.asmx	59490a85-b03b-4089-b5fc-cf0c7a9ca28f	ZL_SS_H9C2_20XH2O_Conf_StageII_PWP2_CellP_2x2_8St_20240606	Measurement 1	Evaluation5	PlateResults_Plate2.txt	Plate2
Plate2R04C10	4	10	1	0	296	4	0		0.4			Instrument	http://harmony-pc.pharmacy.ohio-state.edu/ODA/OdaService.asmx	59490a85-b03b-4089-b5fc-cf0c7a9ca28f	ZL_SS_H9C2_20XH2O_Conf_StageII_PWP2_CellP_2x2_8St_20240606	Measurement 1	Evaluation5	PlateResults_Plate2.txt	Plate2
Plate2R04C11	4	11	1	0	292	4	0		0.4			Instrument	http://harmony-pc.pharmacy.ohio-state.edu/ODA/OdaService.asmx	59490a85-b03b-4089-b5fc-cf0c7a9ca28f	ZL_SS_H9C2_20XH2O_Conf_StageII_PWP2_CellP_2x2_8St_20240606	Measurement 1	Evaluation5	PlateResults_Plate2.txt	Plate2
Plate2R04C12	4	12	1	0	271	4	0		0.4			Instrument	http://harmony-pc.pharmacy.ohio-state.edu/ODA/OdaService.asmx	59490a85-b03b-4089-b5fc-cf0c7a9ca28f	ZL_SS_H9C2_20XH2O_Conf_StageII_PWP2_CellP_2x2_8St_20240606	Measurement 1	Evaluation5	PlateResults_Plate2.txt	Plate2
Plate2R04C13	4	13	1	0	209	4	0		0.4			Instrument	http://harmony-pc.pharmacy.ohio-state.edu/ODA/OdaService.asmx	59490a85-b03b-4089-b5fc-cf0c7a9ca28f	ZL_SS_H9C2_20XH2O_Conf_StageII_PWP2_CellP_2x2_8St_20240606	Measurement 1	Evaluation5	PlateResults_Plate2.txt	Plate2
Plate2R04C14	4	14	1	0	315	4	0		0.4			Instrument	http://harmony-pc.pharmacy.ohio-state.edu/ODA/OdaService.asmx	59490a85-b03b-4089-b5fc-cf0c7a9ca28f	ZL_SS_H9C2_20XH2O_Conf_StageII_PWP2_CellP_2x2_8St_20240606	Measurement 1	Evaluation5	PlateResults_Plate2.txt	Plate2
Plate2R04C15	4	15	1	0	239	4	0		0.4			Instrument	http://harmony-pc.pharmacy.ohio-state.edu/ODA/OdaService.asmx	59490a85-b03b-4089-b5fc-cf0c7a9ca28f	ZL_SS_H9C2_20XH2O_Conf_StageII_PWP2_CellP_2x2_8St_20240606	Measurement 1	Evaluation5	PlateResults_Plate2.txt	Plate2
Plate2R04C16	4	16	1	0	276	4	0		0.4			Instrument	http://harmony-pc.pharmacy.ohio-state.edu/ODA/OdaService.asmx	59490a85-b03b-4089-b5fc-cf0c7a9ca28f	ZL_SS_H9C2_20XH2O_Conf_StageII_PWP2_CellP_2x2_8St_20240606	Measurement 1	Evaluation5	PlateResults_Plate2.txt	Plate2
Plate2R04C17	4	17	1	0	338	4	0		0.4			Instrument	http://harmony-pc.pharmacy.ohio-state.edu/ODA/OdaService.asmx	59490a85-b03b-4089-b5fc-cf0c7a9ca28f	ZL_SS_H9C2_20XH2O_Conf_StageII_PWP2_CellP_2x2_8St_20240606	Measurement 1	Evaluation5	PlateResults_Plate2.txt	Plate2
Plate2R04C18	4	18	1	0	244	4	0		0.4			Instrument	http://harmony-pc.pharmacy.ohio-state.edu/ODA/OdaService.asmx	59490a85-b03b-4089-b5fc-cf0c7a9ca28f	ZL_SS_H9C2_20XH2O_Conf_StageII_PWP2_CellP_2x2_8St_20240606	Measurement 1	Evaluation5	PlateResults_Plate2.txt	Plate2
Plate2R04C19	4	19	1	0	238	4	0		0.4			Instrument	http://harmony-pc.pharmacy.ohio-state.edu/ODA/OdaService.asmx	59490a85-b03b-4089-b5fc-cf0c7a9ca28f	ZL_SS_H9C2_20XH2O_Conf_StageII_PWP2_CellP_2x2_8St_20240606	Measurement 1	Evaluation5	PlateResults_Plate2.txt	Plate2
Plate2R04C20	4	20	1	0	329	4	0		0.4			Instrument	http://harmony-pc.pharmacy.ohio-state.edu/ODA/OdaService.asmx	59490a85-b03b-4089-b5fc-cf0c7a9ca28f	ZL_SS_H9C2_20XH2O_Conf_StageII_PWP2_CellP_2x2_8St_20240606	Measurement 1	Evaluation5	PlateResults_Plate2.txt	Plate2
Plate2R04C21	4	21	1	0	280	4	0		0.4			Instrument	http://harmony-pc.pharmacy.ohio-state.edu/ODA/OdaService.asmx	59490a85-b03b-4089-b5fc-cf0c7a9ca28f	ZL_SS_H9C2_20XH2O_Conf_StageII_PWP2_CellP_2x2_8St_20240606	Measurement 1	Evaluation5	PlateResults_Plate2.txt	Plate2
Plate2R04C22	4	22	1	0	247	4	0		0.4			Instrument	http://harmony-pc.pharmacy.ohio-state.edu/ODA/OdaService.asmx	59490a85-b03b-4089-b5fc-cf0c7a9ca28f	ZL_SS_H9C2_20XH2O_Conf_StageII_PWP2_CellP_2x2_8St_20240606	Measurement 1	Evaluation5	PlateResults_Plate2.txt	Plate2
Plate2R04C23	4	23	1	0	115	4	0	Axit	0.740740740740741			Instrument	http://harmony-pc.pharmacy.ohio-state.edu/ODA/OdaService.asmx	59490a85-b03b-4089-b5fc-cf0c7a9ca28f	ZL_SS_H9C2_20XH2O_Conf_StageII_PWP2_CellP_2x2_8St_20240606	Measurement 1	Evaluation5	PlateResults_Plate2.txt	Plate2
Plate2R04C24	4	24	1	0	119	4	0	Axit	0.740740740740741			Instrument	http://harmony-pc.pharmacy.ohio-state.edu/ODA/OdaService.asmx	59490a85-b03b-4089-b5fc-cf0c7a9ca28f	ZL_SS_H9C2_20XH2O_Conf_StageII_PWP2_CellP_2x2_8St_20240606	Measurement 1	Evaluation5	PlateResults_Plate2.txt	Plate2
Plate2R05C01	5	1	1	0	158	4	0	DMSO	0.001			Instrument	http://harmony-pc.pharmacy.ohio-state.edu/ODA/OdaService.asmx	59490a85-b03b-4089-b5fc-cf0c7a9ca28f	ZL_SS_H9C2_20XH2O_Conf_StageII_PWP2_CellP_2x2_8St_20240606	Measurement 1	Evaluation5	PlateResults_Plate2.txt	Plate2
Plate2R05C02	5	2	1	0	168	4	0	DMSO	0.001			Instrument	http://harmony-pc.pharmacy.ohio-state.edu/ODA/OdaService.asmx	59490a85-b03b-4089-b5fc-cf0c7a9ca28f	ZL_SS_H9C2_20XH2O_Conf_StageII_PWP2_CellP_2x2_8St_20240606	Measurement 1	Evaluation5	PlateResults_Plate2.txt	Plate2
Plate2R05C03	5	3	1	0	188	4	0		0.4			Instrument	http://harmony-pc.pharmacy.ohio-state.edu/ODA/OdaService.asmx	59490a85-b03b-4089-b5fc-cf0c7a9ca28f	ZL_SS_H9C2_20XH2O_Conf_StageII_PWP2_CellP_2x2_8St_20240606	Measurement 1	Evaluation5	PlateResults_Plate2.txt	Plate2
Plate2R05C04	5	4	1	0	301	4	0		0.4			Instrument	http://harmony-pc.pharmacy.ohio-state.edu/ODA/OdaService.asmx	59490a85-b03b-4089-b5fc-cf0c7a9ca28f	ZL_SS_H9C2_20XH2O_Conf_StageII_PWP2_CellP_2x2_8St_20240606	Measurement 1	Evaluation5	PlateResults_Plate2.txt	Plate2
Plate2R05C05	5	5	1	0	332	4	0		0.4			Instrument	http://harmony-pc.pharmacy.ohio-state.edu/ODA/OdaService.asmx	59490a85-b03b-4089-b5fc-cf0c7a9ca28f	ZL_SS_H9C2_20XH2O_Conf_StageII_PWP2_CellP_2x2_8St_20240606	Measurement 1	Evaluation5	PlateResults_Plate2.txt	Plate2
Plate2R05C06	5	6	1	0	294	4	0		0.4			Instrument	http://harmony-pc.pharmacy.ohio-state.edu/ODA/OdaService.asmx	59490a85-b03b-4089-b5fc-cf0c7a9ca28f	ZL_SS_H9C2_20XH2O_Conf_StageII_PWP2_CellP_2x2_8St_20240606	Measurement 1	Evaluation5	PlateResults_Plate2.txt	Plate2
Plate2R05C07	5	7	1	0	306	4	0		0.4			Instrument	http://harmony-pc.pharmacy.ohio-state.edu/ODA/OdaService.asmx	59490a85-b03b-4089-b5fc-cf0c7a9ca28f	ZL_SS_H9C2_20XH2O_Conf_StageII_PWP2_CellP_2x2_8St_20240606	Measurement 1	Evaluation5	PlateResults_Plate2.txt	Plate2
Plate2R05C08	5	8	1	0	374	4	0		0.4			Instrument	http://harmony-pc.pharmacy.ohio-state.edu/ODA/OdaService.asmx	59490a85-b03b-4089-b5fc-cf0c7a9ca28f	ZL_SS_H9C2_20XH2O_Conf_StageII_PWP2_CellP_2x2_8St_20240606	Measurement 1	Evaluation5	PlateResults_Plate2.txt	Plate2
Plate2R05C09	5	9	1	0	409	4	0		0.4			Instrument	http://harmony-pc.pharmacy.ohio-state.edu/ODA/OdaService.asmx	59490a85-b03b-4089-b5fc-cf0c7a9ca28f	ZL_SS_H9C2_20XH2O_Conf_StageII_PWP2_CellP_2x2_8St_20240606	Measurement 1	Evaluation5	PlateResults_Plate2.txt	Plate2
Plate2R05C10	5	10	1	0	392	4	0		0.4			Instrument	http://harmony-pc.pharmacy.ohio-state.edu/ODA/OdaService.asmx	59490a85-b03b-4089-b5fc-cf0c7a9ca28f	ZL_SS_H9C2_20XH2O_Conf_StageII_PWP2_CellP_2x2_8St_20240606	Measurement 1	Evaluation5	PlateResults_Plate2.txt	Plate2
Plate2R05C11	5	11	1	0	305	4	0		0.4			Instrument	http://harmony-pc.pharmacy.ohio-state.edu/ODA/OdaService.asmx	59490a85-b03b-4089-b5fc-cf0c7a9ca28f	ZL_SS_H9C2_20XH2O_Conf_StageII_PWP2_CellP_2x2_8St_20240606	Measurement 1	Evaluation5	PlateResults_Plate2.txt	Plate2
Plate2R05C12	5	12	1	0	330	4	0		0.4			Instrument	http://harmony-pc.pharmacy.ohio-state.edu/ODA/OdaService.asmx	59490a85-b03b-4089-b5fc-cf0c7a9ca28f	ZL_SS_H9C2_20XH2O_Conf_StageII_PWP2_CellP_2x2_8St_20240606	Measurement 1	Evaluation5	PlateResults_Plate2.txt	Plate2
Plate2R05C13	5	13	1	0	250	4	0		0.4			Instrument	http://harmony-pc.pharmacy.ohio-state.edu/ODA/OdaService.asmx	59490a85-b03b-4089-b5fc-cf0c7a9ca28f	ZL_SS_H9C2_20XH2O_Conf_StageII_PWP2_CellP_2x2_8St_20240606	Measurement 1	Evaluation5	PlateResults_Plate2.txt	Plate2
Plate2R05C14	5	14	1	0	392	4	0		0.4			Instrument	http://harmony-pc.pharmacy.ohio-state.edu/ODA/OdaService.asmx	59490a85-b03b-4089-b5fc-cf0c7a9ca28f	ZL_SS_H9C2_20XH2O_Conf_StageII_PWP2_CellP_2x2_8St_20240606	Measurement 1	Evaluation5	PlateResults_Plate2.txt	Plate2
Plate2R05C15	5	15	1	0	308	4	0		0.4			Instrument	http://harmony-pc.pharmacy.ohio-state.edu/ODA/OdaService.asmx	59490a85-b03b-4089-b5fc-cf0c7a9ca28f	ZL_SS_H9C2_20XH2O_Conf_StageII_PWP2_CellP_2x2_8St_20240606	Measurement 1	Evaluation5	PlateResults_Plate2.txt	Plate2
Plate2R05C16	5	16	1	0	356	4	0		0.4			Instrument	http://harmony-pc.pharmacy.ohio-state.edu/ODA/OdaService.asmx	59490a85-b03b-4089-b5fc-cf0c7a9ca28f	ZL_SS_H9C2_20XH2O_Conf_StageII_PWP2_CellP_2x2_8St_20240606	Measurement 1	Evaluation5	PlateResults_Plate2.txt	Plate2
Plate2R05C17	5	17	1	0	308	4	0		0.4			Instrument	http://harmony-pc.pharmacy.ohio-state.edu/ODA/OdaService.asmx	59490a85-b03b-4089-b5fc-cf0c7a9ca28f	ZL_SS_H9C2_20XH2O_Conf_StageII_PWP2_CellP_2x2_8St_20240606	Measurement 1	Evaluation5	PlateResults_Plate2.txt	Plate2
Plate2R05C18	5	18	1	0	311	4	0		0.4			Instrument	http://harmony-pc.pharmacy.ohio-state.edu/ODA/OdaService.asmx	59490a85-b03b-4089-b5fc-cf0c7a9ca28f	ZL_SS_H9C2_20XH2O_Conf_StageII_PWP2_CellP_2x2_8St_20240606	Measurement 1	Evaluation5	PlateResults_Plate2.txt	Plate2
Plate2R05C19	5	19	1	0	273	4	0		0.4			Instrument	http://harmony-pc.pharmacy.ohio-state.edu/ODA/OdaService.asmx	59490a85-b03b-4089-b5fc-cf0c7a9ca28f	ZL_SS_H9C2_20XH2O_Conf_StageII_PWP2_CellP_2x2_8St_20240606	Measurement 1	Evaluation5	PlateResults_Plate2.txt	Plate2
Plate2R05C20	5	20	1	0	314	4	0		0.4			Instrument	http://harmony-pc.pharmacy.ohio-state.edu/ODA/OdaService.asmx	59490a85-b03b-4089-b5fc-cf0c7a9ca28f	ZL_SS_H9C2_20XH2O_Conf_StageII_PWP2_CellP_2x2_8St_20240606	Measurement 1	Evaluation5	PlateResults_Plate2.txt	Plate2
Plate2R05C21	5	21	1	0	290	4	0		0.4			Instrument	http://harmony-pc.pharmacy.ohio-state.edu/ODA/OdaService.asmx	59490a85-b03b-4089-b5fc-cf0c7a9ca28f	ZL_SS_H9C2_20XH2O_Conf_StageII_PWP2_CellP_2x2_8St_20240606	Measurement 1	Evaluation5	PlateResults_Plate2.txt	Plate2
Plate2R05C22	5	22	1	0	237	4	0		0.4			Instrument	http://harmony-pc.pharmacy.ohio-state.edu/ODA/OdaService.asmx	59490a85-b03b-4089-b5fc-cf0c7a9ca28f	ZL_SS_H9C2_20XH2O_Conf_StageII_PWP2_CellP_2x2_8St_20240606	Measurement 1	Evaluation5	PlateResults_Plate2.txt	Plate2
Plate2R05C23	5	23	1	0	168	4	0	Axit	0.246913580246914			Instrument	http://harmony-pc.pharmacy.ohio-state.edu/ODA/OdaService.asmx	59490a85-b03b-4089-b5fc-cf0c7a9ca28f	ZL_SS_H9C2_20XH2O_Conf_StageII_PWP2_CellP_2x2_8St_20240606	Measurement 1	Evaluation5	PlateResults_Plate2.txt	Plate2
Plate2R05C24	5	24	1	0	193	4	0	Axit	0.246913580246914			Instrument	http://harmony-pc.pharmacy.ohio-state.edu/ODA/OdaService.asmx	59490a85-b03b-4089-b5fc-cf0c7a9ca28f	ZL_SS_H9C2_20XH2O_Conf_StageII_PWP2_CellP_2x2_8St_20240606	Measurement 1	Evaluation5	PlateResults_Plate2.txt	Plate2
Plate2R06C01	6	1	1	0	144	4	0	DMSO	0.001			Instrument	http://harmony-pc.pharmacy.ohio-state.edu/ODA/OdaService.asmx	59490a85-b03b-4089-b5fc-cf0c7a9ca28f	ZL_SS_H9C2_20XH2O_Conf_StageII_PWP2_CellP_2x2_8St_20240606	Measurement 1	Evaluation5	PlateResults_Plate2.txt	Plate2
Plate2R06C02	6	2	1	0	182	4	0	DMSO	0.001			Instrument	http://harmony-pc.pharmacy.ohio-state.edu/ODA/OdaService.asmx	59490a85-b03b-4089-b5fc-cf0c7a9ca28f	ZL_SS_H9C2_20XH2O_Conf_StageII_PWP2_CellP_2x2_8St_20240606	Measurement 1	Evaluation5	PlateResults_Plate2.txt	Plate2
Plate2R06C03	6	3	1	0	258	4	0		0.4			Instrument	http://harmony-pc.pharmacy.ohio-state.edu/ODA/OdaService.asmx	59490a85-b03b-4089-b5fc-cf0c7a9ca28f	ZL_SS_H9C2_20XH2O_Conf_StageII_PWP2_CellP_2x2_8St_20240606	Measurement 1	Evaluation5	PlateResults_Plate2.txt	Plate2
Plate2R06C04	6	4	1	0	278	4	0		0.4			Instrument	http://harmony-pc.pharmacy.ohio-state.edu/ODA/OdaService.asmx	59490a85-b03b-4089-b5fc-cf0c7a9ca28f	ZL_SS_H9C2_20XH2O_Conf_StageII_PWP2_CellP_2x2_8St_20240606	Measurement 1	Evaluation5	PlateResults_Plate2.txt	Plate2
Plate2R06C05	6	5	1	0	326	4	0		0.4			Instrument	http://harmony-pc.pharmacy.ohio-state.edu/ODA/OdaService.asmx	59490a85-b03b-4089-b5fc-cf0c7a9ca28f	ZL_SS_H9C2_20XH2O_Conf_StageII_PWP2_CellP_2x2_8St_20240606	Measurement 1	Evaluation5	PlateResults_Plate2.txt	Plate2
Plate2R06C06	6	6	1	0	276	4	0		0.4			Instrument	http://harmony-pc.pharmacy.ohio-state.edu/ODA/OdaService.asmx	59490a85-b03b-4089-b5fc-cf0c7a9ca28f	ZL_SS_H9C2_20XH2O_Conf_StageII_PWP2_CellP_2x2_8St_20240606	Measurement 1	Evaluation5	PlateResults_Plate2.txt	Plate2
Plate2R06C07	6	7	1	0	346	4	0		0.4			Instrument	http://harmony-pc.pharmacy.ohio-state.edu/ODA/OdaService.asmx	59490a85-b03b-4089-b5fc-cf0c7a9ca28f	ZL_SS_H9C2_20XH2O_Conf_StageII_PWP2_CellP_2x2_8St_20240606	Measurement 1	Evaluation5	PlateResults_Plate2.txt	Plate2
Plate2R06C08	6	8	1	0	312	4	0		0.4			Instrument	http://harmony-pc.pharmacy.ohio-state.edu/ODA/OdaService.asmx	59490a85-b03b-4089-b5fc-cf0c7a9ca28f	ZL_SS_H9C2_20XH2O_Conf_StageII_PWP2_CellP_2x2_8St_20240606	Measurement 1	Evaluation5	PlateResults_Plate2.txt	Plate2
Plate2R06C09	6	9	1	0	325	4	0		0.4			Instrument	http://harmony-pc.pharmacy.ohio-state.edu/ODA/OdaService.asmx	59490a85-b03b-4089-b5fc-cf0c7a9ca28f	ZL_SS_H9C2_20XH2O_Conf_StageII_PWP2_CellP_2x2_8St_20240606	Measurement 1	Evaluation5	PlateResults_Plate2.txt	Plate2
Plate2R06C10	6	10	1	0	408	4	0		0.4			Instrument	http://harmony-pc.pharmacy.ohio-state.edu/ODA/OdaService.asmx	59490a85-b03b-4089-b5fc-cf0c7a9ca28f	ZL_SS_H9C2_20XH2O_Conf_StageII_PWP2_CellP_2x2_8St_20240606	Measurement 1	Evaluation5	PlateResults_Plate2.txt	Plate2
Plate2R06C11	6	11	1	0	308	4	0		0.4			Instrument	http://harmony-pc.pharmacy.ohio-state.edu/ODA/OdaService.asmx	59490a85-b03b-4089-b5fc-cf0c7a9ca28f	ZL_SS_H9C2_20XH2O_Conf_StageII_PWP2_CellP_2x2_8St_20240606	Measurement 1	Evaluation5	PlateResults_Plate2.txt	Plate2
Plate2R06C12	6	12	1	0	277	4	0		0.4			Instrument	http://harmony-pc.pharmacy.ohio-state.edu/ODA/OdaService.asmx	59490a85-b03b-4089-b5fc-cf0c7a9ca28f	ZL_SS_H9C2_20XH2O_Conf_StageII_PWP2_CellP_2x2_8St_20240606	Measurement 1	Evaluation5	PlateResults_Plate2.txt	Plate2
Plate2R06C13	6	13	1	0	363	4	0		0.4			Instrument	http://harmony-pc.pharmacy.ohio-state.edu/ODA/OdaService.asmx	59490a85-b03b-4089-b5fc-cf0c7a9ca28f	ZL_SS_H9C2_20XH2O_Conf_StageII_PWP2_CellP_2x2_8St_20240606	Measurement 1	Evaluation5	PlateResults_Plate2.txt	Plate2
Plate2R06C14	6	14	1	0	359	4	0		0.4			Instrument	http://harmony-pc.pharmacy.ohio-state.edu/ODA/OdaService.asmx	59490a85-b03b-4089-b5fc-cf0c7a9ca28f	ZL_SS_H9C2_20XH2O_Conf_StageII_PWP2_CellP_2x2_8St_20240606	Measurement 1	Evaluation5	PlateResults_Plate2.txt	Plate2
Plate2R06C15	6	15	1	0	384	4	0		0.4			Instrument	http://harmony-pc.pharmacy.ohio-state.edu/ODA/OdaService.asmx	59490a85-b03b-4089-b5fc-cf0c7a9ca28f	ZL_SS_H9C2_20XH2O_Conf_StageII_PWP2_CellP_2x2_8St_20240606	Measurement 1	Evaluation5	PlateResults_Plate2.txt	Plate2
Plate2R06C16	6	16	1	0	388	4	0		0.4			Instrument	http://harmony-pc.pharmacy.ohio-state.edu/ODA/OdaService.asmx	59490a85-b03b-4089-b5fc-cf0c7a9ca28f	ZL_SS_H9C2_20XH2O_Conf_StageII_PWP2_CellP_2x2_8St_20240606	Measurement 1	Evaluation5	PlateResults_Plate2.txt	Plate2
Plate2R06C17	6	17	1	0	297	4	0		0.4			Instrument	http://harmony-pc.pharmacy.ohio-state.edu/ODA/OdaService.asmx	59490a85-b03b-4089-b5fc-cf0c7a9ca28f	ZL_SS_H9C2_20XH2O_Conf_StageII_PWP2_CellP_2x2_8St_20240606	Measurement 1	Evaluation5	PlateResults_Plate2.txt	Plate2
Plate2R06C18	6	18	1	0	257	4	0		0.4			Instrument	http://harmony-pc.pharmacy.ohio-state.edu/ODA/OdaService.asmx	59490a85-b03b-4089-b5fc-cf0c7a9ca28f	ZL_SS_H9C2_20XH2O_Conf_StageII_PWP2_CellP_2x2_8St_20240606	Measurement 1	Evaluation5	PlateResults_Plate2.txt	Plate2
Plate2R06C19	6	19	1	0	305	4	0		0.4			Instrument	http://harmony-pc.pharmacy.ohio-state.edu/ODA/OdaService.asmx	59490a85-b03b-4089-b5fc-cf0c7a9ca28f	ZL_SS_H9C2_20XH2O_Conf_StageII_PWP2_CellP_2x2_8St_20240606	Measurement 1	Evaluation5	PlateResults_Plate2.txt	Plate2
Plate2R06C20	6	20	1	0	331	4	0		0.4			Instrument	http://harmony-pc.pharmacy.ohio-state.edu/ODA/OdaService.asmx	59490a85-b03b-4089-b5fc-cf0c7a9ca28f	ZL_SS_H9C2_20XH2O_Conf_StageII_PWP2_CellP_2x2_8St_20240606	Measurement 1	Evaluation5	PlateResults_Plate2.txt	Plate2
Plate2R06C21	6	21	1	0	315	4	0		0.4			Instrument	http://harmony-pc.pharmacy.ohio-state.edu/ODA/OdaService.asmx	59490a85-b03b-4089-b5fc-cf0c7a9ca28f	ZL_SS_H9C2_20XH2O_Conf_StageII_PWP2_CellP_2x2_8St_20240606	Measurement 1	Evaluation5	PlateResults_Plate2.txt	Plate2
Plate2R06C22	6	22	1	0	263	4	0		0.4			Instrument	http://harmony-pc.pharmacy.ohio-state.edu/ODA/OdaService.asmx	59490a85-b03b-4089-b5fc-cf0c7a9ca28f	ZL_SS_H9C2_20XH2O_Conf_StageII_PWP2_CellP_2x2_8St_20240606	Measurement 1	Evaluation5	PlateResults_Plate2.txt	Plate2
Plate2R06C23	6	23	1	0	158	4	0	Axit	0.0823045267489712			Instrument	http://harmony-pc.pharmacy.ohio-state.edu/ODA/OdaService.asmx	59490a85-b03b-4089-b5fc-cf0c7a9ca28f	ZL_SS_H9C2_20XH2O_Conf_StageII_PWP2_CellP_2x2_8St_20240606	Measurement 1	Evaluation5	PlateResults_Plate2.txt	Plate2
Plate2R06C24	6	24	1	0	109	4	0	Axit	0.0823045267489712			Instrument	http://harmony-pc.pharmacy.ohio-state.edu/ODA/OdaService.asmx	59490a85-b03b-4089-b5fc-cf0c7a9ca28f	ZL_SS_H9C2_20XH2O_Conf_StageII_PWP2_CellP_2x2_8St_20240606	Measurement 1	Evaluation5	PlateResults_Plate2.txt	Plate2
Plate2R07C01	7	1	1	0	161	4	0	DMSO	0.001			Instrument	http://harmony-pc.pharmacy.ohio-state.edu/ODA/OdaService.asmx	59490a85-b03b-4089-b5fc-cf0c7a9ca28f	ZL_SS_H9C2_20XH2O_Conf_StageII_PWP2_CellP_2x2_8St_20240606	Measurement 1	Evaluation5	PlateResults_Plate2.txt	Plate2
Plate2R07C02	7	2	1	0	101	4	0	DMSO	0.001			Instrument	http://harmony-pc.pharmacy.ohio-state.edu/ODA/OdaService.asmx	59490a85-b03b-4089-b5fc-cf0c7a9ca28f	ZL_SS_H9C2_20XH2O_Conf_StageII_PWP2_CellP_2x2_8St_20240606	Measurement 1	Evaluation5	PlateResults_Plate2.txt	Plate2
Plate2R07C03	7	3	1	0	274	4	0		0.4			Instrument	http://harmony-pc.pharmacy.ohio-state.edu/ODA/OdaService.asmx	59490a85-b03b-4089-b5fc-cf0c7a9ca28f	ZL_SS_H9C2_20XH2O_Conf_StageII_PWP2_CellP_2x2_8St_20240606	Measurement 1	Evaluation5	PlateResults_Plate2.txt	Plate2
Plate2R07C04	7	4	1	0	268	4	0		0.4			Instrument	http://harmony-pc.pharmacy.ohio-state.edu/ODA/OdaService.asmx	59490a85-b03b-4089-b5fc-cf0c7a9ca28f	ZL_SS_H9C2_20XH2O_Conf_StageII_PWP2_CellP_2x2_8St_20240606	Measurement 1	Evaluation5	PlateResults_Plate2.txt	Plate2
Plate2R07C05	7	5	1	0	302	4	0		0.4			Instrument	http://harmony-pc.pharmacy.ohio-state.edu/ODA/OdaService.asmx	59490a85-b03b-4089-b5fc-cf0c7a9ca28f	ZL_SS_H9C2_20XH2O_Conf_StageII_PWP2_CellP_2x2_8St_20240606	Measurement 1	Evaluation5	PlateResults_Plate2.txt	Plate2
Plate2R07C06	7	6	1	0	254	4	0		0.4			Instrument	http://harmony-pc.pharmacy.ohio-state.edu/ODA/OdaService.asmx	59490a85-b03b-4089-b5fc-cf0c7a9ca28f	ZL_SS_H9C2_20XH2O_Conf_StageII_PWP2_CellP_2x2_8St_20240606	Measurement 1	Evaluation5	PlateResults_Plate2.txt	Plate2
Plate2R07C07	7	7	1	0	298	4	0		0.4			Instrument	http://harmony-pc.pharmacy.ohio-state.edu/ODA/OdaService.asmx	59490a85-b03b-4089-b5fc-cf0c7a9ca28f	ZL_SS_H9C2_20XH2O_Conf_StageII_PWP2_CellP_2x2_8St_20240606	Measurement 1	Evaluation5	PlateResults_Plate2.txt	Plate2
Plate2R07C08	7	8	1	0	306	4	0		0.4			Instrument	http://harmony-pc.pharmacy.ohio-state.edu/ODA/OdaService.asmx	59490a85-b03b-4089-b5fc-cf0c7a9ca28f	ZL_SS_H9C2_20XH2O_Conf_StageII_PWP2_CellP_2x2_8St_20240606	Measurement 1	Evaluation5	PlateResults_Plate2.txt	Plate2
Plate2R07C09	7	9	1	0	385	4	0		0.4			Instrument	http://harmony-pc.pharmacy.ohio-state.edu/ODA/OdaService.asmx	59490a85-b03b-4089-b5fc-cf0c7a9ca28f	ZL_SS_H9C2_20XH2O_Conf_StageII_PWP2_CellP_2x2_8St_20240606	Measurement 1	Evaluation5	PlateResults_Plate2.txt	Plate2
Plate2R07C10	7	10	1	0	300	4	0		0.4			Instrument	http://harmony-pc.pharmacy.ohio-state.edu/ODA/OdaService.asmx	59490a85-b03b-4089-b5fc-cf0c7a9ca28f	ZL_SS_H9C2_20XH2O_Conf_StageII_PWP2_CellP_2x2_8St_20240606	Measurement 1	Evaluation5	PlateResults_Plate2.txt	Plate2
Plate2R07C11	7	11	1	0	262	4	0		0.4			Instrument	http://harmony-pc.pharmacy.ohio-state.edu/ODA/OdaService.asmx	59490a85-b03b-4089-b5fc-cf0c7a9ca28f	ZL_SS_H9C2_20XH2O_Conf_StageII_PWP2_CellP_2x2_8St_20240606	Measurement 1	Evaluation5	PlateResults_Plate2.txt	Plate2
Plate2R07C12	7	12	1	0	311	4	0		0.4			Instrument	http://harmony-pc.pharmacy.ohio-state.edu/ODA/OdaService.asmx	59490a85-b03b-4089-b5fc-cf0c7a9ca28f	ZL_SS_H9C2_20XH2O_Conf_StageII_PWP2_CellP_2x2_8St_20240606	Measurement 1	Evaluation5	PlateResults_Plate2.txt	Plate2
Plate2R07C13	7	13	1	0	317	4	0		0.4			Instrument	http://harmony-pc.pharmacy.ohio-state.edu/ODA/OdaService.asmx	59490a85-b03b-4089-b5fc-cf0c7a9ca28f	ZL_SS_H9C2_20XH2O_Conf_StageII_PWP2_CellP_2x2_8St_20240606	Measurement 1	Evaluation5	PlateResults_Plate2.txt	Plate2
Plate2R07C14	7	14	1	0	339	4	0		0.4			Instrument	http://harmony-pc.pharmacy.ohio-state.edu/ODA/OdaService.asmx	59490a85-b03b-4089-b5fc-cf0c7a9ca28f	ZL_SS_H9C2_20XH2O_Conf_StageII_PWP2_CellP_2x2_8St_20240606	Measurement 1	Evaluation5	PlateResults_Plate2.txt	Plate2
Plate2R07C15	7	15	1	0	292	4	0		0.4			Instrument	http://harmony-pc.pharmacy.ohio-state.edu/ODA/OdaService.asmx	59490a85-b03b-4089-b5fc-cf0c7a9ca28f	ZL_SS_H9C2_20XH2O_Conf_StageII_PWP2_CellP_2x2_8St_20240606	Measurement 1	Evaluation5	PlateResults_Plate2.txt	Plate2
Plate2R07C16	7	16	1	0	334	4	0		0.4			Instrument	http://harmony-pc.pharmacy.ohio-state.edu/ODA/OdaService.asmx	59490a85-b03b-4089-b5fc-cf0c7a9ca28f	ZL_SS_H9C2_20XH2O_Conf_StageII_PWP2_CellP_2x2_8St_20240606	Measurement 1	Evaluation5	PlateResults_Plate2.txt	Plate2
Plate2R07C17	7	17	1	0	298	4	0		0.4			Instrument	http://harmony-pc.pharmacy.ohio-state.edu/ODA/OdaService.asmx	59490a85-b03b-4089-b5fc-cf0c7a9ca28f	ZL_SS_H9C2_20XH2O_Conf_StageII_PWP2_CellP_2x2_8St_20240606	Measurement 1	Evaluation5	PlateResults_Plate2.txt	Plate2
Plate2R07C18	7	18	1	0	44	4	0		0.4			Instrument	http://harmony-pc.pharmacy.ohio-state.edu/ODA/OdaService.asmx	59490a85-b03b-4089-b5fc-cf0c7a9ca28f	ZL_SS_H9C2_20XH2O_Conf_StageII_PWP2_CellP_2x2_8St_20240606	Measurement 1	Evaluation5	PlateResults_Plate2.txt	Plate2
Plate2R07C19	7	19	1	0	279	4	0		0.4			Instrument	http://harmony-pc.pharmacy.ohio-state.edu/ODA/OdaService.asmx	59490a85-b03b-4089-b5fc-cf0c7a9ca28f	ZL_SS_H9C2_20XH2O_Conf_StageII_PWP2_CellP_2x2_8St_20240606	Measurement 1	Evaluation5	PlateResults_Plate2.txt	Plate2
Plate2R07C20	7	20	1	0	299	4	0		0.4			Instrument	http://harmony-pc.pharmacy.ohio-state.edu/ODA/OdaService.asmx	59490a85-b03b-4089-b5fc-cf0c7a9ca28f	ZL_SS_H9C2_20XH2O_Conf_StageII_PWP2_CellP_2x2_8St_20240606	Measurement 1	Evaluation5	PlateResults_Plate2.txt	Plate2
Plate2R07C21	7	21	1	0	234	4	0		0.4			Instrument	http://harmony-pc.pharmacy.ohio-state.edu/ODA/OdaService.asmx	59490a85-b03b-4089-b5fc-cf0c7a9ca28f	ZL_SS_H9C2_20XH2O_Conf_StageII_PWP2_CellP_2x2_8St_20240606	Measurement 1	Evaluation5	PlateResults_Plate2.txt	Plate2
Plate2R07C22	7	22	1	0	225	4	0		0.4			Instrument	http://harmony-pc.pharmacy.ohio-state.edu/ODA/OdaService.asmx	59490a85-b03b-4089-b5fc-cf0c7a9ca28f	ZL_SS_H9C2_20XH2O_Conf_StageII_PWP2_CellP_2x2_8St_20240606	Measurement 1	Evaluation5	PlateResults_Plate2.txt	Plate2
Plate2R07C23	7	23	1	0	194	4	0	Axit	0.0274348422496571			Instrument	http://harmony-pc.pharmacy.ohio-state.edu/ODA/OdaService.asmx	59490a85-b03b-4089-b5fc-cf0c7a9ca28f	ZL_SS_H9C2_20XH2O_Conf_StageII_PWP2_CellP_2x2_8St_20240606	Measurement 1	Evaluation5	PlateResults_Plate2.txt	Plate2
Plate2R07C24	7	24	1	0	158	4	0	Axit	0.0274348422496571			Instrument	http://harmony-pc.pharmacy.ohio-state.edu/ODA/OdaService.asmx	59490a85-b03b-4089-b5fc-cf0c7a9ca28f	ZL_SS_H9C2_20XH2O_Conf_StageII_PWP2_CellP_2x2_8St_20240606	Measurement 1	Evaluation5	PlateResults_Plate2.txt	Plate2
Plate2R08C01	8	1	1	0	194	4	0	DMSO	0.001			Instrument	http://harmony-pc.pharmacy.ohio-state.edu/ODA/OdaService.asmx	59490a85-b03b-4089-b5fc-cf0c7a9ca28f	ZL_SS_H9C2_20XH2O_Conf_StageII_PWP2_CellP_2x2_8St_20240606	Measurement 1	Evaluation5	PlateResults_Plate2.txt	Plate2
Plate2R08C02	8	2	1	0	169	4	0	DMSO	0.001			Instrument	http://harmony-pc.pharmacy.ohio-state.edu/ODA/OdaService.asmx	59490a85-b03b-4089-b5fc-cf0c7a9ca28f	ZL_SS_H9C2_20XH2O_Conf_StageII_PWP2_CellP_2x2_8St_20240606	Measurement 1	Evaluation5	PlateResults_Plate2.txt	Plate2
Plate2R08C03	8	3	1	0	262	4	0		0.4			Instrument	http://harmony-pc.pharmacy.ohio-state.edu/ODA/OdaService.asmx	59490a85-b03b-4089-b5fc-cf0c7a9ca28f	ZL_SS_H9C2_20XH2O_Conf_StageII_PWP2_CellP_2x2_8St_20240606	Measurement 1	Evaluation5	PlateResults_Plate2.txt	Plate2
Plate2R08C04	8	4	1	0	257	4	0		0.4			Instrument	http://harmony-pc.pharmacy.ohio-state.edu/ODA/OdaService.asmx	59490a85-b03b-4089-b5fc-cf0c7a9ca28f	ZL_SS_H9C2_20XH2O_Conf_StageII_PWP2_CellP_2x2_8St_20240606	Measurement 1	Evaluation5	PlateResults_Plate2.txt	Plate2
Plate2R08C05	8	5	1	0	346	4	0		0.4			Instrument	http://harmony-pc.pharmacy.ohio-state.edu/ODA/OdaService.asmx	59490a85-b03b-4089-b5fc-cf0c7a9ca28f	ZL_SS_H9C2_20XH2O_Conf_StageII_PWP2_CellP_2x2_8St_20240606	Measurement 1	Evaluation5	PlateResults_Plate2.txt	Plate2
Plate2R08C06	8	6	1	0	297	4	0		0.4			Instrument	http://harmony-pc.pharmacy.ohio-state.edu/ODA/OdaService.asmx	59490a85-b03b-4089-b5fc-cf0c7a9ca28f	ZL_SS_H9C2_20XH2O_Conf_StageII_PWP2_CellP_2x2_8St_20240606	Measurement 1	Evaluation5	PlateResults_Plate2.txt	Plate2
Plate2R08C07	8	7	1	0	277	4	0		0.4			Instrument	http://harmony-pc.pharmacy.ohio-state.edu/ODA/OdaService.asmx	59490a85-b03b-4089-b5fc-cf0c7a9ca28f	ZL_SS_H9C2_20XH2O_Conf_StageII_PWP2_CellP_2x2_8St_20240606	Measurement 1	Evaluation5	PlateResults_Plate2.txt	Plate2
Plate2R08C08	8	8	1	0	345	4	0		0.4			Instrument	http://harmony-pc.pharmacy.ohio-state.edu/ODA/OdaService.asmx	59490a85-b03b-4089-b5fc-cf0c7a9ca28f	ZL_SS_H9C2_20XH2O_Conf_StageII_PWP2_CellP_2x2_8St_20240606	Measurement 1	Evaluation5	PlateResults_Plate2.txt	Plate2
Plate2R08C09	8	9	1	0	351	4	0		0.4			Instrument	http://harmony-pc.pharmacy.ohio-state.edu/ODA/OdaService.asmx	59490a85-b03b-4089-b5fc-cf0c7a9ca28f	ZL_SS_H9C2_20XH2O_Conf_StageII_PWP2_CellP_2x2_8St_20240606	Measurement 1	Evaluation5	PlateResults_Plate2.txt	Plate2
Plate2R08C10	8	10	1	0	319	4	0		0.4			Instrument	http://harmony-pc.pharmacy.ohio-state.edu/ODA/OdaService.asmx	59490a85-b03b-4089-b5fc-cf0c7a9ca28f	ZL_SS_H9C2_20XH2O_Conf_StageII_PWP2_CellP_2x2_8St_20240606	Measurement 1	Evaluation5	PlateResults_Plate2.txt	Plate2
Plate2R08C11	8	11	1	0	372	4	0		0.4			Instrument	http://harmony-pc.pharmacy.ohio-state.edu/ODA/OdaService.asmx	59490a85-b03b-4089-b5fc-cf0c7a9ca28f	ZL_SS_H9C2_20XH2O_Conf_StageII_PWP2_CellP_2x2_8St_20240606	Measurement 1	Evaluation5	PlateResults_Plate2.txt	Plate2
Plate2R08C12	8	12	1	0	338	4	0		0.4			Instrument	http://harmony-pc.pharmacy.ohio-state.edu/ODA/OdaService.asmx	59490a85-b03b-4089-b5fc-cf0c7a9ca28f	ZL_SS_H9C2_20XH2O_Conf_StageII_PWP2_CellP_2x2_8St_20240606	Measurement 1	Evaluation5	PlateResults_Plate2.txt	Plate2
Plate2R08C13	8	13	1	0	347	4	0		0.4			Instrument	http://harmony-pc.pharmacy.ohio-state.edu/ODA/OdaService.asmx	59490a85-b03b-4089-b5fc-cf0c7a9ca28f	ZL_SS_H9C2_20XH2O_Conf_StageII_PWP2_CellP_2x2_8St_20240606	Measurement 1	Evaluation5	PlateResults_Plate2.txt	Plate2
Plate2R08C14	8	14	1	0	381	4	0		0.4			Instrument	http://harmony-pc.pharmacy.ohio-state.edu/ODA/OdaService.asmx	59490a85-b03b-4089-b5fc-cf0c7a9ca28f	ZL_SS_H9C2_20XH2O_Conf_StageII_PWP2_CellP_2x2_8St_20240606	Measurement 1	Evaluation5	PlateResults_Plate2.txt	Plate2
Plate2R08C15	8	15	1	0	280	4	0		0.4			Instrument	http://harmony-pc.pharmacy.ohio-state.edu/ODA/OdaService.asmx	59490a85-b03b-4089-b5fc-cf0c7a9ca28f	ZL_SS_H9C2_20XH2O_Conf_StageII_PWP2_CellP_2x2_8St_20240606	Measurement 1	Evaluation5	PlateResults_Plate2.txt	Plate2
Plate2R08C16	8	16	1	0	263	4	0		0.4			Instrument	http://harmony-pc.pharmacy.ohio-state.edu/ODA/OdaService.asmx	59490a85-b03b-4089-b5fc-cf0c7a9ca28f	ZL_SS_H9C2_20XH2O_Conf_StageII_PWP2_CellP_2x2_8St_20240606	Measurement 1	Evaluation5	PlateResults_Plate2.txt	Plate2
Plate2R08C17	8	17	1	0	354	4	0		0.4			Instrument	http://harmony-pc.pharmacy.ohio-state.edu/ODA/OdaService.asmx	59490a85-b03b-4089-b5fc-cf0c7a9ca28f	ZL_SS_H9C2_20XH2O_Conf_StageII_PWP2_CellP_2x2_8St_20240606	Measurement 1	Evaluation5	PlateResults_Plate2.txt	Plate2
Plate2R08C18	8	18	1	0	308	4	0		0.4			Instrument	http://harmony-pc.pharmacy.ohio-state.edu/ODA/OdaService.asmx	59490a85-b03b-4089-b5fc-cf0c7a9ca28f	ZL_SS_H9C2_20XH2O_Conf_StageII_PWP2_CellP_2x2_8St_20240606	Measurement 1	Evaluation5	PlateResults_Plate2.txt	Plate2
Plate2R08C19	8	19	1	0	303	4	0		0.4			Instrument	http://harmony-pc.pharmacy.ohio-state.edu/ODA/OdaService.asmx	59490a85-b03b-4089-b5fc-cf0c7a9ca28f	ZL_SS_H9C2_20XH2O_Conf_StageII_PWP2_CellP_2x2_8St_20240606	Measurement 1	Evaluation5	PlateResults_Plate2.txt	Plate2
Plate2R08C20	8	20	1	0	340	4	0		0.4			Instrument	http://harmony-pc.pharmacy.ohio-state.edu/ODA/OdaService.asmx	59490a85-b03b-4089-b5fc-cf0c7a9ca28f	ZL_SS_H9C2_20XH2O_Conf_StageII_PWP2_CellP_2x2_8St_20240606	Measurement 1	Evaluation5	PlateResults_Plate2.txt	Plate2
Plate2R08C21	8	21	1	0	268	4	0		0.4			Instrument	http://harmony-pc.pharmacy.ohio-state.edu/ODA/OdaService.asmx	59490a85-b03b-4089-b5fc-cf0c7a9ca28f	ZL_SS_H9C2_20XH2O_Conf_StageII_PWP2_CellP_2x2_8St_20240606	Measurement 1	Evaluation5	PlateResults_Plate2.txt	Plate2
Plate2R08C22	8	22	1	0	195	4	0		0.4			Instrument	http://harmony-pc.pharmacy.ohio-state.edu/ODA/OdaService.asmx	59490a85-b03b-4089-b5fc-cf0c7a9ca28f	ZL_SS_H9C2_20XH2O_Conf_StageII_PWP2_CellP_2x2_8St_20240606	Measurement 1	Evaluation5	PlateResults_Plate2.txt	Plate2
Plate2R08C23	8	23	1	0	119	4	0	Axit	0.00914494741655235			Instrument	http://harmony-pc.pharmacy.ohio-state.edu/ODA/OdaService.asmx	59490a85-b03b-4089-b5fc-cf0c7a9ca28f	ZL_SS_H9C2_20XH2O_Conf_StageII_PWP2_CellP_2x2_8St_20240606	Measurement 1	Evaluation5	PlateResults_Plate2.txt	Plate2
Plate2R08C24	8	24	1	0	119	4	0	Axit	0.00914494741655235			Instrument	http://harmony-pc.pharmacy.ohio-state.edu/ODA/OdaService.asmx	59490a85-b03b-4089-b5fc-cf0c7a9ca28f	ZL_SS_H9C2_20XH2O_Conf_StageII_PWP2_CellP_2x2_8St_20240606	Measurement 1	Evaluation5	PlateResults_Plate2.txt	Plate2
Plate2R09C01	9	1	1	0	13	4	0	Dacti	0.4			Instrument	http://harmony-pc.pharmacy.ohio-state.edu/ODA/OdaService.asmx	59490a85-b03b-4089-b5fc-cf0c7a9ca28f	ZL_SS_H9C2_20XH2O_Conf_StageII_PWP2_CellP_2x2_8St_20240606	Measurement 1	Evaluation5	PlateResults_Plate2.txt	Plate2
Plate2R09C02	9	2	1	0	14	4	0	Dacti	0.4			Instrument	http://harmony-pc.pharmacy.ohio-state.edu/ODA/OdaService.asmx	59490a85-b03b-4089-b5fc-cf0c7a9ca28f	ZL_SS_H9C2_20XH2O_Conf_StageII_PWP2_CellP_2x2_8St_20240606	Measurement 1	Evaluation5	PlateResults_Plate2.txt	Plate2
Plate2R09C03	9	3	1	0	198	4	0		0.4			Instrument	http://harmony-pc.pharmacy.ohio-state.edu/ODA/OdaService.asmx	59490a85-b03b-4089-b5fc-cf0c7a9ca28f	ZL_SS_H9C2_20XH2O_Conf_StageII_PWP2_CellP_2x2_8St_20240606	Measurement 1	Evaluation5	PlateResults_Plate2.txt	Plate2
Plate2R09C04	9	4	1	0	247	4	0		0.4			Instrument	http://harmony-pc.pharmacy.ohio-state.edu/ODA/OdaService.asmx	59490a85-b03b-4089-b5fc-cf0c7a9ca28f	ZL_SS_H9C2_20XH2O_Conf_StageII_PWP2_CellP_2x2_8St_20240606	Measurement 1	Evaluation5	PlateResults_Plate2.txt	Plate2
Plate2R09C05	9	5	1	0	208	4	0		0.4			Instrument	http://harmony-pc.pharmacy.ohio-state.edu/ODA/OdaService.asmx	59490a85-b03b-4089-b5fc-cf0c7a9ca28f	ZL_SS_H9C2_20XH2O_Conf_StageII_PWP2_CellP_2x2_8St_20240606	Measurement 1	Evaluation5	PlateResults_Plate2.txt	Plate2
Plate2R09C06	9	6	1	0	310	4	0		0.4			Instrument	http://harmony-pc.pharmacy.ohio-state.edu/ODA/OdaService.asmx	59490a85-b03b-4089-b5fc-cf0c7a9ca28f	ZL_SS_H9C2_20XH2O_Conf_StageII_PWP2_CellP_2x2_8St_20240606	Measurement 1	Evaluation5	PlateResults_Plate2.txt	Plate2
Plate2R09C07	9	7	1	0	63	4	0		0.4			Instrument	http://harmony-pc.pharmacy.ohio-state.edu/ODA/OdaService.asmx	59490a85-b03b-4089-b5fc-cf0c7a9ca28f	ZL_SS_H9C2_20XH2O_Conf_StageII_PWP2_CellP_2x2_8St_20240606	Measurement 1	Evaluation5	PlateResults_Plate2.txt	Plate2
Plate2R09C08	9	8	1	0	353	4	0		0.4			Instrument	http://harmony-pc.pharmacy.ohio-state.edu/ODA/OdaService.asmx	59490a85-b03b-4089-b5fc-cf0c7a9ca28f	ZL_SS_H9C2_20XH2O_Conf_StageII_PWP2_CellP_2x2_8St_20240606	Measurement 1	Evaluation5	PlateResults_Plate2.txt	Plate2
Plate2R09C09	9	9	1	0	289	4	0		0.4			Instrument	http://harmony-pc.pharmacy.ohio-state.edu/ODA/OdaService.asmx	59490a85-b03b-4089-b5fc-cf0c7a9ca28f	ZL_SS_H9C2_20XH2O_Conf_StageII_PWP2_CellP_2x2_8St_20240606	Measurement 1	Evaluation5	PlateResults_Plate2.txt	Plate2
Plate2R09C10	9	10	1	0	313	4	0		0.4			Instrument	http://harmony-pc.pharmacy.ohio-state.edu/ODA/OdaService.asmx	59490a85-b03b-4089-b5fc-cf0c7a9ca28f	ZL_SS_H9C2_20XH2O_Conf_StageII_PWP2_CellP_2x2_8St_20240606	Measurement 1	Evaluation5	PlateResults_Plate2.txt	Plate2
Plate2R09C11	9	11	1	0	293	4	0		0.4			Instrument	http://harmony-pc.pharmacy.ohio-state.edu/ODA/OdaService.asmx	59490a85-b03b-4089-b5fc-cf0c7a9ca28f	ZL_SS_H9C2_20XH2O_Conf_StageII_PWP2_CellP_2x2_8St_20240606	Measurement 1	Evaluation5	PlateResults_Plate2.txt	Plate2
Plate2R09C12	9	12	1	0	277	4	0		0.4			Instrument	http://harmony-pc.pharmacy.ohio-state.edu/ODA/OdaService.asmx	59490a85-b03b-4089-b5fc-cf0c7a9ca28f	ZL_SS_H9C2_20XH2O_Conf_StageII_PWP2_CellP_2x2_8St_20240606	Measurement 1	Evaluation5	PlateResults_Plate2.txt	Plate2
Plate2R09C13	9	13	1	0	279	4	0		0.4			Instrument	http://harmony-pc.pharmacy.ohio-state.edu/ODA/OdaService.asmx	59490a85-b03b-4089-b5fc-cf0c7a9ca28f	ZL_SS_H9C2_20XH2O_Conf_StageII_PWP2_CellP_2x2_8St_20240606	Measurement 1	Evaluation5	PlateResults_Plate2.txt	Plate2
Plate2R09C14	9	14	1	0	226	4	0		0.4			Instrument	http://harmony-pc.pharmacy.ohio-state.edu/ODA/OdaService.asmx	59490a85-b03b-4089-b5fc-cf0c7a9ca28f	ZL_SS_H9C2_20XH2O_Conf_StageII_PWP2_CellP_2x2_8St_20240606	Measurement 1	Evaluation5	PlateResults_Plate2.txt	Plate2
Plate2R09C15	9	15	1	0	314	4	0		0.4			Instrument	http://harmony-pc.pharmacy.ohio-state.edu/ODA/OdaService.asmx	59490a85-b03b-4089-b5fc-cf0c7a9ca28f	ZL_SS_H9C2_20XH2O_Conf_StageII_PWP2_CellP_2x2_8St_20240606	Measurement 1	Evaluation5	PlateResults_Plate2.txt	Plate2
Plate2R09C16	9	16	1	0	252	4	0		0.4			Instrument	http://harmony-pc.pharmacy.ohio-state.edu/ODA/OdaService.asmx	59490a85-b03b-4089-b5fc-cf0c7a9ca28f	ZL_SS_H9C2_20XH2O_Conf_StageII_PWP2_CellP_2x2_8St_20240606	Measurement 1	Evaluation5	PlateResults_Plate2.txt	Plate2
Plate2R09C17	9	17	1	0	369	4	0		0.4			Instrument	http://harmony-pc.pharmacy.ohio-state.edu/ODA/OdaService.asmx	59490a85-b03b-4089-b5fc-cf0c7a9ca28f	ZL_SS_H9C2_20XH2O_Conf_StageII_PWP2_CellP_2x2_8St_20240606	Measurement 1	Evaluation5	PlateResults_Plate2.txt	Plate2
Plate2R09C18	9	18	1	0	345	4	0		0.4			Instrument	http://harmony-pc.pharmacy.ohio-state.edu/ODA/OdaService.asmx	59490a85-b03b-4089-b5fc-cf0c7a9ca28f	ZL_SS_H9C2_20XH2O_Conf_StageII_PWP2_CellP_2x2_8St_20240606	Measurement 1	Evaluation5	PlateResults_Plate2.txt	Plate2
Plate2R09C19	9	19	1	0	316	4	0		0.4			Instrument	http://harmony-pc.pharmacy.ohio-state.edu/ODA/OdaService.asmx	59490a85-b03b-4089-b5fc-cf0c7a9ca28f	ZL_SS_H9C2_20XH2O_Conf_StageII_PWP2_CellP_2x2_8St_20240606	Measurement 1	Evaluation5	PlateResults_Plate2.txt	Plate2
Plate2R09C20	9	20	1	0	285	4	0		0.4			Instrument	http://harmony-pc.pharmacy.ohio-state.edu/ODA/OdaService.asmx	59490a85-b03b-4089-b5fc-cf0c7a9ca28f	ZL_SS_H9C2_20XH2O_Conf_StageII_PWP2_CellP_2x2_8St_20240606	Measurement 1	Evaluation5	PlateResults_Plate2.txt	Plate2
Plate2R09C21	9	21	1	0	246	4	0		0.4			Instrument	http://harmony-pc.pharmacy.ohio-state.edu/ODA/OdaService.asmx	59490a85-b03b-4089-b5fc-cf0c7a9ca28f	ZL_SS_H9C2_20XH2O_Conf_StageII_PWP2_CellP_2x2_8St_20240606	Measurement 1	Evaluation5	PlateResults_Plate2.txt	Plate2
Plate2R09C22	9	22	1	0	197	4	0		0.4			Instrument	http://harmony-pc.pharmacy.ohio-state.edu/ODA/OdaService.asmx	59490a85-b03b-4089-b5fc-cf0c7a9ca28f	ZL_SS_H9C2_20XH2O_Conf_StageII_PWP2_CellP_2x2_8St_20240606	Measurement 1	Evaluation5	PlateResults_Plate2.txt	Plate2
Plate2R09C23	9	23	1	0	18	4	0	Cabo	20			Instrument	http://harmony-pc.pharmacy.ohio-state.edu/ODA/OdaService.asmx	59490a85-b03b-4089-b5fc-cf0c7a9ca28f	ZL_SS_H9C2_20XH2O_Conf_StageII_PWP2_CellP_2x2_8St_20240606	Measurement 1	Evaluation5	PlateResults_Plate2.txt	Plate2
Plate2R09C24	9	24	1	0	14	4	0	Cabo	20			Instrument	http://harmony-pc.pharmacy.ohio-state.edu/ODA/OdaService.asmx	59490a85-b03b-4089-b5fc-cf0c7a9ca28f	ZL_SS_H9C2_20XH2O_Conf_StageII_PWP2_CellP_2x2_8St_20240606	Measurement 1	Evaluation5	PlateResults_Plate2.txt	Plate2
Plate2R10C01	10	1	1	3	18	4	0	Dacti	0.133333333333333			Instrument	http://harmony-pc.pharmacy.ohio-state.edu/ODA/OdaService.asmx	59490a85-b03b-4089-b5fc-cf0c7a9ca28f	ZL_SS_H9C2_20XH2O_Conf_StageII_PWP2_CellP_2x2_8St_20240606	Measurement 1	Evaluation5	PlateResults_Plate2.txt	Plate2
Plate2R10C02	10	2	1	0	25	4	0	Dacti	0.133333333333333			Instrument	http://harmony-pc.pharmacy.ohio-state.edu/ODA/OdaService.asmx	59490a85-b03b-4089-b5fc-cf0c7a9ca28f	ZL_SS_H9C2_20XH2O_Conf_StageII_PWP2_CellP_2x2_8St_20240606	Measurement 1	Evaluation5	PlateResults_Plate2.txt	Plate2
Plate2R10C03	10	3	1	0	209	4	0		0.4			Instrument	http://harmony-pc.pharmacy.ohio-state.edu/ODA/OdaService.asmx	59490a85-b03b-4089-b5fc-cf0c7a9ca28f	ZL_SS_H9C2_20XH2O_Conf_StageII_PWP2_CellP_2x2_8St_20240606	Measurement 1	Evaluation5	PlateResults_Plate2.txt	Plate2
Plate2R10C04	10	4	1	0	291	4	0		0.4			Instrument	http://harmony-pc.pharmacy.ohio-state.edu/ODA/OdaService.asmx	59490a85-b03b-4089-b5fc-cf0c7a9ca28f	ZL_SS_H9C2_20XH2O_Conf_StageII_PWP2_CellP_2x2_8St_20240606	Measurement 1	Evaluation5	PlateResults_Plate2.txt	Plate2
Plate2R10C05	10	5	1	0	300	4	0		0.4			Instrument	http://harmony-pc.pharmacy.ohio-state.edu/ODA/OdaService.asmx	59490a85-b03b-4089-b5fc-cf0c7a9ca28f	ZL_SS_H9C2_20XH2O_Conf_StageII_PWP2_CellP_2x2_8St_20240606	Measurement 1	Evaluation5	PlateResults_Plate2.txt	Plate2
Plate2R10C06	10	6	1	0	262	4	0		0.4			Instrument	http://harmony-pc.pharmacy.ohio-state.edu/ODA/OdaService.asmx	59490a85-b03b-4089-b5fc-cf0c7a9ca28f	ZL_SS_H9C2_20XH2O_Conf_StageII_PWP2_CellP_2x2_8St_20240606	Measurement 1	Evaluation5	PlateResults_Plate2.txt	Plate2
Plate2R10C07	10	7	1	0	275	4	0		0.4			Instrument	http://harmony-pc.pharmacy.ohio-state.edu/ODA/OdaService.asmx	59490a85-b03b-4089-b5fc-cf0c7a9ca28f	ZL_SS_H9C2_20XH2O_Conf_StageII_PWP2_CellP_2x2_8St_20240606	Measurement 1	Evaluation5	PlateResults_Plate2.txt	Plate2
Plate2R10C08	10	8	1	0	274	4	0		0.4			Instrument	http://harmony-pc.pharmacy.ohio-state.edu/ODA/OdaService.asmx	59490a85-b03b-4089-b5fc-cf0c7a9ca28f	ZL_SS_H9C2_20XH2O_Conf_StageII_PWP2_CellP_2x2_8St_20240606	Measurement 1	Evaluation5	PlateResults_Plate2.txt	Plate2
Plate2R10C09	10	9	1	0	308	4	0		0.4			Instrument	http://harmony-pc.pharmacy.ohio-state.edu/ODA/OdaService.asmx	59490a85-b03b-4089-b5fc-cf0c7a9ca28f	ZL_SS_H9C2_20XH2O_Conf_StageII_PWP2_CellP_2x2_8St_20240606	Measurement 1	Evaluation5	PlateResults_Plate2.txt	Plate2
Plate2R10C10	10	10	1	0	282	4	0		0.4			Instrument	http://harmony-pc.pharmacy.ohio-state.edu/ODA/OdaService.asmx	59490a85-b03b-4089-b5fc-cf0c7a9ca28f	ZL_SS_H9C2_20XH2O_Conf_StageII_PWP2_CellP_2x2_8St_20240606	Measurement 1	Evaluation5	PlateResults_Plate2.txt	Plate2
Plate2R10C11	10	11	1	0	327	4	0		0.4			Instrument	http://harmony-pc.pharmacy.ohio-state.edu/ODA/OdaService.asmx	59490a85-b03b-4089-b5fc-cf0c7a9ca28f	ZL_SS_H9C2_20XH2O_Conf_StageII_PWP2_CellP_2x2_8St_20240606	Measurement 1	Evaluation5	PlateResults_Plate2.txt	Plate2
Plate2R10C12	10	12	1	0	284	4	0		0.4			Instrument	http://harmony-pc.pharmacy.ohio-state.edu/ODA/OdaService.asmx	59490a85-b03b-4089-b5fc-cf0c7a9ca28f	ZL_SS_H9C2_20XH2O_Conf_StageII_PWP2_CellP_2x2_8St_20240606	Measurement 1	Evaluation5	PlateResults_Plate2.txt	Plate2
Plate2R10C13	10	13	1	0	382	4	0		0.4			Instrument	http://harmony-pc.pharmacy.ohio-state.edu/ODA/OdaService.asmx	59490a85-b03b-4089-b5fc-cf0c7a9ca28f	ZL_SS_H9C2_20XH2O_Conf_StageII_PWP2_CellP_2x2_8St_20240606	Measurement 1	Evaluation5	PlateResults_Plate2.txt	Plate2
Plate2R10C14	10	14	1	0	316	4	0		0.4			Instrument	http://harmony-pc.pharmacy.ohio-state.edu/ODA/OdaService.asmx	59490a85-b03b-4089-b5fc-cf0c7a9ca28f	ZL_SS_H9C2_20XH2O_Conf_StageII_PWP2_CellP_2x2_8St_20240606	Measurement 1	Evaluation5	PlateResults_Plate2.txt	Plate2
Plate2R10C15	10	15	1	0	315	4	0		0.4			Instrument	http://harmony-pc.pharmacy.ohio-state.edu/ODA/OdaService.asmx	59490a85-b03b-4089-b5fc-cf0c7a9ca28f	ZL_SS_H9C2_20XH2O_Conf_StageII_PWP2_CellP_2x2_8St_20240606	Measurement 1	Evaluation5	PlateResults_Plate2.txt	Plate2
Plate2R10C16	10	16	1	0	353	4	0		0.4			Instrument	http://harmony-pc.pharmacy.ohio-state.edu/ODA/OdaService.asmx	59490a85-b03b-4089-b5fc-cf0c7a9ca28f	ZL_SS_H9C2_20XH2O_Conf_StageII_PWP2_CellP_2x2_8St_20240606	Measurement 1	Evaluation5	PlateResults_Plate2.txt	Plate2
Plate2R10C17	10	17	1	1	188	4	0		0.4			Instrument	http://harmony-pc.pharmacy.ohio-state.edu/ODA/OdaService.asmx	59490a85-b03b-4089-b5fc-cf0c7a9ca28f	ZL_SS_H9C2_20XH2O_Conf_StageII_PWP2_CellP_2x2_8St_20240606	Measurement 1	Evaluation5	PlateResults_Plate2.txt	Plate2
Plate2R10C18	10	18	1	0	323	4	0		0.4			Instrument	http://harmony-pc.pharmacy.ohio-state.edu/ODA/OdaService.asmx	59490a85-b03b-4089-b5fc-cf0c7a9ca28f	ZL_SS_H9C2_20XH2O_Conf_StageII_PWP2_CellP_2x2_8St_20240606	Measurement 1	Evaluation5	PlateResults_Plate2.txt	Plate2
Plate2R10C19	10	19	1	0	330	4	0		0.4			Instrument	http://harmony-pc.pharmacy.ohio-state.edu/ODA/OdaService.asmx	59490a85-b03b-4089-b5fc-cf0c7a9ca28f	ZL_SS_H9C2_20XH2O_Conf_StageII_PWP2_CellP_2x2_8St_20240606	Measurement 1	Evaluation5	PlateResults_Plate2.txt	Plate2
Plate2R10C20	10	20	1	0	265	4	0		0.4			Instrument	http://harmony-pc.pharmacy.ohio-state.edu/ODA/OdaService.asmx	59490a85-b03b-4089-b5fc-cf0c7a9ca28f	ZL_SS_H9C2_20XH2O_Conf_StageII_PWP2_CellP_2x2_8St_20240606	Measurement 1	Evaluation5	PlateResults_Plate2.txt	Plate2
Plate2R10C21	10	21	1	0	288	4	0		0.4			Instrument	http://harmony-pc.pharmacy.ohio-state.edu/ODA/OdaService.asmx	59490a85-b03b-4089-b5fc-cf0c7a9ca28f	ZL_SS_H9C2_20XH2O_Conf_StageII_PWP2_CellP_2x2_8St_20240606	Measurement 1	Evaluation5	PlateResults_Plate2.txt	Plate2
Plate2R10C22	10	22	1	0	192	4	0		0.4			Instrument	http://harmony-pc.pharmacy.ohio-state.edu/ODA/OdaService.asmx	59490a85-b03b-4089-b5fc-cf0c7a9ca28f	ZL_SS_H9C2_20XH2O_Conf_StageII_PWP2_CellP_2x2_8St_20240606	Measurement 1	Evaluation5	PlateResults_Plate2.txt	Plate2
Plate2R10C23	10	23	1	0	94	4	0	Cabo	6.66666666666667			Instrument	http://harmony-pc.pharmacy.ohio-state.edu/ODA/OdaService.asmx	59490a85-b03b-4089-b5fc-cf0c7a9ca28f	ZL_SS_H9C2_20XH2O_Conf_StageII_PWP2_CellP_2x2_8St_20240606	Measurement 1	Evaluation5	PlateResults_Plate2.txt	Plate2
Plate2R10C24	10	24	1	0	55	4	0	Cabo	6.66666666666667			Instrument	http://harmony-pc.pharmacy.ohio-state.edu/ODA/OdaService.asmx	59490a85-b03b-4089-b5fc-cf0c7a9ca28f	ZL_SS_H9C2_20XH2O_Conf_StageII_PWP2_CellP_2x2_8St_20240606	Measurement 1	Evaluation5	PlateResults_Plate2.txt	Plate2
Plate2R11C01	11	1	1	0	20	4	0	Dacti	0.0444444444444444			Instrument	http://harmony-pc.pharmacy.ohio-state.edu/ODA/OdaService.asmx	59490a85-b03b-4089-b5fc-cf0c7a9ca28f	ZL_SS_H9C2_20XH2O_Conf_StageII_PWP2_CellP_2x2_8St_20240606	Measurement 1	Evaluation5	PlateResults_Plate2.txt	Plate2
Plate2R11C02	11	2	1	0	19	4	0	Dacti	0.0444444444444444			Instrument	http://harmony-pc.pharmacy.ohio-state.edu/ODA/OdaService.asmx	59490a85-b03b-4089-b5fc-cf0c7a9ca28f	ZL_SS_H9C2_20XH2O_Conf_StageII_PWP2_CellP_2x2_8St_20240606	Measurement 1	Evaluation5	PlateResults_Plate2.txt	Plate2
Plate2R11C03	11	3	1	0	218	4	0		0.4			Instrument	http://harmony-pc.pharmacy.ohio-state.edu/ODA/OdaService.asmx	59490a85-b03b-4089-b5fc-cf0c7a9ca28f	ZL_SS_H9C2_20XH2O_Conf_StageII_PWP2_CellP_2x2_8St_20240606	Measurement 1	Evaluation5	PlateResults_Plate2.txt	Plate2
Plate2R11C04	11	4	1	0	189	4	0		0.4			Instrument	http://harmony-pc.pharmacy.ohio-state.edu/ODA/OdaService.asmx	59490a85-b03b-4089-b5fc-cf0c7a9ca28f	ZL_SS_H9C2_20XH2O_Conf_StageII_PWP2_CellP_2x2_8St_20240606	Measurement 1	Evaluation5	PlateResults_Plate2.txt	Plate2
Plate2R11C05	11	5	1	0	277	4	0		0.4			Instrument	http://harmony-pc.pharmacy.ohio-state.edu/ODA/OdaService.asmx	59490a85-b03b-4089-b5fc-cf0c7a9ca28f	ZL_SS_H9C2_20XH2O_Conf_StageII_PWP2_CellP_2x2_8St_20240606	Measurement 1	Evaluation5	PlateResults_Plate2.txt	Plate2
Plate2R11C06	11	6	1	0	252	4	0		0.4			Instrument	http://harmony-pc.pharmacy.ohio-state.edu/ODA/OdaService.asmx	59490a85-b03b-4089-b5fc-cf0c7a9ca28f	ZL_SS_H9C2_20XH2O_Conf_StageII_PWP2_CellP_2x2_8St_20240606	Measurement 1	Evaluation5	PlateResults_Plate2.txt	Plate2
Plate2R11C07	11	7	1	0	316	4	0		0.4			Instrument	http://harmony-pc.pharmacy.ohio-state.edu/ODA/OdaService.asmx	59490a85-b03b-4089-b5fc-cf0c7a9ca28f	ZL_SS_H9C2_20XH2O_Conf_StageII_PWP2_CellP_2x2_8St_20240606	Measurement 1	Evaluation5	PlateResults_Plate2.txt	Plate2
Plate2R11C08	11	8	1	0	253	4	0		0.4			Instrument	http://harmony-pc.pharmacy.ohio-state.edu/ODA/OdaService.asmx	59490a85-b03b-4089-b5fc-cf0c7a9ca28f	ZL_SS_H9C2_20XH2O_Conf_StageII_PWP2_CellP_2x2_8St_20240606	Measurement 1	Evaluation5	PlateResults_Plate2.txt	Plate2
Plate2R11C09	11	9	1	0	288	4	0		0.4			Instrument	http://harmony-pc.pharmacy.ohio-state.edu/ODA/OdaService.asmx	59490a85-b03b-4089-b5fc-cf0c7a9ca28f	ZL_SS_H9C2_20XH2O_Conf_StageII_PWP2_CellP_2x2_8St_20240606	Measurement 1	Evaluation5	PlateResults_Plate2.txt	Plate2
Plate2R11C10	11	10	1	0	291	4	0		0.4			Instrument	http://harmony-pc.pharmacy.ohio-state.edu/ODA/OdaService.asmx	59490a85-b03b-4089-b5fc-cf0c7a9ca28f	ZL_SS_H9C2_20XH2O_Conf_StageII_PWP2_CellP_2x2_8St_20240606	Measurement 1	Evaluation5	PlateResults_Plate2.txt	Plate2
Plate2R11C11	11	11	1	0	268	4	0		0.4			Instrument	http://harmony-pc.pharmacy.ohio-state.edu/ODA/OdaService.asmx	59490a85-b03b-4089-b5fc-cf0c7a9ca28f	ZL_SS_H9C2_20XH2O_Conf_StageII_PWP2_CellP_2x2_8St_20240606	Measurement 1	Evaluation5	PlateResults_Plate2.txt	Plate2
Plate2R11C12	11	12	1	0	298	4	0		0.4			Instrument	http://harmony-pc.pharmacy.ohio-state.edu/ODA/OdaService.asmx	59490a85-b03b-4089-b5fc-cf0c7a9ca28f	ZL_SS_H9C2_20XH2O_Conf_StageII_PWP2_CellP_2x2_8St_20240606	Measurement 1	Evaluation5	PlateResults_Plate2.txt	Plate2
Plate2R11C13	11	13	1	0	252	4	0		0.4			Instrument	http://harmony-pc.pharmacy.ohio-state.edu/ODA/OdaService.asmx	59490a85-b03b-4089-b5fc-cf0c7a9ca28f	ZL_SS_H9C2_20XH2O_Conf_StageII_PWP2_CellP_2x2_8St_20240606	Measurement 1	Evaluation5	PlateResults_Plate2.txt	Plate2
Plate2R11C14	11	14	1	0	263	4	0		0.4			Instrument	http://harmony-pc.pharmacy.ohio-state.edu/ODA/OdaService.asmx	59490a85-b03b-4089-b5fc-cf0c7a9ca28f	ZL_SS_H9C2_20XH2O_Conf_StageII_PWP2_CellP_2x2_8St_20240606	Measurement 1	Evaluation5	PlateResults_Plate2.txt	Plate2
Plate2R11C15	11	15	1	0	309	4	0		0.4			Instrument	http://harmony-pc.pharmacy.ohio-state.edu/ODA/OdaService.asmx	59490a85-b03b-4089-b5fc-cf0c7a9ca28f	ZL_SS_H9C2_20XH2O_Conf_StageII_PWP2_CellP_2x2_8St_20240606	Measurement 1	Evaluation5	PlateResults_Plate2.txt	Plate2
Plate2R11C16	11	16	1	0	265	4	0		0.4			Instrument	http://harmony-pc.pharmacy.ohio-state.edu/ODA/OdaService.asmx	59490a85-b03b-4089-b5fc-cf0c7a9ca28f	ZL_SS_H9C2_20XH2O_Conf_StageII_PWP2_CellP_2x2_8St_20240606	Measurement 1	Evaluation5	PlateResults_Plate2.txt	Plate2
Plate2R11C17	11	17	1	0	302	4	0		0.4			Instrument	http://harmony-pc.pharmacy.ohio-state.edu/ODA/OdaService.asmx	59490a85-b03b-4089-b5fc-cf0c7a9ca28f	ZL_SS_H9C2_20XH2O_Conf_StageII_PWP2_CellP_2x2_8St_20240606	Measurement 1	Evaluation5	PlateResults_Plate2.txt	Plate2
Plate2R11C18	11	18	1	0	284	4	0		0.4			Instrument	http://harmony-pc.pharmacy.ohio-state.edu/ODA/OdaService.asmx	59490a85-b03b-4089-b5fc-cf0c7a9ca28f	ZL_SS_H9C2_20XH2O_Conf_StageII_PWP2_CellP_2x2_8St_20240606	Measurement 1	Evaluation5	PlateResults_Plate2.txt	Plate2
Plate2R11C19	11	19	1	0	243	4	0		0.4			Instrument	http://harmony-pc.pharmacy.ohio-state.edu/ODA/OdaService.asmx	59490a85-b03b-4089-b5fc-cf0c7a9ca28f	ZL_SS_H9C2_20XH2O_Conf_StageII_PWP2_CellP_2x2_8St_20240606	Measurement 1	Evaluation5	PlateResults_Plate2.txt	Plate2
Plate2R11C20	11	20	1	1	276	4	0		0.4			Instrument	http://harmony-pc.pharmacy.ohio-state.edu/ODA/OdaService.asmx	59490a85-b03b-4089-b5fc-cf0c7a9ca28f	ZL_SS_H9C2_20XH2O_Conf_StageII_PWP2_CellP_2x2_8St_20240606	Measurement 1	Evaluation5	PlateResults_Plate2.txt	Plate2
Plate2R11C21	11	21	1	0	254	4	0		0.4			Instrument	http://harmony-pc.pharmacy.ohio-state.edu/ODA/OdaService.asmx	59490a85-b03b-4089-b5fc-cf0c7a9ca28f	ZL_SS_H9C2_20XH2O_Conf_StageII_PWP2_CellP_2x2_8St_20240606	Measurement 1	Evaluation5	PlateResults_Plate2.txt	Plate2
Plate2R11C22	11	22	1	0	229	4	0		0.4			Instrument	http://harmony-pc.pharmacy.ohio-state.edu/ODA/OdaService.asmx	59490a85-b03b-4089-b5fc-cf0c7a9ca28f	ZL_SS_H9C2_20XH2O_Conf_StageII_PWP2_CellP_2x2_8St_20240606	Measurement 1	Evaluation5	PlateResults_Plate2.txt	Plate2
Plate2R11C23	11	23	1	0	105	4	0	Cabo	2.22222222222222			Instrument	http://harmony-pc.pharmacy.ohio-state.edu/ODA/OdaService.asmx	59490a85-b03b-4089-b5fc-cf0c7a9ca28f	ZL_SS_H9C2_20XH2O_Conf_StageII_PWP2_CellP_2x2_8St_20240606	Measurement 1	Evaluation5	PlateResults_Plate2.txt	Plate2
Plate2R11C24	11	24	1	0	117	4	0	Cabo	2.22222222222222			Instrument	http://harmony-pc.pharmacy.ohio-state.edu/ODA/OdaService.asmx	59490a85-b03b-4089-b5fc-cf0c7a9ca28f	ZL_SS_H9C2_20XH2O_Conf_StageII_PWP2_CellP_2x2_8St_20240606	Measurement 1	Evaluation5	PlateResults_Plate2.txt	Plate2
Plate2R12C01	12	1	1	0	17	4	0	Dacti	0.0148148148148148			Instrument	http://harmony-pc.pharmacy.ohio-state.edu/ODA/OdaService.asmx	59490a85-b03b-4089-b5fc-cf0c7a9ca28f	ZL_SS_H9C2_20XH2O_Conf_StageII_PWP2_CellP_2x2_8St_20240606	Measurement 1	Evaluation5	PlateResults_Plate2.txt	Plate2
Plate2R12C02	12	2	1	0	34	4	0	Dacti	0.0148148148148148			Instrument	http://harmony-pc.pharmacy.ohio-state.edu/ODA/OdaService.asmx	59490a85-b03b-4089-b5fc-cf0c7a9ca28f	ZL_SS_H9C2_20XH2O_Conf_StageII_PWP2_CellP_2x2_8St_20240606	Measurement 1	Evaluation5	PlateResults_Plate2.txt	Plate2
Plate2R12C03	12	3	1	0	183	4	0		0.4			Instrument	http://harmony-pc.pharmacy.ohio-state.edu/ODA/OdaService.asmx	59490a85-b03b-4089-b5fc-cf0c7a9ca28f	ZL_SS_H9C2_20XH2O_Conf_StageII_PWP2_CellP_2x2_8St_20240606	Measurement 1	Evaluation5	PlateResults_Plate2.txt	Plate2
Plate2R12C04	12	4	1	0	236	4	0		0.4			Instrument	http://harmony-pc.pharmacy.ohio-state.edu/ODA/OdaService.asmx	59490a85-b03b-4089-b5fc-cf0c7a9ca28f	ZL_SS_H9C2_20XH2O_Conf_StageII_PWP2_CellP_2x2_8St_20240606	Measurement 1	Evaluation5	PlateResults_Plate2.txt	Plate2
Plate2R12C05	12	5	1	0	314	4	0		0.4			Instrument	http://harmony-pc.pharmacy.ohio-state.edu/ODA/OdaService.asmx	59490a85-b03b-4089-b5fc-cf0c7a9ca28f	ZL_SS_H9C2_20XH2O_Conf_StageII_PWP2_CellP_2x2_8St_20240606	Measurement 1	Evaluation5	PlateResults_Plate2.txt	Plate2
Plate2R12C06	12	6	1	0	269	4	0		0.4			Instrument	http://harmony-pc.pharmacy.ohio-state.edu/ODA/OdaService.asmx	59490a85-b03b-4089-b5fc-cf0c7a9ca28f	ZL_SS_H9C2_20XH2O_Conf_StageII_PWP2_CellP_2x2_8St_20240606	Measurement 1	Evaluation5	PlateResults_Plate2.txt	Plate2
Plate2R12C07	12	7	1	0	304	4	0		0.4			Instrument	http://harmony-pc.pharmacy.ohio-state.edu/ODA/OdaService.asmx	59490a85-b03b-4089-b5fc-cf0c7a9ca28f	ZL_SS_H9C2_20XH2O_Conf_StageII_PWP2_CellP_2x2_8St_20240606	Measurement 1	Evaluation5	PlateResults_Plate2.txt	Plate2
Plate2R12C08	12	8	1	0	242	4	0		0.4			Instrument	http://harmony-pc.pharmacy.ohio-state.edu/ODA/OdaService.asmx	59490a85-b03b-4089-b5fc-cf0c7a9ca28f	ZL_SS_H9C2_20XH2O_Conf_StageII_PWP2_CellP_2x2_8St_20240606	Measurement 1	Evaluation5	PlateResults_Plate2.txt	Plate2
Plate2R12C09	12	9	1	0	297	4	0		0.4			Instrument	http://harmony-pc.pharmacy.ohio-state.edu/ODA/OdaService.asmx	59490a85-b03b-4089-b5fc-cf0c7a9ca28f	ZL_SS_H9C2_20XH2O_Conf_StageII_PWP2_CellP_2x2_8St_20240606	Measurement 1	Evaluation5	PlateResults_Plate2.txt	Plate2
Plate2R12C10	12	10	1	0	330	4	0		0.4			Instrument	http://harmony-pc.pharmacy.ohio-state.edu/ODA/OdaService.asmx	59490a85-b03b-4089-b5fc-cf0c7a9ca28f	ZL_SS_H9C2_20XH2O_Conf_StageII_PWP2_CellP_2x2_8St_20240606	Measurement 1	Evaluation5	PlateResults_Plate2.txt	Plate2
Plate2R12C11	12	11	1	0	282	4	0		0.4			Instrument	http://harmony-pc.pharmacy.ohio-state.edu/ODA/OdaService.asmx	59490a85-b03b-4089-b5fc-cf0c7a9ca28f	ZL_SS_H9C2_20XH2O_Conf_StageII_PWP2_CellP_2x2_8St_20240606	Measurement 1	Evaluation5	PlateResults_Plate2.txt	Plate2
Plate2R12C12	12	12	1	0	270	4	0		0.4			Instrument	http://harmony-pc.pharmacy.ohio-state.edu/ODA/OdaService.asmx	59490a85-b03b-4089-b5fc-cf0c7a9ca28f	ZL_SS_H9C2_20XH2O_Conf_StageII_PWP2_CellP_2x2_8St_20240606	Measurement 1	Evaluation5	PlateResults_Plate2.txt	Plate2
Plate2R12C13	12	13	1	0	323	4	0		0.4			Instrument	http://harmony-pc.pharmacy.ohio-state.edu/ODA/OdaService.asmx	59490a85-b03b-4089-b5fc-cf0c7a9ca28f	ZL_SS_H9C2_20XH2O_Conf_StageII_PWP2_CellP_2x2_8St_20240606	Measurement 1	Evaluation5	PlateResults_Plate2.txt	Plate2
Plate2R12C14	12	14	1	0	283	4	0		0.4			Instrument	http://harmony-pc.pharmacy.ohio-state.edu/ODA/OdaService.asmx	59490a85-b03b-4089-b5fc-cf0c7a9ca28f	ZL_SS_H9C2_20XH2O_Conf_StageII_PWP2_CellP_2x2_8St_20240606	Measurement 1	Evaluation5	PlateResults_Plate2.txt	Plate2
Plate2R12C15	12	15	1	0	244	4	0		0.4			Instrument	http://harmony-pc.pharmacy.ohio-state.edu/ODA/OdaService.asmx	59490a85-b03b-4089-b5fc-cf0c7a9ca28f	ZL_SS_H9C2_20XH2O_Conf_StageII_PWP2_CellP_2x2_8St_20240606	Measurement 1	Evaluation5	PlateResults_Plate2.txt	Plate2
Plate2R12C16	12	16	1	0	278	4	0		0.4			Instrument	http://harmony-pc.pharmacy.ohio-state.edu/ODA/OdaService.asmx	59490a85-b03b-4089-b5fc-cf0c7a9ca28f	ZL_SS_H9C2_20XH2O_Conf_StageII_PWP2_CellP_2x2_8St_20240606	Measurement 1	Evaluation5	PlateResults_Plate2.txt	Plate2
Plate2R12C17	12	17	1	0	238	4	0		0.4			Instrument	http://harmony-pc.pharmacy.ohio-state.edu/ODA/OdaService.asmx	59490a85-b03b-4089-b5fc-cf0c7a9ca28f	ZL_SS_H9C2_20XH2O_Conf_StageII_PWP2_CellP_2x2_8St_20240606	Measurement 1	Evaluation5	PlateResults_Plate2.txt	Plate2
Plate2R12C18	12	18	1	0	268	4	0		0.4			Instrument	http://harmony-pc.pharmacy.ohio-state.edu/ODA/OdaService.asmx	59490a85-b03b-4089-b5fc-cf0c7a9ca28f	ZL_SS_H9C2_20XH2O_Conf_StageII_PWP2_CellP_2x2_8St_20240606	Measurement 1	Evaluation5	PlateResults_Plate2.txt	Plate2
Plate2R12C19	12	19	1	0	324	4	0		0.4			Instrument	http://harmony-pc.pharmacy.ohio-state.edu/ODA/OdaService.asmx	59490a85-b03b-4089-b5fc-cf0c7a9ca28f	ZL_SS_H9C2_20XH2O_Conf_StageII_PWP2_CellP_2x2_8St_20240606	Measurement 1	Evaluation5	PlateResults_Plate2.txt	Plate2
Plate2R12C20	12	20	1	0	270	4	0		0.4			Instrument	http://harmony-pc.pharmacy.ohio-state.edu/ODA/OdaService.asmx	59490a85-b03b-4089-b5fc-cf0c7a9ca28f	ZL_SS_H9C2_20XH2O_Conf_StageII_PWP2_CellP_2x2_8St_20240606	Measurement 1	Evaluation5	PlateResults_Plate2.txt	Plate2
Plate2R12C21	12	21	1	0	327	4	0		0.4			Instrument	http://harmony-pc.pharmacy.ohio-state.edu/ODA/OdaService.asmx	59490a85-b03b-4089-b5fc-cf0c7a9ca28f	ZL_SS_H9C2_20XH2O_Conf_StageII_PWP2_CellP_2x2_8St_20240606	Measurement 1	Evaluation5	PlateResults_Plate2.txt	Plate2
Plate2R12C22	12	22	1	0	214	4	0		0.4			Instrument	http://harmony-pc.pharmacy.ohio-state.edu/ODA/OdaService.asmx	59490a85-b03b-4089-b5fc-cf0c7a9ca28f	ZL_SS_H9C2_20XH2O_Conf_StageII_PWP2_CellP_2x2_8St_20240606	Measurement 1	Evaluation5	PlateResults_Plate2.txt	Plate2
Plate2R12C23	12	23	1	0	104	4	0	Cabo	0.740740740740741			Instrument	http://harmony-pc.pharmacy.ohio-state.edu/ODA/OdaService.asmx	59490a85-b03b-4089-b5fc-cf0c7a9ca28f	ZL_SS_H9C2_20XH2O_Conf_StageII_PWP2_CellP_2x2_8St_20240606	Measurement 1	Evaluation5	PlateResults_Plate2.txt	Plate2
Plate2R12C24	12	24	1	0	100	4	0	Cabo	0.740740740740741			Instrument	http://harmony-pc.pharmacy.ohio-state.edu/ODA/OdaService.asmx	59490a85-b03b-4089-b5fc-cf0c7a9ca28f	ZL_SS_H9C2_20XH2O_Conf_StageII_PWP2_CellP_2x2_8St_20240606	Measurement 1	Evaluation5	PlateResults_Plate2.txt	Plate2
Plate2R13C01	13	1	1	0	22	4	0	Dacti	0.00493827160493827			Instrument	http://harmony-pc.pharmacy.ohio-state.edu/ODA/OdaService.asmx	59490a85-b03b-4089-b5fc-cf0c7a9ca28f	ZL_SS_H9C2_20XH2O_Conf_StageII_PWP2_CellP_2x2_8St_20240606	Measurement 1	Evaluation5	PlateResults_Plate2.txt	Plate2
Plate2R13C02	13	2	1	0	23	4	0	Dacti	0.00493827160493827			Instrument	http://harmony-pc.pharmacy.ohio-state.edu/ODA/OdaService.asmx	59490a85-b03b-4089-b5fc-cf0c7a9ca28f	ZL_SS_H9C2_20XH2O_Conf_StageII_PWP2_CellP_2x2_8St_20240606	Measurement 1	Evaluation5	PlateResults_Plate2.txt	Plate2
Plate2R13C03	13	3	1	0	180	4	0		0.4			Instrument	http://harmony-pc.pharmacy.ohio-state.edu/ODA/OdaService.asmx	59490a85-b03b-4089-b5fc-cf0c7a9ca28f	ZL_SS_H9C2_20XH2O_Conf_StageII_PWP2_CellP_2x2_8St_20240606	Measurement 1	Evaluation5	PlateResults_Plate2.txt	Plate2
Plate2R13C04	13	4	1	0	233	4	0		0.4			Instrument	http://harmony-pc.pharmacy.ohio-state.edu/ODA/OdaService.asmx	59490a85-b03b-4089-b5fc-cf0c7a9ca28f	ZL_SS_H9C2_20XH2O_Conf_StageII_PWP2_CellP_2x2_8St_20240606	Measurement 1	Evaluation5	PlateResults_Plate2.txt	Plate2
Plate2R13C05	13	5	1	0	271	4	0		0.4			Instrument	http://harmony-pc.pharmacy.ohio-state.edu/ODA/OdaService.asmx	59490a85-b03b-4089-b5fc-cf0c7a9ca28f	ZL_SS_H9C2_20XH2O_Conf_StageII_PWP2_CellP_2x2_8St_20240606	Measurement 1	Evaluation5	PlateResults_Plate2.txt	Plate2
Plate2R13C06	13	6	1	0	278	4	0		0.4			Instrument	http://harmony-pc.pharmacy.ohio-state.edu/ODA/OdaService.asmx	59490a85-b03b-4089-b5fc-cf0c7a9ca28f	ZL_SS_H9C2_20XH2O_Conf_StageII_PWP2_CellP_2x2_8St_20240606	Measurement 1	Evaluation5	PlateResults_Plate2.txt	Plate2
Plate2R13C07	13	7	1	0	281	4	0		0.4			Instrument	http://harmony-pc.pharmacy.ohio-state.edu/ODA/OdaService.asmx	59490a85-b03b-4089-b5fc-cf0c7a9ca28f	ZL_SS_H9C2_20XH2O_Conf_StageII_PWP2_CellP_2x2_8St_20240606	Measurement 1	Evaluation5	PlateResults_Plate2.txt	Plate2
Plate2R13C08	13	8	1	0	232	4	0		0.4			Instrument	http://harmony-pc.pharmacy.ohio-state.edu/ODA/OdaService.asmx	59490a85-b03b-4089-b5fc-cf0c7a9ca28f	ZL_SS_H9C2_20XH2O_Conf_StageII_PWP2_CellP_2x2_8St_20240606	Measurement 1	Evaluation5	PlateResults_Plate2.txt	Plate2
Plate2R13C09	13	9	1	0	337	4	0		0.4			Instrument	http://harmony-pc.pharmacy.ohio-state.edu/ODA/OdaService.asmx	59490a85-b03b-4089-b5fc-cf0c7a9ca28f	ZL_SS_H9C2_20XH2O_Conf_StageII_PWP2_CellP_2x2_8St_20240606	Measurement 1	Evaluation5	PlateResults_Plate2.txt	Plate2
Plate2R13C10	13	10	1	0	312	4	0		0.4			Instrument	http://harmony-pc.pharmacy.ohio-state.edu/ODA/OdaService.asmx	59490a85-b03b-4089-b5fc-cf0c7a9ca28f	ZL_SS_H9C2_20XH2O_Conf_StageII_PWP2_CellP_2x2_8St_20240606	Measurement 1	Evaluation5	PlateResults_Plate2.txt	Plate2
Plate2R13C11	13	11	1	0	59	4	0		0.4			Instrument	http://harmony-pc.pharmacy.ohio-state.edu/ODA/OdaService.asmx	59490a85-b03b-4089-b5fc-cf0c7a9ca28f	ZL_SS_H9C2_20XH2O_Conf_StageII_PWP2_CellP_2x2_8St_20240606	Measurement 1	Evaluation5	PlateResults_Plate2.txt	Plate2
Plate2R13C12	13	12	1	0	297	4	0		0.4			Instrument	http://harmony-pc.pharmacy.ohio-state.edu/ODA/OdaService.asmx	59490a85-b03b-4089-b5fc-cf0c7a9ca28f	ZL_SS_H9C2_20XH2O_Conf_StageII_PWP2_CellP_2x2_8St_20240606	Measurement 1	Evaluation5	PlateResults_Plate2.txt	Plate2
Plate2R13C13	13	13	1	0	232	4	0		0.4			Instrument	http://harmony-pc.pharmacy.ohio-state.edu/ODA/OdaService.asmx	59490a85-b03b-4089-b5fc-cf0c7a9ca28f	ZL_SS_H9C2_20XH2O_Conf_StageII_PWP2_CellP_2x2_8St_20240606	Measurement 1	Evaluation5	PlateResults_Plate2.txt	Plate2
Plate2R13C14	13	14	1	0	335	4	0		0.4			Instrument	http://harmony-pc.pharmacy.ohio-state.edu/ODA/OdaService.asmx	59490a85-b03b-4089-b5fc-cf0c7a9ca28f	ZL_SS_H9C2_20XH2O_Conf_StageII_PWP2_CellP_2x2_8St_20240606	Measurement 1	Evaluation5	PlateResults_Plate2.txt	Plate2
Plate2R13C15	13	15	1	0	201	4	0		0.4			Instrument	http://harmony-pc.pharmacy.ohio-state.edu/ODA/OdaService.asmx	59490a85-b03b-4089-b5fc-cf0c7a9ca28f	ZL_SS_H9C2_20XH2O_Conf_StageII_PWP2_CellP_2x2_8St_20240606	Measurement 1	Evaluation5	PlateResults_Plate2.txt	Plate2
Plate2R13C16	13	16	1	0	242	4	0		0.4			Instrument	http://harmony-pc.pharmacy.ohio-state.edu/ODA/OdaService.asmx	59490a85-b03b-4089-b5fc-cf0c7a9ca28f	ZL_SS_H9C2_20XH2O_Conf_StageII_PWP2_CellP_2x2_8St_20240606	Measurement 1	Evaluation5	PlateResults_Plate2.txt	Plate2
Plate2R13C17	13	17	1	0	206	4	0		0.4			Instrument	http://harmony-pc.pharmacy.ohio-state.edu/ODA/OdaService.asmx	59490a85-b03b-4089-b5fc-cf0c7a9ca28f	ZL_SS_H9C2_20XH2O_Conf_StageII_PWP2_CellP_2x2_8St_20240606	Measurement 1	Evaluation5	PlateResults_Plate2.txt	Plate2
Plate2R13C18	13	18	1	0	253	4	0		0.4			Instrument	http://harmony-pc.pharmacy.ohio-state.edu/ODA/OdaService.asmx	59490a85-b03b-4089-b5fc-cf0c7a9ca28f	ZL_SS_H9C2_20XH2O_Conf_StageII_PWP2_CellP_2x2_8St_20240606	Measurement 1	Evaluation5	PlateResults_Plate2.txt	Plate2
Plate2R13C19	13	19	1	0	298	4	0		0.4			Instrument	http://harmony-pc.pharmacy.ohio-state.edu/ODA/OdaService.asmx	59490a85-b03b-4089-b5fc-cf0c7a9ca28f	ZL_SS_H9C2_20XH2O_Conf_StageII_PWP2_CellP_2x2_8St_20240606	Measurement 1	Evaluation5	PlateResults_Plate2.txt	Plate2
Plate2R13C20	13	20	1	0	278	4	0		0.4			Instrument	http://harmony-pc.pharmacy.ohio-state.edu/ODA/OdaService.asmx	59490a85-b03b-4089-b5fc-cf0c7a9ca28f	ZL_SS_H9C2_20XH2O_Conf_StageII_PWP2_CellP_2x2_8St_20240606	Measurement 1	Evaluation5	PlateResults_Plate2.txt	Plate2
Plate2R13C21	13	21	1	0	265	4	0		0.4			Instrument	http://harmony-pc.pharmacy.ohio-state.edu/ODA/OdaService.asmx	59490a85-b03b-4089-b5fc-cf0c7a9ca28f	ZL_SS_H9C2_20XH2O_Conf_StageII_PWP2_CellP_2x2_8St_20240606	Measurement 1	Evaluation5	PlateResults_Plate2.txt	Plate2
Plate2R13C22	13	22	1	0	210	4	0		0.4			Instrument	http://harmony-pc.pharmacy.ohio-state.edu/ODA/OdaService.asmx	59490a85-b03b-4089-b5fc-cf0c7a9ca28f	ZL_SS_H9C2_20XH2O_Conf_StageII_PWP2_CellP_2x2_8St_20240606	Measurement 1	Evaluation5	PlateResults_Plate2.txt	Plate2
Plate2R13C23	13	23	1	0	145	4	0	Cabo	0.246913580246914			Instrument	http://harmony-pc.pharmacy.ohio-state.edu/ODA/OdaService.asmx	59490a85-b03b-4089-b5fc-cf0c7a9ca28f	ZL_SS_H9C2_20XH2O_Conf_StageII_PWP2_CellP_2x2_8St_20240606	Measurement 1	Evaluation5	PlateResults_Plate2.txt	Plate2
Plate2R13C24	13	24	1	0	87	4	0	Cabo	0.246913580246914			Instrument	http://harmony-pc.pharmacy.ohio-state.edu/ODA/OdaService.asmx	59490a85-b03b-4089-b5fc-cf0c7a9ca28f	ZL_SS_H9C2_20XH2O_Conf_StageII_PWP2_CellP_2x2_8St_20240606	Measurement 1	Evaluation5	PlateResults_Plate2.txt	Plate2
Plate2R14C01	14	1	1	0	68	4	0	Dacti	0.00164609053497942			Instrument	http://harmony-pc.pharmacy.ohio-state.edu/ODA/OdaService.asmx	59490a85-b03b-4089-b5fc-cf0c7a9ca28f	ZL_SS_H9C2_20XH2O_Conf_StageII_PWP2_CellP_2x2_8St_20240606	Measurement 1	Evaluation5	PlateResults_Plate2.txt	Plate2
Plate2R14C02	14	2	1	0	66	4	0	Dacti	0.00164609053497942			Instrument	http://harmony-pc.pharmacy.ohio-state.edu/ODA/OdaService.asmx	59490a85-b03b-4089-b5fc-cf0c7a9ca28f	ZL_SS_H9C2_20XH2O_Conf_StageII_PWP2_CellP_2x2_8St_20240606	Measurement 1	Evaluation5	PlateResults_Plate2.txt	Plate2
Plate2R14C03	14	3	1	0	189	4	0		0.4			Instrument	http://harmony-pc.pharmacy.ohio-state.edu/ODA/OdaService.asmx	59490a85-b03b-4089-b5fc-cf0c7a9ca28f	ZL_SS_H9C2_20XH2O_Conf_StageII_PWP2_CellP_2x2_8St_20240606	Measurement 1	Evaluation5	PlateResults_Plate2.txt	Plate2
Plate2R14C04	14	4	1	0	216	4	0		0.4			Instrument	http://harmony-pc.pharmacy.ohio-state.edu/ODA/OdaService.asmx	59490a85-b03b-4089-b5fc-cf0c7a9ca28f	ZL_SS_H9C2_20XH2O_Conf_StageII_PWP2_CellP_2x2_8St_20240606	Measurement 1	Evaluation5	PlateResults_Plate2.txt	Plate2
Plate2R14C05	14	5	1	0	244	4	0		0.4			Instrument	http://harmony-pc.pharmacy.ohio-state.edu/ODA/OdaService.asmx	59490a85-b03b-4089-b5fc-cf0c7a9ca28f	ZL_SS_H9C2_20XH2O_Conf_StageII_PWP2_CellP_2x2_8St_20240606	Measurement 1	Evaluation5	PlateResults_Plate2.txt	Plate2
Plate2R14C06	14	6	1	0	201	4	0		0.4			Instrument	http://harmony-pc.pharmacy.ohio-state.edu/ODA/OdaService.asmx	59490a85-b03b-4089-b5fc-cf0c7a9ca28f	ZL_SS_H9C2_20XH2O_Conf_StageII_PWP2_CellP_2x2_8St_20240606	Measurement 1	Evaluation5	PlateResults_Plate2.txt	Plate2
Plate2R14C07	14	7	1	0	220	4	0		0.4			Instrument	http://harmony-pc.pharmacy.ohio-state.edu/ODA/OdaService.asmx	59490a85-b03b-4089-b5fc-cf0c7a9ca28f	ZL_SS_H9C2_20XH2O_Conf_StageII_PWP2_CellP_2x2_8St_20240606	Measurement 1	Evaluation5	PlateResults_Plate2.txt	Plate2
Plate2R14C08	14	8	1	0	228	4	0		0.4			Instrument	http://harmony-pc.pharmacy.ohio-state.edu/ODA/OdaService.asmx	59490a85-b03b-4089-b5fc-cf0c7a9ca28f	ZL_SS_H9C2_20XH2O_Conf_StageII_PWP2_CellP_2x2_8St_20240606	Measurement 1	Evaluation5	PlateResults_Plate2.txt	Plate2
Plate2R14C09	14	9	1	0	216	4	0		0.4			Instrument	http://harmony-pc.pharmacy.ohio-state.edu/ODA/OdaService.asmx	59490a85-b03b-4089-b5fc-cf0c7a9ca28f	ZL_SS_H9C2_20XH2O_Conf_StageII_PWP2_CellP_2x2_8St_20240606	Measurement 1	Evaluation5	PlateResults_Plate2.txt	Plate2
Plate2R14C10	14	10	1	0	241	4	0		0.4			Instrument	http://harmony-pc.pharmacy.ohio-state.edu/ODA/OdaService.asmx	59490a85-b03b-4089-b5fc-cf0c7a9ca28f	ZL_SS_H9C2_20XH2O_Conf_StageII_PWP2_CellP_2x2_8St_20240606	Measurement 1	Evaluation5	PlateResults_Plate2.txt	Plate2
Plate2R14C11	14	11	1	0	160	4	0		0.4			Instrument	http://harmony-pc.pharmacy.ohio-state.edu/ODA/OdaService.asmx	59490a85-b03b-4089-b5fc-cf0c7a9ca28f	ZL_SS_H9C2_20XH2O_Conf_StageII_PWP2_CellP_2x2_8St_20240606	Measurement 1	Evaluation5	PlateResults_Plate2.txt	Plate2
Plate2R14C12	14	12	1	0	200	4	0		0.4			Instrument	http://harmony-pc.pharmacy.ohio-state.edu/ODA/OdaService.asmx	59490a85-b03b-4089-b5fc-cf0c7a9ca28f	ZL_SS_H9C2_20XH2O_Conf_StageII_PWP2_CellP_2x2_8St_20240606	Measurement 1	Evaluation5	PlateResults_Plate2.txt	Plate2
Plate2R14C13	14	13	1	0	204	4	0		0.4			Instrument	http://harmony-pc.pharmacy.ohio-state.edu/ODA/OdaService.asmx	59490a85-b03b-4089-b5fc-cf0c7a9ca28f	ZL_SS_H9C2_20XH2O_Conf_StageII_PWP2_CellP_2x2_8St_20240606	Measurement 1	Evaluation5	PlateResults_Plate2.txt	Plate2
Plate2R14C14	14	14	1	0	263	4	0		0.4			Instrument	http://harmony-pc.pharmacy.ohio-state.edu/ODA/OdaService.asmx	59490a85-b03b-4089-b5fc-cf0c7a9ca28f	ZL_SS_H9C2_20XH2O_Conf_StageII_PWP2_CellP_2x2_8St_20240606	Measurement 1	Evaluation5	PlateResults_Plate2.txt	Plate2
Plate2R14C15	14	15	1	0	202	4	0		0.4			Instrument	http://harmony-pc.pharmacy.ohio-state.edu/ODA/OdaService.asmx	59490a85-b03b-4089-b5fc-cf0c7a9ca28f	ZL_SS_H9C2_20XH2O_Conf_StageII_PWP2_CellP_2x2_8St_20240606	Measurement 1	Evaluation5	PlateResults_Plate2.txt	Plate2
Plate2R14C16	14	16	1	0	204	4	0		0.4			Instrument	http://harmony-pc.pharmacy.ohio-state.edu/ODA/OdaService.asmx	59490a85-b03b-4089-b5fc-cf0c7a9ca28f	ZL_SS_H9C2_20XH2O_Conf_StageII_PWP2_CellP_2x2_8St_20240606	Measurement 1	Evaluation5	PlateResults_Plate2.txt	Plate2
Plate2R14C17	14	17	1	0	242	4	0		0.4			Instrument	http://harmony-pc.pharmacy.ohio-state.edu/ODA/OdaService.asmx	59490a85-b03b-4089-b5fc-cf0c7a9ca28f	ZL_SS_H9C2_20XH2O_Conf_StageII_PWP2_CellP_2x2_8St_20240606	Measurement 1	Evaluation5	PlateResults_Plate2.txt	Plate2
Plate2R14C18	14	18	1	0	202	4	0		0.4			Instrument	http://harmony-pc.pharmacy.ohio-state.edu/ODA/OdaService.asmx	59490a85-b03b-4089-b5fc-cf0c7a9ca28f	ZL_SS_H9C2_20XH2O_Conf_StageII_PWP2_CellP_2x2_8St_20240606	Measurement 1	Evaluation5	PlateResults_Plate2.txt	Plate2
Plate2R14C19	14	19	1	0	202	4	0		0.4			Instrument	http://harmony-pc.pharmacy.ohio-state.edu/ODA/OdaService.asmx	59490a85-b03b-4089-b5fc-cf0c7a9ca28f	ZL_SS_H9C2_20XH2O_Conf_StageII_PWP2_CellP_2x2_8St_20240606	Measurement 1	Evaluation5	PlateResults_Plate2.txt	Plate2
Plate2R14C20	14	20	1	0	225	4	0		0.4			Instrument	http://harmony-pc.pharmacy.ohio-state.edu/ODA/OdaService.asmx	59490a85-b03b-4089-b5fc-cf0c7a9ca28f	ZL_SS_H9C2_20XH2O_Conf_StageII_PWP2_CellP_2x2_8St_20240606	Measurement 1	Evaluation5	PlateResults_Plate2.txt	Plate2
Plate2R14C21	14	21	1	0	194	4	0		0.4			Instrument	http://harmony-pc.pharmacy.ohio-state.edu/ODA/OdaService.asmx	59490a85-b03b-4089-b5fc-cf0c7a9ca28f	ZL_SS_H9C2_20XH2O_Conf_StageII_PWP2_CellP_2x2_8St_20240606	Measurement 1	Evaluation5	PlateResults_Plate2.txt	Plate2
Plate2R14C22	14	22	1	0	238	4	0		0.4			Instrument	http://harmony-pc.pharmacy.ohio-state.edu/ODA/OdaService.asmx	59490a85-b03b-4089-b5fc-cf0c7a9ca28f	ZL_SS_H9C2_20XH2O_Conf_StageII_PWP2_CellP_2x2_8St_20240606	Measurement 1	Evaluation5	PlateResults_Plate2.txt	Plate2
Plate2R14C23	14	23	1	0	129	4	0	Cabo	0.0823045267489712			Instrument	http://harmony-pc.pharmacy.ohio-state.edu/ODA/OdaService.asmx	59490a85-b03b-4089-b5fc-cf0c7a9ca28f	ZL_SS_H9C2_20XH2O_Conf_StageII_PWP2_CellP_2x2_8St_20240606	Measurement 1	Evaluation5	PlateResults_Plate2.txt	Plate2
Plate2R14C24	14	24	1	0	142	4	0	Cabo	0.0823045267489712			Instrument	http://harmony-pc.pharmacy.ohio-state.edu/ODA/OdaService.asmx	59490a85-b03b-4089-b5fc-cf0c7a9ca28f	ZL_SS_H9C2_20XH2O_Conf_StageII_PWP2_CellP_2x2_8St_20240606	Measurement 1	Evaluation5	PlateResults_Plate2.txt	Plate2
Plate2R15C01	15	1	1	0	89	4	0	Dacti	5.4869684499314e-4			Instrument	http://harmony-pc.pharmacy.ohio-state.edu/ODA/OdaService.asmx	59490a85-b03b-4089-b5fc-cf0c7a9ca28f	ZL_SS_H9C2_20XH2O_Conf_StageII_PWP2_CellP_2x2_8St_20240606	Measurement 1	Evaluation5	PlateResults_Plate2.txt	Plate2
Plate2R15C02	15	2	1	0	69	4	0	Dacti	5.4869684499314e-4			Instrument	http://harmony-pc.pharmacy.ohio-state.edu/ODA/OdaService.asmx	59490a85-b03b-4089-b5fc-cf0c7a9ca28f	ZL_SS_H9C2_20XH2O_Conf_StageII_PWP2_CellP_2x2_8St_20240606	Measurement 1	Evaluation5	PlateResults_Plate2.txt	Plate2
Plate2R15C03	15	3	1	0	153	4	0		0.4			Instrument	http://harmony-pc.pharmacy.ohio-state.edu/ODA/OdaService.asmx	59490a85-b03b-4089-b5fc-cf0c7a9ca28f	ZL_SS_H9C2_20XH2O_Conf_StageII_PWP2_CellP_2x2_8St_20240606	Measurement 1	Evaluation5	PlateResults_Plate2.txt	Plate2
Plate2R15C04	15	4	1	0	193	4	0		0.4			Instrument	http://harmony-pc.pharmacy.ohio-state.edu/ODA/OdaService.asmx	59490a85-b03b-4089-b5fc-cf0c7a9ca28f	ZL_SS_H9C2_20XH2O_Conf_StageII_PWP2_CellP_2x2_8St_20240606	Measurement 1	Evaluation5	PlateResults_Plate2.txt	Plate2
Plate2R15C05	15	5	1	0	143	4	0		0.4			Instrument	http://harmony-pc.pharmacy.ohio-state.edu/ODA/OdaService.asmx	59490a85-b03b-4089-b5fc-cf0c7a9ca28f	ZL_SS_H9C2_20XH2O_Conf_StageII_PWP2_CellP_2x2_8St_20240606	Measurement 1	Evaluation5	PlateResults_Plate2.txt	Plate2
Plate2R15C06	15	6	1	0	198	4	0		0.4			Instrument	http://harmony-pc.pharmacy.ohio-state.edu/ODA/OdaService.asmx	59490a85-b03b-4089-b5fc-cf0c7a9ca28f	ZL_SS_H9C2_20XH2O_Conf_StageII_PWP2_CellP_2x2_8St_20240606	Measurement 1	Evaluation5	PlateResults_Plate2.txt	Plate2
Plate2R15C07	15	7	1	0	169	4	0		0.4			Instrument	http://harmony-pc.pharmacy.ohio-state.edu/ODA/OdaService.asmx	59490a85-b03b-4089-b5fc-cf0c7a9ca28f	ZL_SS_H9C2_20XH2O_Conf_StageII_PWP2_CellP_2x2_8St_20240606	Measurement 1	Evaluation5	PlateResults_Plate2.txt	Plate2
Plate2R15C08	15	8	1	0	202	4	0		0.4			Instrument	http://harmony-pc.pharmacy.ohio-state.edu/ODA/OdaService.asmx	59490a85-b03b-4089-b5fc-cf0c7a9ca28f	ZL_SS_H9C2_20XH2O_Conf_StageII_PWP2_CellP_2x2_8St_20240606	Measurement 1	Evaluation5	PlateResults_Plate2.txt	Plate2
Plate2R15C09	15	9	1	0	194	4	0		0.4			Instrument	http://harmony-pc.pharmacy.ohio-state.edu/ODA/OdaService.asmx	59490a85-b03b-4089-b5fc-cf0c7a9ca28f	ZL_SS_H9C2_20XH2O_Conf_StageII_PWP2_CellP_2x2_8St_20240606	Measurement 1	Evaluation5	PlateResults_Plate2.txt	Plate2
Plate2R15C10	15	10	1	0	192	4	0		0.4			Instrument	http://harmony-pc.pharmacy.ohio-state.edu/ODA/OdaService.asmx	59490a85-b03b-4089-b5fc-cf0c7a9ca28f	ZL_SS_H9C2_20XH2O_Conf_StageII_PWP2_CellP_2x2_8St_20240606	Measurement 1	Evaluation5	PlateResults_Plate2.txt	Plate2
Plate2R15C11	15	11	1	0	126	4	0		0.4			Instrument	http://harmony-pc.pharmacy.ohio-state.edu/ODA/OdaService.asmx	59490a85-b03b-4089-b5fc-cf0c7a9ca28f	ZL_SS_H9C2_20XH2O_Conf_StageII_PWP2_CellP_2x2_8St_20240606	Measurement 1	Evaluation5	PlateResults_Plate2.txt	Plate2
Plate2R15C12	15	12	1	0	171	4	0		0.4			Instrument	http://harmony-pc.pharmacy.ohio-state.edu/ODA/OdaService.asmx	59490a85-b03b-4089-b5fc-cf0c7a9ca28f	ZL_SS_H9C2_20XH2O_Conf_StageII_PWP2_CellP_2x2_8St_20240606	Measurement 1	Evaluation5	PlateResults_Plate2.txt	Plate2
Plate2R15C13	15	13	1	0	68	4	0		0.4			Instrument	http://harmony-pc.pharmacy.ohio-state.edu/ODA/OdaService.asmx	59490a85-b03b-4089-b5fc-cf0c7a9ca28f	ZL_SS_H9C2_20XH2O_Conf_StageII_PWP2_CellP_2x2_8St_20240606	Measurement 1	Evaluation5	PlateResults_Plate2.txt	Plate2
Plate2R15C14	15	14	1	0	189	4	0		0.4			Instrument	http://harmony-pc.pharmacy.ohio-state.edu/ODA/OdaService.asmx	59490a85-b03b-4089-b5fc-cf0c7a9ca28f	ZL_SS_H9C2_20XH2O_Conf_StageII_PWP2_CellP_2x2_8St_20240606	Measurement 1	Evaluation5	PlateResults_Plate2.txt	Plate2
Plate2R15C15	15	15	1	0	197	4	0		0.4			Instrument	http://harmony-pc.pharmacy.ohio-state.edu/ODA/OdaService.asmx	59490a85-b03b-4089-b5fc-cf0c7a9ca28f	ZL_SS_H9C2_20XH2O_Conf_StageII_PWP2_CellP_2x2_8St_20240606	Measurement 1	Evaluation5	PlateResults_Plate2.txt	Plate2
Plate2R15C16	15	16	1	0	158	4	0		0.4			Instrument	http://harmony-pc.pharmacy.ohio-state.edu/ODA/OdaService.asmx	59490a85-b03b-4089-b5fc-cf0c7a9ca28f	ZL_SS_H9C2_20XH2O_Conf_StageII_PWP2_CellP_2x2_8St_20240606	Measurement 1	Evaluation5	PlateResults_Plate2.txt	Plate2
Plate2R15C17	15	17	1	0	175	4	0		0.4			Instrument	http://harmony-pc.pharmacy.ohio-state.edu/ODA/OdaService.asmx	59490a85-b03b-4089-b5fc-cf0c7a9ca28f	ZL_SS_H9C2_20XH2O_Conf_StageII_PWP2_CellP_2x2_8St_20240606	Measurement 1	Evaluation5	PlateResults_Plate2.txt	Plate2
Plate2R15C18	15	18	1	0	195	4	0		0.4			Instrument	http://harmony-pc.pharmacy.ohio-state.edu/ODA/OdaService.asmx	59490a85-b03b-4089-b5fc-cf0c7a9ca28f	ZL_SS_H9C2_20XH2O_Conf_StageII_PWP2_CellP_2x2_8St_20240606	Measurement 1	Evaluation5	PlateResults_Plate2.txt	Plate2
Plate2R15C19	15	19	1	0	168	4	0		0.4			Instrument	http://harmony-pc.pharmacy.ohio-state.edu/ODA/OdaService.asmx	59490a85-b03b-4089-b5fc-cf0c7a9ca28f	ZL_SS_H9C2_20XH2O_Conf_StageII_PWP2_CellP_2x2_8St_20240606	Measurement 1	Evaluation5	PlateResults_Plate2.txt	Plate2
Plate2R15C20	15	20	1	0	189	4	0		0.4			Instrument	http://harmony-pc.pharmacy.ohio-state.edu/ODA/OdaService.asmx	59490a85-b03b-4089-b5fc-cf0c7a9ca28f	ZL_SS_H9C2_20XH2O_Conf_StageII_PWP2_CellP_2x2_8St_20240606	Measurement 1	Evaluation5	PlateResults_Plate2.txt	Plate2
Plate2R15C21	15	21	1	0	164	4	0		0.4			Instrument	http://harmony-pc.pharmacy.ohio-state.edu/ODA/OdaService.asmx	59490a85-b03b-4089-b5fc-cf0c7a9ca28f	ZL_SS_H9C2_20XH2O_Conf_StageII_PWP2_CellP_2x2_8St_20240606	Measurement 1	Evaluation5	PlateResults_Plate2.txt	Plate2
Plate2R15C22	15	22	1	5	118	4	0		0.4			Instrument	http://harmony-pc.pharmacy.ohio-state.edu/ODA/OdaService.asmx	59490a85-b03b-4089-b5fc-cf0c7a9ca28f	ZL_SS_H9C2_20XH2O_Conf_StageII_PWP2_CellP_2x2_8St_20240606	Measurement 1	Evaluation5	PlateResults_Plate2.txt	Plate2
Plate2R15C23	15	23	1	0	166	4	0	Cabo	0.0274348422496571			Instrument	http://harmony-pc.pharmacy.ohio-state.edu/ODA/OdaService.asmx	59490a85-b03b-4089-b5fc-cf0c7a9ca28f	ZL_SS_H9C2_20XH2O_Conf_StageII_PWP2_CellP_2x2_8St_20240606	Measurement 1	Evaluation5	PlateResults_Plate2.txt	Plate2
Plate2R15C24	15	24	1	0	133	4	0	Cabo	0.0274348422496571			Instrument	http://harmony-pc.pharmacy.ohio-state.edu/ODA/OdaService.asmx	59490a85-b03b-4089-b5fc-cf0c7a9ca28f	ZL_SS_H9C2_20XH2O_Conf_StageII_PWP2_CellP_2x2_8St_20240606	Measurement 1	Evaluation5	PlateResults_Plate2.txt	Plate2
Plate2R16C01	16	1	1	0	223	4	0	Dacti	1.8289894833104e-4			Instrument	http://harmony-pc.pharmacy.ohio-state.edu/ODA/OdaService.asmx	59490a85-b03b-4089-b5fc-cf0c7a9ca28f	ZL_SS_H9C2_20XH2O_Conf_StageII_PWP2_CellP_2x2_8St_20240606	Measurement 1	Evaluation5	PlateResults_Plate2.txt	Plate2
Plate2R16C02	16	2	1	0	167	4	0	Dacti	1.8289894833104e-4			Instrument	http://harmony-pc.pharmacy.ohio-state.edu/ODA/OdaService.asmx	59490a85-b03b-4089-b5fc-cf0c7a9ca28f	ZL_SS_H9C2_20XH2O_Conf_StageII_PWP2_CellP_2x2_8St_20240606	Measurement 1	Evaluation5	PlateResults_Plate2.txt	Plate2
Plate2R16C03	16	3	1	0	211	4	0		0.4			Instrument	http://harmony-pc.pharmacy.ohio-state.edu/ODA/OdaService.asmx	59490a85-b03b-4089-b5fc-cf0c7a9ca28f	ZL_SS_H9C2_20XH2O_Conf_StageII_PWP2_CellP_2x2_8St_20240606	Measurement 1	Evaluation5	PlateResults_Plate2.txt	Plate2
Plate2R16C04	16	4	1	0	178	4	0		0.4			Instrument	http://harmony-pc.pharmacy.ohio-state.edu/ODA/OdaService.asmx	59490a85-b03b-4089-b5fc-cf0c7a9ca28f	ZL_SS_H9C2_20XH2O_Conf_StageII_PWP2_CellP_2x2_8St_20240606	Measurement 1	Evaluation5	PlateResults_Plate2.txt	Plate2
Plate2R16C05	16	5	1	0	131	4	0		0.4			Instrument	http://harmony-pc.pharmacy.ohio-state.edu/ODA/OdaService.asmx	59490a85-b03b-4089-b5fc-cf0c7a9ca28f	ZL_SS_H9C2_20XH2O_Conf_StageII_PWP2_CellP_2x2_8St_20240606	Measurement 1	Evaluation5	PlateResults_Plate2.txt	Plate2
Plate2R16C06	16	6	1	0	154	4	0		0.4			Instrument	http://harmony-pc.pharmacy.ohio-state.edu/ODA/OdaService.asmx	59490a85-b03b-4089-b5fc-cf0c7a9ca28f	ZL_SS_H9C2_20XH2O_Conf_StageII_PWP2_CellP_2x2_8St_20240606	Measurement 1	Evaluation5	PlateResults_Plate2.txt	Plate2
Plate2R16C07	16	7	1	0	217	4	0		0.4			Instrument	http://harmony-pc.pharmacy.ohio-state.edu/ODA/OdaService.asmx	59490a85-b03b-4089-b5fc-cf0c7a9ca28f	ZL_SS_H9C2_20XH2O_Conf_StageII_PWP2_CellP_2x2_8St_20240606	Measurement 1	Evaluation5	PlateResults_Plate2.txt	Plate2
Plate2R16C08	16	8	1	0	165	4	0		0.4			Instrument	http://harmony-pc.pharmacy.ohio-state.edu/ODA/OdaService.asmx	59490a85-b03b-4089-b5fc-cf0c7a9ca28f	ZL_SS_H9C2_20XH2O_Conf_StageII_PWP2_CellP_2x2_8St_20240606	Measurement 1	Evaluation5	PlateResults_Plate2.txt	Plate2
Plate2R16C09	16	9	1	0	145	4	0		0.4			Instrument	http://harmony-pc.pharmacy.ohio-state.edu/ODA/OdaService.asmx	59490a85-b03b-4089-b5fc-cf0c7a9ca28f	ZL_SS_H9C2_20XH2O_Conf_StageII_PWP2_CellP_2x2_8St_20240606	Measurement 1	Evaluation5	PlateResults_Plate2.txt	Plate2
Plate2R16C10	16	10	1	0	169	4	0		0.4			Instrument	http://harmony-pc.pharmacy.ohio-state.edu/ODA/OdaService.asmx	59490a85-b03b-4089-b5fc-cf0c7a9ca28f	ZL_SS_H9C2_20XH2O_Conf_StageII_PWP2_CellP_2x2_8St_20240606	Measurement 1	Evaluation5	PlateResults_Plate2.txt	Plate2
Plate2R16C11	16	11	1	0	222	4	0		0.4			Instrument	http://harmony-pc.pharmacy.ohio-state.edu/ODA/OdaService.asmx	59490a85-b03b-4089-b5fc-cf0c7a9ca28f	ZL_SS_H9C2_20XH2O_Conf_StageII_PWP2_CellP_2x2_8St_20240606	Measurement 1	Evaluation5	PlateResults_Plate2.txt	Plate2
Plate2R16C12	16	12	1	0	192	4	0		0.4			Instrument	http://harmony-pc.pharmacy.ohio-state.edu/ODA/OdaService.asmx	59490a85-b03b-4089-b5fc-cf0c7a9ca28f	ZL_SS_H9C2_20XH2O_Conf_StageII_PWP2_CellP_2x2_8St_20240606	Measurement 1	Evaluation5	PlateResults_Plate2.txt	Plate2
Plate2R16C13	16	13	1	0	163	4	0		0.4			Instrument	http://harmony-pc.pharmacy.ohio-state.edu/ODA/OdaService.asmx	59490a85-b03b-4089-b5fc-cf0c7a9ca28f	ZL_SS_H9C2_20XH2O_Conf_StageII_PWP2_CellP_2x2_8St_20240606	Measurement 1	Evaluation5	PlateResults_Plate2.txt	Plate2
Plate2R16C14	16	14	1	0	198	4	0		0.4			Instrument	http://harmony-pc.pharmacy.ohio-state.edu/ODA/OdaService.asmx	59490a85-b03b-4089-b5fc-cf0c7a9ca28f	ZL_SS_H9C2_20XH2O_Conf_StageII_PWP2_CellP_2x2_8St_20240606	Measurement 1	Evaluation5	PlateResults_Plate2.txt	Plate2
Plate2R16C15	16	15	1	0	153	4	0		0.4			Instrument	http://harmony-pc.pharmacy.ohio-state.edu/ODA/OdaService.asmx	59490a85-b03b-4089-b5fc-cf0c7a9ca28f	ZL_SS_H9C2_20XH2O_Conf_StageII_PWP2_CellP_2x2_8St_20240606	Measurement 1	Evaluation5	PlateResults_Plate2.txt	Plate2
Plate2R16C16	16	16	1	0	181	4	0		0.4			Instrument	http://harmony-pc.pharmacy.ohio-state.edu/ODA/OdaService.asmx	59490a85-b03b-4089-b5fc-cf0c7a9ca28f	ZL_SS_H9C2_20XH2O_Conf_StageII_PWP2_CellP_2x2_8St_20240606	Measurement 1	Evaluation5	PlateResults_Plate2.txt	Plate2
Plate2R16C17	16	17	1	0	156	4	0		0.4			Instrument	http://harmony-pc.pharmacy.ohio-state.edu/ODA/OdaService.asmx	59490a85-b03b-4089-b5fc-cf0c7a9ca28f	ZL_SS_H9C2_20XH2O_Conf_StageII_PWP2_CellP_2x2_8St_20240606	Measurement 1	Evaluation5	PlateResults_Plate2.txt	Plate2
Plate2R16C18	16	18	1	0	172	4	0		0.4			Instrument	http://harmony-pc.pharmacy.ohio-state.edu/ODA/OdaService.asmx	59490a85-b03b-4089-b5fc-cf0c7a9ca28f	ZL_SS_H9C2_20XH2O_Conf_StageII_PWP2_CellP_2x2_8St_20240606	Measurement 1	Evaluation5	PlateResults_Plate2.txt	Plate2
Plate2R16C19	16	19	1	0	206	4	0		0.4			Instrument	http://harmony-pc.pharmacy.ohio-state.edu/ODA/OdaService.asmx	59490a85-b03b-4089-b5fc-cf0c7a9ca28f	ZL_SS_H9C2_20XH2O_Conf_StageII_PWP2_CellP_2x2_8St_20240606	Measurement 1	Evaluation5	PlateResults_Plate2.txt	Plate2
Plate2R16C20	16	20	1	0	190	4	0		0.4			Instrument	http://harmony-pc.pharmacy.ohio-state.edu/ODA/OdaService.asmx	59490a85-b03b-4089-b5fc-cf0c7a9ca28f	ZL_SS_H9C2_20XH2O_Conf_StageII_PWP2_CellP_2x2_8St_20240606	Measurement 1	Evaluation5	PlateResults_Plate2.txt	Plate2
Plate2R16C21	16	21	1	0	234	4	0		0.4			Instrument	http://harmony-pc.pharmacy.ohio-state.edu/ODA/OdaService.asmx	59490a85-b03b-4089-b5fc-cf0c7a9ca28f	ZL_SS_H9C2_20XH2O_Conf_StageII_PWP2_CellP_2x2_8St_20240606	Measurement 1	Evaluation5	PlateResults_Plate2.txt	Plate2
Plate2R16C22	16	22	1	0	130	4	0		0.4			Instrument	http://harmony-pc.pharmacy.ohio-state.edu/ODA/OdaService.asmx	59490a85-b03b-4089-b5fc-cf0c7a9ca28f	ZL_SS_H9C2_20XH2O_Conf_StageII_PWP2_CellP_2x2_8St_20240606	Measurement 1	Evaluation5	PlateResults_Plate2.txt	Plate2
Plate2R16C23	16	23	1	0	113	4	0	Cabo	0.00914494741655235			Instrument	http://harmony-pc.pharmacy.ohio-state.edu/ODA/OdaService.asmx	59490a85-b03b-4089-b5fc-cf0c7a9ca28f	ZL_SS_H9C2_20XH2O_Conf_StageII_PWP2_CellP_2x2_8St_20240606	Measurement 1	Evaluation5	PlateResults_Plate2.txt	Plate2
Plate2R16C24	16	24	1	0	186	4	0	Cabo	0.00914494741655235			Instrument	http://harmony-pc.pharmacy.ohio-state.edu/ODA/OdaService.asmx	59490a85-b03b-4089-b5fc-cf0c7a9ca28f	ZL_SS_H9C2_20XH2O_Conf_StageII_PWP2_CellP_2x2_8St_20240606	Measurement 1	Evaluation5	PlateResults_Plate2.txt	Plate2
Plate3R01C01	1	1	1	0	306	4	0	DMSO	0.001			Instrument	http://harmony-pc.pharmacy.ohio-state.edu/ODA/OdaService.asmx	3f8b5837-0814-4c76-be5a-aea05ef4bfc8	ZL_SS_H9C2_20XH2O_Conf_StageII_PWP3_CellP_2x2_8St_20240606	Measurement 1	Evaluation5	PlateResults_Plate3.txt	Plate3
Plate3R01C02	1	2	1	0	269	4	0	DMSO	0.001			Instrument	http://harmony-pc.pharmacy.ohio-state.edu/ODA/OdaService.asmx	3f8b5837-0814-4c76-be5a-aea05ef4bfc8	ZL_SS_H9C2_20XH2O_Conf_StageII_PWP3_CellP_2x2_8St_20240606	Measurement 1	Evaluation5	PlateResults_Plate3.txt	Plate3
Plate3R01C03	1	3	1	0	189	4	0		0.4			Instrument	http://harmony-pc.pharmacy.ohio-state.edu/ODA/OdaService.asmx	3f8b5837-0814-4c76-be5a-aea05ef4bfc8	ZL_SS_H9C2_20XH2O_Conf_StageII_PWP3_CellP_2x2_8St_20240606	Measurement 1	Evaluation5	PlateResults_Plate3.txt	Plate3
Plate3R01C04	1	4	1	0	250	4	0		0.4			Instrument	http://harmony-pc.pharmacy.ohio-state.edu/ODA/OdaService.asmx	3f8b5837-0814-4c76-be5a-aea05ef4bfc8	ZL_SS_H9C2_20XH2O_Conf_StageII_PWP3_CellP_2x2_8St_20240606	Measurement 1	Evaluation5	PlateResults_Plate3.txt	Plate3
Plate3R01C05	1	5	1	0	297	4	0		0.4			Instrument	http://harmony-pc.pharmacy.ohio-state.edu/ODA/OdaService.asmx	3f8b5837-0814-4c76-be5a-aea05ef4bfc8	ZL_SS_H9C2_20XH2O_Conf_StageII_PWP3_CellP_2x2_8St_20240606	Measurement 1	Evaluation5	PlateResults_Plate3.txt	Plate3
Plate3R01C06	1	6	1	0	186	4	0		0.4			Instrument	http://harmony-pc.pharmacy.ohio-state.edu/ODA/OdaService.asmx	3f8b5837-0814-4c76-be5a-aea05ef4bfc8	ZL_SS_H9C2_20XH2O_Conf_StageII_PWP3_CellP_2x2_8St_20240606	Measurement 1	Evaluation5	PlateResults_Plate3.txt	Plate3
Plate3R01C07	1	7	1	0	179	4	0		0.4			Instrument	http://harmony-pc.pharmacy.ohio-state.edu/ODA/OdaService.asmx	3f8b5837-0814-4c76-be5a-aea05ef4bfc8	ZL_SS_H9C2_20XH2O_Conf_StageII_PWP3_CellP_2x2_8St_20240606	Measurement 1	Evaluation5	PlateResults_Plate3.txt	Plate3
Plate3R01C08	1	8	1	0	218	4	0		0.4			Instrument	http://harmony-pc.pharmacy.ohio-state.edu/ODA/OdaService.asmx	3f8b5837-0814-4c76-be5a-aea05ef4bfc8	ZL_SS_H9C2_20XH2O_Conf_StageII_PWP3_CellP_2x2_8St_20240606	Measurement 1	Evaluation5	PlateResults_Plate3.txt	Plate3
Plate3R01C09	1	9	1	0	326	4	0		0.4			Instrument	http://harmony-pc.pharmacy.ohio-state.edu/ODA/OdaService.asmx	3f8b5837-0814-4c76-be5a-aea05ef4bfc8	ZL_SS_H9C2_20XH2O_Conf_StageII_PWP3_CellP_2x2_8St_20240606	Measurement 1	Evaluation5	PlateResults_Plate3.txt	Plate3
Plate3R01C10	1	10	1	0	224	4	0		0.4			Instrument	http://harmony-pc.pharmacy.ohio-state.edu/ODA/OdaService.asmx	3f8b5837-0814-4c76-be5a-aea05ef4bfc8	ZL_SS_H9C2_20XH2O_Conf_StageII_PWP3_CellP_2x2_8St_20240606	Measurement 1	Evaluation5	PlateResults_Plate3.txt	Plate3
Plate3R01C11	1	11	1	0	272	4	0		0.4			Instrument	http://harmony-pc.pharmacy.ohio-state.edu/ODA/OdaService.asmx	3f8b5837-0814-4c76-be5a-aea05ef4bfc8	ZL_SS_H9C2_20XH2O_Conf_StageII_PWP3_CellP_2x2_8St_20240606	Measurement 1	Evaluation5	PlateResults_Plate3.txt	Plate3
Plate3R01C12	1	12	1	0	218	4	0		0.4			Instrument	http://harmony-pc.pharmacy.ohio-state.edu/ODA/OdaService.asmx	3f8b5837-0814-4c76-be5a-aea05ef4bfc8	ZL_SS_H9C2_20XH2O_Conf_StageII_PWP3_CellP_2x2_8St_20240606	Measurement 1	Evaluation5	PlateResults_Plate3.txt	Plate3
Plate3R01C13	1	13	1	0	271	4	0		0.4			Instrument	http://harmony-pc.pharmacy.ohio-state.edu/ODA/OdaService.asmx	3f8b5837-0814-4c76-be5a-aea05ef4bfc8	ZL_SS_H9C2_20XH2O_Conf_StageII_PWP3_CellP_2x2_8St_20240606	Measurement 1	Evaluation5	PlateResults_Plate3.txt	Plate3
Plate3R01C14	1	14	1	0	116	4	0		0.4			Instrument	http://harmony-pc.pharmacy.ohio-state.edu/ODA/OdaService.asmx	3f8b5837-0814-4c76-be5a-aea05ef4bfc8	ZL_SS_H9C2_20XH2O_Conf_StageII_PWP3_CellP_2x2_8St_20240606	Measurement 1	Evaluation5	PlateResults_Plate3.txt	Plate3
Plate3R01C15	1	15	1	0	221	4	0		0.4			Instrument	http://harmony-pc.pharmacy.ohio-state.edu/ODA/OdaService.asmx	3f8b5837-0814-4c76-be5a-aea05ef4bfc8	ZL_SS_H9C2_20XH2O_Conf_StageII_PWP3_CellP_2x2_8St_20240606	Measurement 1	Evaluation5	PlateResults_Plate3.txt	Plate3
Plate3R01C16	1	16	1	0	302	4	0		0.4			Instrument	http://harmony-pc.pharmacy.ohio-state.edu/ODA/OdaService.asmx	3f8b5837-0814-4c76-be5a-aea05ef4bfc8	ZL_SS_H9C2_20XH2O_Conf_StageII_PWP3_CellP_2x2_8St_20240606	Measurement 1	Evaluation5	PlateResults_Plate3.txt	Plate3
Plate3R01C17	1	17	1	0	288	4	0		0.4			Instrument	http://harmony-pc.pharmacy.ohio-state.edu/ODA/OdaService.asmx	3f8b5837-0814-4c76-be5a-aea05ef4bfc8	ZL_SS_H9C2_20XH2O_Conf_StageII_PWP3_CellP_2x2_8St_20240606	Measurement 1	Evaluation5	PlateResults_Plate3.txt	Plate3
Plate3R01C18	1	18	1	0	315	4	0		0.4			Instrument	http://harmony-pc.pharmacy.ohio-state.edu/ODA/OdaService.asmx	3f8b5837-0814-4c76-be5a-aea05ef4bfc8	ZL_SS_H9C2_20XH2O_Conf_StageII_PWP3_CellP_2x2_8St_20240606	Measurement 1	Evaluation5	PlateResults_Plate3.txt	Plate3
Plate3R01C19	1	19	1	0	287	4	0		0.4			Instrument	http://harmony-pc.pharmacy.ohio-state.edu/ODA/OdaService.asmx	3f8b5837-0814-4c76-be5a-aea05ef4bfc8	ZL_SS_H9C2_20XH2O_Conf_StageII_PWP3_CellP_2x2_8St_20240606	Measurement 1	Evaluation5	PlateResults_Plate3.txt	Plate3
Plate3R01C20	1	20	1	0	285	4	0		0.4			Instrument	http://harmony-pc.pharmacy.ohio-state.edu/ODA/OdaService.asmx	3f8b5837-0814-4c76-be5a-aea05ef4bfc8	ZL_SS_H9C2_20XH2O_Conf_StageII_PWP3_CellP_2x2_8St_20240606	Measurement 1	Evaluation5	PlateResults_Plate3.txt	Plate3
Plate3R01C21	1	21	1	0	252	4	0		0.4			Instrument	http://harmony-pc.pharmacy.ohio-state.edu/ODA/OdaService.asmx	3f8b5837-0814-4c76-be5a-aea05ef4bfc8	ZL_SS_H9C2_20XH2O_Conf_StageII_PWP3_CellP_2x2_8St_20240606	Measurement 1	Evaluation5	PlateResults_Plate3.txt	Plate3
Plate3R01C22	1	22	1	0	208	4	0		0.4			Instrument	http://harmony-pc.pharmacy.ohio-state.edu/ODA/OdaService.asmx	3f8b5837-0814-4c76-be5a-aea05ef4bfc8	ZL_SS_H9C2_20XH2O_Conf_StageII_PWP3_CellP_2x2_8St_20240606	Measurement 1	Evaluation5	PlateResults_Plate3.txt	Plate3
Plate3R01C23	1	23	1	0	63	4	0	Axit	20			Instrument	http://harmony-pc.pharmacy.ohio-state.edu/ODA/OdaService.asmx	3f8b5837-0814-4c76-be5a-aea05ef4bfc8	ZL_SS_H9C2_20XH2O_Conf_StageII_PWP3_CellP_2x2_8St_20240606	Measurement 1	Evaluation5	PlateResults_Plate3.txt	Plate3
Plate3R01C24	1	24	1	0	76	4	0	Axit	20			Instrument	http://harmony-pc.pharmacy.ohio-state.edu/ODA/OdaService.asmx	3f8b5837-0814-4c76-be5a-aea05ef4bfc8	ZL_SS_H9C2_20XH2O_Conf_StageII_PWP3_CellP_2x2_8St_20240606	Measurement 1	Evaluation5	PlateResults_Plate3.txt	Plate3
Plate3R02C01	2	1	1	0	196	4	0	DMSO	0.001			Instrument	http://harmony-pc.pharmacy.ohio-state.edu/ODA/OdaService.asmx	3f8b5837-0814-4c76-be5a-aea05ef4bfc8	ZL_SS_H9C2_20XH2O_Conf_StageII_PWP3_CellP_2x2_8St_20240606	Measurement 1	Evaluation5	PlateResults_Plate3.txt	Plate3
Plate3R02C02	2	2	1	0	193	4	0	DMSO				Instrument	http://harmony-pc.pharmacy.ohio-state.edu/ODA/OdaService.asmx	3f8b5837-0814-4c76-be5a-aea05ef4bfc8	ZL_SS_H9C2_20XH2O_Conf_StageII_PWP3_CellP_2x2_8St_20240606	Measurement 1	Evaluation5	PlateResults_Plate3.txt	Plate3
Plate3R02C03	2	3	1	0	209	4	0		0.4			Instrument	http://harmony-pc.pharmacy.ohio-state.edu/ODA/OdaService.asmx	3f8b5837-0814-4c76-be5a-aea05ef4bfc8	ZL_SS_H9C2_20XH2O_Conf_StageII_PWP3_CellP_2x2_8St_20240606	Measurement 1	Evaluation5	PlateResults_Plate3.txt	Plate3
Plate3R02C04	2	4	1	0	159	4	0		0.4			Instrument	http://harmony-pc.pharmacy.ohio-state.edu/ODA/OdaService.asmx	3f8b5837-0814-4c76-be5a-aea05ef4bfc8	ZL_SS_H9C2_20XH2O_Conf_StageII_PWP3_CellP_2x2_8St_20240606	Measurement 1	Evaluation5	PlateResults_Plate3.txt	Plate3
Plate3R02C05	2	5	1	0	215	4	0		0.4			Instrument	http://harmony-pc.pharmacy.ohio-state.edu/ODA/OdaService.asmx	3f8b5837-0814-4c76-be5a-aea05ef4bfc8	ZL_SS_H9C2_20XH2O_Conf_StageII_PWP3_CellP_2x2_8St_20240606	Measurement 1	Evaluation5	PlateResults_Plate3.txt	Plate3
Plate3R02C06	2	6	1	0	224	4	0		0.4			Instrument	http://harmony-pc.pharmacy.ohio-state.edu/ODA/OdaService.asmx	3f8b5837-0814-4c76-be5a-aea05ef4bfc8	ZL_SS_H9C2_20XH2O_Conf_StageII_PWP3_CellP_2x2_8St_20240606	Measurement 1	Evaluation5	PlateResults_Plate3.txt	Plate3
Plate3R02C07	2	7	1	0	253	4	0		0.4			Instrument	http://harmony-pc.pharmacy.ohio-state.edu/ODA/OdaService.asmx	3f8b5837-0814-4c76-be5a-aea05ef4bfc8	ZL_SS_H9C2_20XH2O_Conf_StageII_PWP3_CellP_2x2_8St_20240606	Measurement 1	Evaluation5	PlateResults_Plate3.txt	Plate3
Plate3R02C08	2	8	1	0	145	4	0		0.4			Instrument	http://harmony-pc.pharmacy.ohio-state.edu/ODA/OdaService.asmx	3f8b5837-0814-4c76-be5a-aea05ef4bfc8	ZL_SS_H9C2_20XH2O_Conf_StageII_PWP3_CellP_2x2_8St_20240606	Measurement 1	Evaluation5	PlateResults_Plate3.txt	Plate3
Plate3R02C09	2	9	1	0	289	4	0		0.4			Instrument	http://harmony-pc.pharmacy.ohio-state.edu/ODA/OdaService.asmx	3f8b5837-0814-4c76-be5a-aea05ef4bfc8	ZL_SS_H9C2_20XH2O_Conf_StageII_PWP3_CellP_2x2_8St_20240606	Measurement 1	Evaluation5	PlateResults_Plate3.txt	Plate3
Plate3R02C10	2	10	1	0	159	4	0		0.4			Instrument	http://harmony-pc.pharmacy.ohio-state.edu/ODA/OdaService.asmx	3f8b5837-0814-4c76-be5a-aea05ef4bfc8	ZL_SS_H9C2_20XH2O_Conf_StageII_PWP3_CellP_2x2_8St_20240606	Measurement 1	Evaluation5	PlateResults_Plate3.txt	Plate3
Plate3R02C11	2	11	1	0	191	4	0		0.4			Instrument	http://harmony-pc.pharmacy.ohio-state.edu/ODA/OdaService.asmx	3f8b5837-0814-4c76-be5a-aea05ef4bfc8	ZL_SS_H9C2_20XH2O_Conf_StageII_PWP3_CellP_2x2_8St_20240606	Measurement 1	Evaluation5	PlateResults_Plate3.txt	Plate3
Plate3R02C12	2	12	1	0	173	4	0		0.4			Instrument	http://harmony-pc.pharmacy.ohio-state.edu/ODA/OdaService.asmx	3f8b5837-0814-4c76-be5a-aea05ef4bfc8	ZL_SS_H9C2_20XH2O_Conf_StageII_PWP3_CellP_2x2_8St_20240606	Measurement 1	Evaluation5	PlateResults_Plate3.txt	Plate3
Plate3R02C13	2	13	1	0	189	4	0		0.4			Instrument	http://harmony-pc.pharmacy.ohio-state.edu/ODA/OdaService.asmx	3f8b5837-0814-4c76-be5a-aea05ef4bfc8	ZL_SS_H9C2_20XH2O_Conf_StageII_PWP3_CellP_2x2_8St_20240606	Measurement 1	Evaluation5	PlateResults_Plate3.txt	Plate3
Plate3R02C14	2	14	1	0	171	4	0		0.4			Instrument	http://harmony-pc.pharmacy.ohio-state.edu/ODA/OdaService.asmx	3f8b5837-0814-4c76-be5a-aea05ef4bfc8	ZL_SS_H9C2_20XH2O_Conf_StageII_PWP3_CellP_2x2_8St_20240606	Measurement 1	Evaluation5	PlateResults_Plate3.txt	Plate3
Plate3R02C15	2	15	1	0	202	4	0		0.4			Instrument	http://harmony-pc.pharmacy.ohio-state.edu/ODA/OdaService.asmx	3f8b5837-0814-4c76-be5a-aea05ef4bfc8	ZL_SS_H9C2_20XH2O_Conf_StageII_PWP3_CellP_2x2_8St_20240606	Measurement 1	Evaluation5	PlateResults_Plate3.txt	Plate3
Plate3R02C16	2	16	1	0	180	4	0		0.4			Instrument	http://harmony-pc.pharmacy.ohio-state.edu/ODA/OdaService.asmx	3f8b5837-0814-4c76-be5a-aea05ef4bfc8	ZL_SS_H9C2_20XH2O_Conf_StageII_PWP3_CellP_2x2_8St_20240606	Measurement 1	Evaluation5	PlateResults_Plate3.txt	Plate3
Plate3R02C17	2	17	1	0	203	4	0		0.4			Instrument	http://harmony-pc.pharmacy.ohio-state.edu/ODA/OdaService.asmx	3f8b5837-0814-4c76-be5a-aea05ef4bfc8	ZL_SS_H9C2_20XH2O_Conf_StageII_PWP3_CellP_2x2_8St_20240606	Measurement 1	Evaluation5	PlateResults_Plate3.txt	Plate3
Plate3R02C18	2	18	1	0	213	4	0		0.4			Instrument	http://harmony-pc.pharmacy.ohio-state.edu/ODA/OdaService.asmx	3f8b5837-0814-4c76-be5a-aea05ef4bfc8	ZL_SS_H9C2_20XH2O_Conf_StageII_PWP3_CellP_2x2_8St_20240606	Measurement 1	Evaluation5	PlateResults_Plate3.txt	Plate3
Plate3R02C19	2	19	1	0	213	4	0		0.4			Instrument	http://harmony-pc.pharmacy.ohio-state.edu/ODA/OdaService.asmx	3f8b5837-0814-4c76-be5a-aea05ef4bfc8	ZL_SS_H9C2_20XH2O_Conf_StageII_PWP3_CellP_2x2_8St_20240606	Measurement 1	Evaluation5	PlateResults_Plate3.txt	Plate3
Plate3R02C20	2	20	1	0	206	4	0		0.4			Instrument	http://harmony-pc.pharmacy.ohio-state.edu/ODA/OdaService.asmx	3f8b5837-0814-4c76-be5a-aea05ef4bfc8	ZL_SS_H9C2_20XH2O_Conf_StageII_PWP3_CellP_2x2_8St_20240606	Measurement 1	Evaluation5	PlateResults_Plate3.txt	Plate3
Plate3R02C21	2	21	1	0	305	4	0		0.4			Instrument	http://harmony-pc.pharmacy.ohio-state.edu/ODA/OdaService.asmx	3f8b5837-0814-4c76-be5a-aea05ef4bfc8	ZL_SS_H9C2_20XH2O_Conf_StageII_PWP3_CellP_2x2_8St_20240606	Measurement 1	Evaluation5	PlateResults_Plate3.txt	Plate3
Plate3R02C22	2	22	1	0	202	4	0		0.4			Instrument	http://harmony-pc.pharmacy.ohio-state.edu/ODA/OdaService.asmx	3f8b5837-0814-4c76-be5a-aea05ef4bfc8	ZL_SS_H9C2_20XH2O_Conf_StageII_PWP3_CellP_2x2_8St_20240606	Measurement 1	Evaluation5	PlateResults_Plate3.txt	Plate3
Plate3R02C23	2	23	1	0	71	4	0	Axit	6.66666666666667			Instrument	http://harmony-pc.pharmacy.ohio-state.edu/ODA/OdaService.asmx	3f8b5837-0814-4c76-be5a-aea05ef4bfc8	ZL_SS_H9C2_20XH2O_Conf_StageII_PWP3_CellP_2x2_8St_20240606	Measurement 1	Evaluation5	PlateResults_Plate3.txt	Plate3
Plate3R02C24	2	24	1	0	106	4	0	Axit	6.66666666666667			Instrument	http://harmony-pc.pharmacy.ohio-state.edu/ODA/OdaService.asmx	3f8b5837-0814-4c76-be5a-aea05ef4bfc8	ZL_SS_H9C2_20XH2O_Conf_StageII_PWP3_CellP_2x2_8St_20240606	Measurement 1	Evaluation5	PlateResults_Plate3.txt	Plate3
Plate3R03C01	3	1	1	0	231	4	0	DMSO	0.001			Instrument	http://harmony-pc.pharmacy.ohio-state.edu/ODA/OdaService.asmx	3f8b5837-0814-4c76-be5a-aea05ef4bfc8	ZL_SS_H9C2_20XH2O_Conf_StageII_PWP3_CellP_2x2_8St_20240606	Measurement 1	Evaluation5	PlateResults_Plate3.txt	Plate3
Plate3R03C02	3	2	1	0	180	4	0	DMSO	0.001			Instrument	http://harmony-pc.pharmacy.ohio-state.edu/ODA/OdaService.asmx	3f8b5837-0814-4c76-be5a-aea05ef4bfc8	ZL_SS_H9C2_20XH2O_Conf_StageII_PWP3_CellP_2x2_8St_20240606	Measurement 1	Evaluation5	PlateResults_Plate3.txt	Plate3
Plate3R03C03	3	3	1	0	165	4	0		0.4			Instrument	http://harmony-pc.pharmacy.ohio-state.edu/ODA/OdaService.asmx	3f8b5837-0814-4c76-be5a-aea05ef4bfc8	ZL_SS_H9C2_20XH2O_Conf_StageII_PWP3_CellP_2x2_8St_20240606	Measurement 1	Evaluation5	PlateResults_Plate3.txt	Plate3
Plate3R03C04	3	4	1	0	282	4	0		0.4			Instrument	http://harmony-pc.pharmacy.ohio-state.edu/ODA/OdaService.asmx	3f8b5837-0814-4c76-be5a-aea05ef4bfc8	ZL_SS_H9C2_20XH2O_Conf_StageII_PWP3_CellP_2x2_8St_20240606	Measurement 1	Evaluation5	PlateResults_Plate3.txt	Plate3
Plate3R03C05	3	5	1	0	307	4	0		0.4			Instrument	http://harmony-pc.pharmacy.ohio-state.edu/ODA/OdaService.asmx	3f8b5837-0814-4c76-be5a-aea05ef4bfc8	ZL_SS_H9C2_20XH2O_Conf_StageII_PWP3_CellP_2x2_8St_20240606	Measurement 1	Evaluation5	PlateResults_Plate3.txt	Plate3
Plate3R03C06	3	6	1	0	403	4	0		0.4			Instrument	http://harmony-pc.pharmacy.ohio-state.edu/ODA/OdaService.asmx	3f8b5837-0814-4c76-be5a-aea05ef4bfc8	ZL_SS_H9C2_20XH2O_Conf_StageII_PWP3_CellP_2x2_8St_20240606	Measurement 1	Evaluation5	PlateResults_Plate3.txt	Plate3
Plate3R03C07	3	7	1	0	252	4	0		0.4			Instrument	http://harmony-pc.pharmacy.ohio-state.edu/ODA/OdaService.asmx	3f8b5837-0814-4c76-be5a-aea05ef4bfc8	ZL_SS_H9C2_20XH2O_Conf_StageII_PWP3_CellP_2x2_8St_20240606	Measurement 1	Evaluation5	PlateResults_Plate3.txt	Plate3
Plate3R03C08	3	8	1	0	244	4	0		0.4			Instrument	http://harmony-pc.pharmacy.ohio-state.edu/ODA/OdaService.asmx	3f8b5837-0814-4c76-be5a-aea05ef4bfc8	ZL_SS_H9C2_20XH2O_Conf_StageII_PWP3_CellP_2x2_8St_20240606	Measurement 1	Evaluation5	PlateResults_Plate3.txt	Plate3
Plate3R03C09	3	9	1	0	265	4	0		0.4			Instrument	http://harmony-pc.pharmacy.ohio-state.edu/ODA/OdaService.asmx	3f8b5837-0814-4c76-be5a-aea05ef4bfc8	ZL_SS_H9C2_20XH2O_Conf_StageII_PWP3_CellP_2x2_8St_20240606	Measurement 1	Evaluation5	PlateResults_Plate3.txt	Plate3
Plate3R03C10	3	10	1	0	304	4	0		0.4			Instrument	http://harmony-pc.pharmacy.ohio-state.edu/ODA/OdaService.asmx	3f8b5837-0814-4c76-be5a-aea05ef4bfc8	ZL_SS_H9C2_20XH2O_Conf_StageII_PWP3_CellP_2x2_8St_20240606	Measurement 1	Evaluation5	PlateResults_Plate3.txt	Plate3
Plate3R03C11	3	11	1	0	368	4	0		0.4			Instrument	http://harmony-pc.pharmacy.ohio-state.edu/ODA/OdaService.asmx	3f8b5837-0814-4c76-be5a-aea05ef4bfc8	ZL_SS_H9C2_20XH2O_Conf_StageII_PWP3_CellP_2x2_8St_20240606	Measurement 1	Evaluation5	PlateResults_Plate3.txt	Plate3
Plate3R03C12	3	12	1	0	193	4	0		0.4			Instrument	http://harmony-pc.pharmacy.ohio-state.edu/ODA/OdaService.asmx	3f8b5837-0814-4c76-be5a-aea05ef4bfc8	ZL_SS_H9C2_20XH2O_Conf_StageII_PWP3_CellP_2x2_8St_20240606	Measurement 1	Evaluation5	PlateResults_Plate3.txt	Plate3
Plate3R03C13	3	13	1	0	230	4	0		0.4			Instrument	http://harmony-pc.pharmacy.ohio-state.edu/ODA/OdaService.asmx	3f8b5837-0814-4c76-be5a-aea05ef4bfc8	ZL_SS_H9C2_20XH2O_Conf_StageII_PWP3_CellP_2x2_8St_20240606	Measurement 1	Evaluation5	PlateResults_Plate3.txt	Plate3
Plate3R03C14	3	14	1	0	297	4	0		0.4			Instrument	http://harmony-pc.pharmacy.ohio-state.edu/ODA/OdaService.asmx	3f8b5837-0814-4c76-be5a-aea05ef4bfc8	ZL_SS_H9C2_20XH2O_Conf_StageII_PWP3_CellP_2x2_8St_20240606	Measurement 1	Evaluation5	PlateResults_Plate3.txt	Plate3
Plate3R03C15	3	15	1	0	277	4	0		0.4			Instrument	http://harmony-pc.pharmacy.ohio-state.edu/ODA/OdaService.asmx	3f8b5837-0814-4c76-be5a-aea05ef4bfc8	ZL_SS_H9C2_20XH2O_Conf_StageII_PWP3_CellP_2x2_8St_20240606	Measurement 1	Evaluation5	PlateResults_Plate3.txt	Plate3
Plate3R03C16	3	16	1	0	271	4	0		0.4			Instrument	http://harmony-pc.pharmacy.ohio-state.edu/ODA/OdaService.asmx	3f8b5837-0814-4c76-be5a-aea05ef4bfc8	ZL_SS_H9C2_20XH2O_Conf_StageII_PWP3_CellP_2x2_8St_20240606	Measurement 1	Evaluation5	PlateResults_Plate3.txt	Plate3
Plate3R03C17	3	17	1	0	264	4	0		0.4			Instrument	http://harmony-pc.pharmacy.ohio-state.edu/ODA/OdaService.asmx	3f8b5837-0814-4c76-be5a-aea05ef4bfc8	ZL_SS_H9C2_20XH2O_Conf_StageII_PWP3_CellP_2x2_8St_20240606	Measurement 1	Evaluation5	PlateResults_Plate3.txt	Plate3
Plate3R03C18	3	18	1	0	206	4	0		0.4			Instrument	http://harmony-pc.pharmacy.ohio-state.edu/ODA/OdaService.asmx	3f8b5837-0814-4c76-be5a-aea05ef4bfc8	ZL_SS_H9C2_20XH2O_Conf_StageII_PWP3_CellP_2x2_8St_20240606	Measurement 1	Evaluation5	PlateResults_Plate3.txt	Plate3
Plate3R03C19	3	19	1	0	237	4	0		0.4			Instrument	http://harmony-pc.pharmacy.ohio-state.edu/ODA/OdaService.asmx	3f8b5837-0814-4c76-be5a-aea05ef4bfc8	ZL_SS_H9C2_20XH2O_Conf_StageII_PWP3_CellP_2x2_8St_20240606	Measurement 1	Evaluation5	PlateResults_Plate3.txt	Plate3
Plate3R03C20	3	20	1	1	226	4	0		0.4			Instrument	http://harmony-pc.pharmacy.ohio-state.edu/ODA/OdaService.asmx	3f8b5837-0814-4c76-be5a-aea05ef4bfc8	ZL_SS_H9C2_20XH2O_Conf_StageII_PWP3_CellP_2x2_8St_20240606	Measurement 1	Evaluation5	PlateResults_Plate3.txt	Plate3
Plate3R03C21	3	21	1	0	331	4	0		0.4			Instrument	http://harmony-pc.pharmacy.ohio-state.edu/ODA/OdaService.asmx	3f8b5837-0814-4c76-be5a-aea05ef4bfc8	ZL_SS_H9C2_20XH2O_Conf_StageII_PWP3_CellP_2x2_8St_20240606	Measurement 1	Evaluation5	PlateResults_Plate3.txt	Plate3
Plate3R03C22	3	22	1	0	222	4	0		0.4			Instrument	http://harmony-pc.pharmacy.ohio-state.edu/ODA/OdaService.asmx	3f8b5837-0814-4c76-be5a-aea05ef4bfc8	ZL_SS_H9C2_20XH2O_Conf_StageII_PWP3_CellP_2x2_8St_20240606	Measurement 1	Evaluation5	PlateResults_Plate3.txt	Plate3
Plate3R03C23	3	23	1	0	70	4	0	Axit	2.22222222222222			Instrument	http://harmony-pc.pharmacy.ohio-state.edu/ODA/OdaService.asmx	3f8b5837-0814-4c76-be5a-aea05ef4bfc8	ZL_SS_H9C2_20XH2O_Conf_StageII_PWP3_CellP_2x2_8St_20240606	Measurement 1	Evaluation5	PlateResults_Plate3.txt	Plate3
Plate3R03C24	3	24	1	0	116	4	0	Axit	2.22222222222222			Instrument	http://harmony-pc.pharmacy.ohio-state.edu/ODA/OdaService.asmx	3f8b5837-0814-4c76-be5a-aea05ef4bfc8	ZL_SS_H9C2_20XH2O_Conf_StageII_PWP3_CellP_2x2_8St_20240606	Measurement 1	Evaluation5	PlateResults_Plate3.txt	Plate3
Plate3R04C01	4	1	1	0	173	4	0	DMSO	0.001			Instrument	http://harmony-pc.pharmacy.ohio-state.edu/ODA/OdaService.asmx	3f8b5837-0814-4c76-be5a-aea05ef4bfc8	ZL_SS_H9C2_20XH2O_Conf_StageII_PWP3_CellP_2x2_8St_20240606	Measurement 1	Evaluation5	PlateResults_Plate3.txt	Plate3
Plate3R04C02	4	2	1	0	211	4	0	DMSO	0.001			Instrument	http://harmony-pc.pharmacy.ohio-state.edu/ODA/OdaService.asmx	3f8b5837-0814-4c76-be5a-aea05ef4bfc8	ZL_SS_H9C2_20XH2O_Conf_StageII_PWP3_CellP_2x2_8St_20240606	Measurement 1	Evaluation5	PlateResults_Plate3.txt	Plate3
Plate3R04C03	4	3	1	0	136	4	0		0.4			Instrument	http://harmony-pc.pharmacy.ohio-state.edu/ODA/OdaService.asmx	3f8b5837-0814-4c76-be5a-aea05ef4bfc8	ZL_SS_H9C2_20XH2O_Conf_StageII_PWP3_CellP_2x2_8St_20240606	Measurement 1	Evaluation5	PlateResults_Plate3.txt	Plate3
Plate3R04C04	4	4	1	0	330	4	0		0.4			Instrument	http://harmony-pc.pharmacy.ohio-state.edu/ODA/OdaService.asmx	3f8b5837-0814-4c76-be5a-aea05ef4bfc8	ZL_SS_H9C2_20XH2O_Conf_StageII_PWP3_CellP_2x2_8St_20240606	Measurement 1	Evaluation5	PlateResults_Plate3.txt	Plate3
Plate3R04C05	4	5	1	0	357	4	0		0.4			Instrument	http://harmony-pc.pharmacy.ohio-state.edu/ODA/OdaService.asmx	3f8b5837-0814-4c76-be5a-aea05ef4bfc8	ZL_SS_H9C2_20XH2O_Conf_StageII_PWP3_CellP_2x2_8St_20240606	Measurement 1	Evaluation5	PlateResults_Plate3.txt	Plate3
Plate3R04C06	4	6	1	0	292	4	0		0.4			Instrument	http://harmony-pc.pharmacy.ohio-state.edu/ODA/OdaService.asmx	3f8b5837-0814-4c76-be5a-aea05ef4bfc8	ZL_SS_H9C2_20XH2O_Conf_StageII_PWP3_CellP_2x2_8St_20240606	Measurement 1	Evaluation5	PlateResults_Plate3.txt	Plate3
Plate3R04C07	4	7	1	0	301	4	0		0.4			Instrument	http://harmony-pc.pharmacy.ohio-state.edu/ODA/OdaService.asmx	3f8b5837-0814-4c76-be5a-aea05ef4bfc8	ZL_SS_H9C2_20XH2O_Conf_StageII_PWP3_CellP_2x2_8St_20240606	Measurement 1	Evaluation5	PlateResults_Plate3.txt	Plate3
Plate3R04C08	4	8	1	0	240	4	0		0.4			Instrument	http://harmony-pc.pharmacy.ohio-state.edu/ODA/OdaService.asmx	3f8b5837-0814-4c76-be5a-aea05ef4bfc8	ZL_SS_H9C2_20XH2O_Conf_StageII_PWP3_CellP_2x2_8St_20240606	Measurement 1	Evaluation5	PlateResults_Plate3.txt	Plate3
Plate3R04C09	4	9	1	0	337	4	0		0.4			Instrument	http://harmony-pc.pharmacy.ohio-state.edu/ODA/OdaService.asmx	3f8b5837-0814-4c76-be5a-aea05ef4bfc8	ZL_SS_H9C2_20XH2O_Conf_StageII_PWP3_CellP_2x2_8St_20240606	Measurement 1	Evaluation5	PlateResults_Plate3.txt	Plate3
Plate3R04C10	4	10	1	0	299	4	0		0.4			Instrument	http://harmony-pc.pharmacy.ohio-state.edu/ODA/OdaService.asmx	3f8b5837-0814-4c76-be5a-aea05ef4bfc8	ZL_SS_H9C2_20XH2O_Conf_StageII_PWP3_CellP_2x2_8St_20240606	Measurement 1	Evaluation5	PlateResults_Plate3.txt	Plate3
Plate3R04C11	4	11	1	0	312	4	0		0.4			Instrument	http://harmony-pc.pharmacy.ohio-state.edu/ODA/OdaService.asmx	3f8b5837-0814-4c76-be5a-aea05ef4bfc8	ZL_SS_H9C2_20XH2O_Conf_StageII_PWP3_CellP_2x2_8St_20240606	Measurement 1	Evaluation5	PlateResults_Plate3.txt	Plate3
Plate3R04C12	4	12	1	0	220	4	0		0.4			Instrument	http://harmony-pc.pharmacy.ohio-state.edu/ODA/OdaService.asmx	3f8b5837-0814-4c76-be5a-aea05ef4bfc8	ZL_SS_H9C2_20XH2O_Conf_StageII_PWP3_CellP_2x2_8St_20240606	Measurement 1	Evaluation5	PlateResults_Plate3.txt	Plate3
Plate3R04C13	4	13	1	0	264	4	0		0.4			Instrument	http://harmony-pc.pharmacy.ohio-state.edu/ODA/OdaService.asmx	3f8b5837-0814-4c76-be5a-aea05ef4bfc8	ZL_SS_H9C2_20XH2O_Conf_StageII_PWP3_CellP_2x2_8St_20240606	Measurement 1	Evaluation5	PlateResults_Plate3.txt	Plate3
Plate3R04C14	4	14	1	0	208	4	0		0.4			Instrument	http://harmony-pc.pharmacy.ohio-state.edu/ODA/OdaService.asmx	3f8b5837-0814-4c76-be5a-aea05ef4bfc8	ZL_SS_H9C2_20XH2O_Conf_StageII_PWP3_CellP_2x2_8St_20240606	Measurement 1	Evaluation5	PlateResults_Plate3.txt	Plate3
Plate3R04C15	4	15	1	0	369	4	0		0.4			Instrument	http://harmony-pc.pharmacy.ohio-state.edu/ODA/OdaService.asmx	3f8b5837-0814-4c76-be5a-aea05ef4bfc8	ZL_SS_H9C2_20XH2O_Conf_StageII_PWP3_CellP_2x2_8St_20240606	Measurement 1	Evaluation5	PlateResults_Plate3.txt	Plate3
Plate3R04C16	4	16	1	0	371	4	0		0.4			Instrument	http://harmony-pc.pharmacy.ohio-state.edu/ODA/OdaService.asmx	3f8b5837-0814-4c76-be5a-aea05ef4bfc8	ZL_SS_H9C2_20XH2O_Conf_StageII_PWP3_CellP_2x2_8St_20240606	Measurement 1	Evaluation5	PlateResults_Plate3.txt	Plate3
Plate3R04C17	4	17	1	0	256	4	0		0.4			Instrument	http://harmony-pc.pharmacy.ohio-state.edu/ODA/OdaService.asmx	3f8b5837-0814-4c76-be5a-aea05ef4bfc8	ZL_SS_H9C2_20XH2O_Conf_StageII_PWP3_CellP_2x2_8St_20240606	Measurement 1	Evaluation5	PlateResults_Plate3.txt	Plate3
Plate3R04C18	4	18	1	0	298	4	0		0.4			Instrument	http://harmony-pc.pharmacy.ohio-state.edu/ODA/OdaService.asmx	3f8b5837-0814-4c76-be5a-aea05ef4bfc8	ZL_SS_H9C2_20XH2O_Conf_StageII_PWP3_CellP_2x2_8St_20240606	Measurement 1	Evaluation5	PlateResults_Plate3.txt	Plate3
Plate3R04C19	4	19	1	0	92	4	0		0.4			Instrument	http://harmony-pc.pharmacy.ohio-state.edu/ODA/OdaService.asmx	3f8b5837-0814-4c76-be5a-aea05ef4bfc8	ZL_SS_H9C2_20XH2O_Conf_StageII_PWP3_CellP_2x2_8St_20240606	Measurement 1	Evaluation5	PlateResults_Plate3.txt	Plate3
Plate3R04C20	4	20	1	0	295	4	0		0.4			Instrument	http://harmony-pc.pharmacy.ohio-state.edu/ODA/OdaService.asmx	3f8b5837-0814-4c76-be5a-aea05ef4bfc8	ZL_SS_H9C2_20XH2O_Conf_StageII_PWP3_CellP_2x2_8St_20240606	Measurement 1	Evaluation5	PlateResults_Plate3.txt	Plate3
Plate3R04C21	4	21	1	0	208	4	0		0.4			Instrument	http://harmony-pc.pharmacy.ohio-state.edu/ODA/OdaService.asmx	3f8b5837-0814-4c76-be5a-aea05ef4bfc8	ZL_SS_H9C2_20XH2O_Conf_StageII_PWP3_CellP_2x2_8St_20240606	Measurement 1	Evaluation5	PlateResults_Plate3.txt	Plate3
Plate3R04C22	4	22	1	0	265	4	0		0.4			Instrument	http://harmony-pc.pharmacy.ohio-state.edu/ODA/OdaService.asmx	3f8b5837-0814-4c76-be5a-aea05ef4bfc8	ZL_SS_H9C2_20XH2O_Conf_StageII_PWP3_CellP_2x2_8St_20240606	Measurement 1	Evaluation5	PlateResults_Plate3.txt	Plate3
Plate3R04C23	4	23	1	0	200	4	0	Axit	0.740740740740741			Instrument	http://harmony-pc.pharmacy.ohio-state.edu/ODA/OdaService.asmx	3f8b5837-0814-4c76-be5a-aea05ef4bfc8	ZL_SS_H9C2_20XH2O_Conf_StageII_PWP3_CellP_2x2_8St_20240606	Measurement 1	Evaluation5	PlateResults_Plate3.txt	Plate3
Plate3R04C24	4	24	1	0	213	4	0	Axit	0.740740740740741			Instrument	http://harmony-pc.pharmacy.ohio-state.edu/ODA/OdaService.asmx	3f8b5837-0814-4c76-be5a-aea05ef4bfc8	ZL_SS_H9C2_20XH2O_Conf_StageII_PWP3_CellP_2x2_8St_20240606	Measurement 1	Evaluation5	PlateResults_Plate3.txt	Plate3
Plate3R05C01	5	1	1	0	202	4	0	DMSO	0.001			Instrument	http://harmony-pc.pharmacy.ohio-state.edu/ODA/OdaService.asmx	3f8b5837-0814-4c76-be5a-aea05ef4bfc8	ZL_SS_H9C2_20XH2O_Conf_StageII_PWP3_CellP_2x2_8St_20240606	Measurement 1	Evaluation5	PlateResults_Plate3.txt	Plate3
Plate3R05C02	5	2	1	0	185	4	0	DMSO	0.001			Instrument	http://harmony-pc.pharmacy.ohio-state.edu/ODA/OdaService.asmx	3f8b5837-0814-4c76-be5a-aea05ef4bfc8	ZL_SS_H9C2_20XH2O_Conf_StageII_PWP3_CellP_2x2_8St_20240606	Measurement 1	Evaluation5	PlateResults_Plate3.txt	Plate3
Plate3R05C03	5	3	1	0	201	4	0		0.4			Instrument	http://harmony-pc.pharmacy.ohio-state.edu/ODA/OdaService.asmx	3f8b5837-0814-4c76-be5a-aea05ef4bfc8	ZL_SS_H9C2_20XH2O_Conf_StageII_PWP3_CellP_2x2_8St_20240606	Measurement 1	Evaluation5	PlateResults_Plate3.txt	Plate3
Plate3R05C04	5	4	1	0	240	4	0		0.4			Instrument	http://harmony-pc.pharmacy.ohio-state.edu/ODA/OdaService.asmx	3f8b5837-0814-4c76-be5a-aea05ef4bfc8	ZL_SS_H9C2_20XH2O_Conf_StageII_PWP3_CellP_2x2_8St_20240606	Measurement 1	Evaluation5	PlateResults_Plate3.txt	Plate3
Plate3R05C05	5	5	1	0	242	4	0		0.4			Instrument	http://harmony-pc.pharmacy.ohio-state.edu/ODA/OdaService.asmx	3f8b5837-0814-4c76-be5a-aea05ef4bfc8	ZL_SS_H9C2_20XH2O_Conf_StageII_PWP3_CellP_2x2_8St_20240606	Measurement 1	Evaluation5	PlateResults_Plate3.txt	Plate3
Plate3R05C06	5	6	1	0	243	4	0		0.4			Instrument	http://harmony-pc.pharmacy.ohio-state.edu/ODA/OdaService.asmx	3f8b5837-0814-4c76-be5a-aea05ef4bfc8	ZL_SS_H9C2_20XH2O_Conf_StageII_PWP3_CellP_2x2_8St_20240606	Measurement 1	Evaluation5	PlateResults_Plate3.txt	Plate3
Plate3R05C07	5	7	1	0	280	4	0		0.4			Instrument	http://harmony-pc.pharmacy.ohio-state.edu/ODA/OdaService.asmx	3f8b5837-0814-4c76-be5a-aea05ef4bfc8	ZL_SS_H9C2_20XH2O_Conf_StageII_PWP3_CellP_2x2_8St_20240606	Measurement 1	Evaluation5	PlateResults_Plate3.txt	Plate3
Plate3R05C08	5	8	1	0	308	4	0		0.4			Instrument	http://harmony-pc.pharmacy.ohio-state.edu/ODA/OdaService.asmx	3f8b5837-0814-4c76-be5a-aea05ef4bfc8	ZL_SS_H9C2_20XH2O_Conf_StageII_PWP3_CellP_2x2_8St_20240606	Measurement 1	Evaluation5	PlateResults_Plate3.txt	Plate3
Plate3R05C09	5	9	1	0	348	4	0		0.4			Instrument	http://harmony-pc.pharmacy.ohio-state.edu/ODA/OdaService.asmx	3f8b5837-0814-4c76-be5a-aea05ef4bfc8	ZL_SS_H9C2_20XH2O_Conf_StageII_PWP3_CellP_2x2_8St_20240606	Measurement 1	Evaluation5	PlateResults_Plate3.txt	Plate3
Plate3R05C10	5	10	1	0	288	4	0		0.4			Instrument	http://harmony-pc.pharmacy.ohio-state.edu/ODA/OdaService.asmx	3f8b5837-0814-4c76-be5a-aea05ef4bfc8	ZL_SS_H9C2_20XH2O_Conf_StageII_PWP3_CellP_2x2_8St_20240606	Measurement 1	Evaluation5	PlateResults_Plate3.txt	Plate3
Plate3R05C11	5	11	1	0	287	4	0		0.4			Instrument	http://harmony-pc.pharmacy.ohio-state.edu/ODA/OdaService.asmx	3f8b5837-0814-4c76-be5a-aea05ef4bfc8	ZL_SS_H9C2_20XH2O_Conf_StageII_PWP3_CellP_2x2_8St_20240606	Measurement 1	Evaluation5	PlateResults_Plate3.txt	Plate3
Plate3R05C12	5	12	1	0	312	4	0		0.4			Instrument	http://harmony-pc.pharmacy.ohio-state.edu/ODA/OdaService.asmx	3f8b5837-0814-4c76-be5a-aea05ef4bfc8	ZL_SS_H9C2_20XH2O_Conf_StageII_PWP3_CellP_2x2_8St_20240606	Measurement 1	Evaluation5	PlateResults_Plate3.txt	Plate3
Plate3R05C13	5	13	1	0	310	4	0		0.4			Instrument	http://harmony-pc.pharmacy.ohio-state.edu/ODA/OdaService.asmx	3f8b5837-0814-4c76-be5a-aea05ef4bfc8	ZL_SS_H9C2_20XH2O_Conf_StageII_PWP3_CellP_2x2_8St_20240606	Measurement 1	Evaluation5	PlateResults_Plate3.txt	Plate3
Plate3R05C14	5	14	1	0	339	4	0		0.4			Instrument	http://harmony-pc.pharmacy.ohio-state.edu/ODA/OdaService.asmx	3f8b5837-0814-4c76-be5a-aea05ef4bfc8	ZL_SS_H9C2_20XH2O_Conf_StageII_PWP3_CellP_2x2_8St_20240606	Measurement 1	Evaluation5	PlateResults_Plate3.txt	Plate3
Plate3R05C15	5	15	1	0	261	4	0		0.4			Instrument	http://harmony-pc.pharmacy.ohio-state.edu/ODA/OdaService.asmx	3f8b5837-0814-4c76-be5a-aea05ef4bfc8	ZL_SS_H9C2_20XH2O_Conf_StageII_PWP3_CellP_2x2_8St_20240606	Measurement 1	Evaluation5	PlateResults_Plate3.txt	Plate3
Plate3R05C16	5	16	1	0	316	4	0		0.4			Instrument	http://harmony-pc.pharmacy.ohio-state.edu/ODA/OdaService.asmx	3f8b5837-0814-4c76-be5a-aea05ef4bfc8	ZL_SS_H9C2_20XH2O_Conf_StageII_PWP3_CellP_2x2_8St_20240606	Measurement 1	Evaluation5	PlateResults_Plate3.txt	Plate3
Plate3R05C17	5	17	1	0	370	4	0		0.4			Instrument	http://harmony-pc.pharmacy.ohio-state.edu/ODA/OdaService.asmx	3f8b5837-0814-4c76-be5a-aea05ef4bfc8	ZL_SS_H9C2_20XH2O_Conf_StageII_PWP3_CellP_2x2_8St_20240606	Measurement 1	Evaluation5	PlateResults_Plate3.txt	Plate3
Plate3R05C18	5	18	1	0	352	4	0		0.4			Instrument	http://harmony-pc.pharmacy.ohio-state.edu/ODA/OdaService.asmx	3f8b5837-0814-4c76-be5a-aea05ef4bfc8	ZL_SS_H9C2_20XH2O_Conf_StageII_PWP3_CellP_2x2_8St_20240606	Measurement 1	Evaluation5	PlateResults_Plate3.txt	Plate3
Plate3R05C19	5	19	1	0	318	4	0		0.4			Instrument	http://harmony-pc.pharmacy.ohio-state.edu/ODA/OdaService.asmx	3f8b5837-0814-4c76-be5a-aea05ef4bfc8	ZL_SS_H9C2_20XH2O_Conf_StageII_PWP3_CellP_2x2_8St_20240606	Measurement 1	Evaluation5	PlateResults_Plate3.txt	Plate3
Plate3R05C20	5	20	1	0	316	4	0		0.4			Instrument	http://harmony-pc.pharmacy.ohio-state.edu/ODA/OdaService.asmx	3f8b5837-0814-4c76-be5a-aea05ef4bfc8	ZL_SS_H9C2_20XH2O_Conf_StageII_PWP3_CellP_2x2_8St_20240606	Measurement 1	Evaluation5	PlateResults_Plate3.txt	Plate3
Plate3R05C21	5	21	1	0	264	4	0		0.4			Instrument	http://harmony-pc.pharmacy.ohio-state.edu/ODA/OdaService.asmx	3f8b5837-0814-4c76-be5a-aea05ef4bfc8	ZL_SS_H9C2_20XH2O_Conf_StageII_PWP3_CellP_2x2_8St_20240606	Measurement 1	Evaluation5	PlateResults_Plate3.txt	Plate3
Plate3R05C22	5	22	1	0	243	4	0		0.4			Instrument	http://harmony-pc.pharmacy.ohio-state.edu/ODA/OdaService.asmx	3f8b5837-0814-4c76-be5a-aea05ef4bfc8	ZL_SS_H9C2_20XH2O_Conf_StageII_PWP3_CellP_2x2_8St_20240606	Measurement 1	Evaluation5	PlateResults_Plate3.txt	Plate3
Plate3R05C23	5	23	1	0	183	4	0	Axit	0.246913580246914			Instrument	http://harmony-pc.pharmacy.ohio-state.edu/ODA/OdaService.asmx	3f8b5837-0814-4c76-be5a-aea05ef4bfc8	ZL_SS_H9C2_20XH2O_Conf_StageII_PWP3_CellP_2x2_8St_20240606	Measurement 1	Evaluation5	PlateResults_Plate3.txt	Plate3
Plate3R05C24	5	24	1	0	242	4	0	Axit	0.246913580246914			Instrument	http://harmony-pc.pharmacy.ohio-state.edu/ODA/OdaService.asmx	3f8b5837-0814-4c76-be5a-aea05ef4bfc8	ZL_SS_H9C2_20XH2O_Conf_StageII_PWP3_CellP_2x2_8St_20240606	Measurement 1	Evaluation5	PlateResults_Plate3.txt	Plate3
Plate3R06C01	6	1	1	0	176	4	0	DMSO	0.001			Instrument	http://harmony-pc.pharmacy.ohio-state.edu/ODA/OdaService.asmx	3f8b5837-0814-4c76-be5a-aea05ef4bfc8	ZL_SS_H9C2_20XH2O_Conf_StageII_PWP3_CellP_2x2_8St_20240606	Measurement 1	Evaluation5	PlateResults_Plate3.txt	Plate3
Plate3R06C02	6	2	1	0	77	4	0	DMSO	0.001			Instrument	http://harmony-pc.pharmacy.ohio-state.edu/ODA/OdaService.asmx	3f8b5837-0814-4c76-be5a-aea05ef4bfc8	ZL_SS_H9C2_20XH2O_Conf_StageII_PWP3_CellP_2x2_8St_20240606	Measurement 1	Evaluation5	PlateResults_Plate3.txt	Plate3
Plate3R06C03	6	3	1	0	194	4	0		0.4			Instrument	http://harmony-pc.pharmacy.ohio-state.edu/ODA/OdaService.asmx	3f8b5837-0814-4c76-be5a-aea05ef4bfc8	ZL_SS_H9C2_20XH2O_Conf_StageII_PWP3_CellP_2x2_8St_20240606	Measurement 1	Evaluation5	PlateResults_Plate3.txt	Plate3
Plate3R06C04	6	4	1	0	274	4	0		0.4			Instrument	http://harmony-pc.pharmacy.ohio-state.edu/ODA/OdaService.asmx	3f8b5837-0814-4c76-be5a-aea05ef4bfc8	ZL_SS_H9C2_20XH2O_Conf_StageII_PWP3_CellP_2x2_8St_20240606	Measurement 1	Evaluation5	PlateResults_Plate3.txt	Plate3
Plate3R06C05	6	5	1	0	253	4	0		0.4			Instrument	http://harmony-pc.pharmacy.ohio-state.edu/ODA/OdaService.asmx	3f8b5837-0814-4c76-be5a-aea05ef4bfc8	ZL_SS_H9C2_20XH2O_Conf_StageII_PWP3_CellP_2x2_8St_20240606	Measurement 1	Evaluation5	PlateResults_Plate3.txt	Plate3
Plate3R06C06	6	6	1	0	287	4	0		0.4			Instrument	http://harmony-pc.pharmacy.ohio-state.edu/ODA/OdaService.asmx	3f8b5837-0814-4c76-be5a-aea05ef4bfc8	ZL_SS_H9C2_20XH2O_Conf_StageII_PWP3_CellP_2x2_8St_20240606	Measurement 1	Evaluation5	PlateResults_Plate3.txt	Plate3
Plate3R06C07	6	7	1	0	242	4	0		0.4			Instrument	http://harmony-pc.pharmacy.ohio-state.edu/ODA/OdaService.asmx	3f8b5837-0814-4c76-be5a-aea05ef4bfc8	ZL_SS_H9C2_20XH2O_Conf_StageII_PWP3_CellP_2x2_8St_20240606	Measurement 1	Evaluation5	PlateResults_Plate3.txt	Plate3
Plate3R06C08	6	8	1	0	284	4	0		0.4			Instrument	http://harmony-pc.pharmacy.ohio-state.edu/ODA/OdaService.asmx	3f8b5837-0814-4c76-be5a-aea05ef4bfc8	ZL_SS_H9C2_20XH2O_Conf_StageII_PWP3_CellP_2x2_8St_20240606	Measurement 1	Evaluation5	PlateResults_Plate3.txt	Plate3
Plate3R06C09	6	9	1	0	272	4	0		0.4			Instrument	http://harmony-pc.pharmacy.ohio-state.edu/ODA/OdaService.asmx	3f8b5837-0814-4c76-be5a-aea05ef4bfc8	ZL_SS_H9C2_20XH2O_Conf_StageII_PWP3_CellP_2x2_8St_20240606	Measurement 1	Evaluation5	PlateResults_Plate3.txt	Plate3
Plate3R06C10	6	10	1	0	362	4	0		0.4			Instrument	http://harmony-pc.pharmacy.ohio-state.edu/ODA/OdaService.asmx	3f8b5837-0814-4c76-be5a-aea05ef4bfc8	ZL_SS_H9C2_20XH2O_Conf_StageII_PWP3_CellP_2x2_8St_20240606	Measurement 1	Evaluation5	PlateResults_Plate3.txt	Plate3
Plate3R06C11	6	11	1	0	292	4	0		0.4			Instrument	http://harmony-pc.pharmacy.ohio-state.edu/ODA/OdaService.asmx	3f8b5837-0814-4c76-be5a-aea05ef4bfc8	ZL_SS_H9C2_20XH2O_Conf_StageII_PWP3_CellP_2x2_8St_20240606	Measurement 1	Evaluation5	PlateResults_Plate3.txt	Plate3
Plate3R06C12	6	12	1	0	263	4	0		0.4			Instrument	http://harmony-pc.pharmacy.ohio-state.edu/ODA/OdaService.asmx	3f8b5837-0814-4c76-be5a-aea05ef4bfc8	ZL_SS_H9C2_20XH2O_Conf_StageII_PWP3_CellP_2x2_8St_20240606	Measurement 1	Evaluation5	PlateResults_Plate3.txt	Plate3
Plate3R06C13	6	13	1	0	306	4	0		0.4			Instrument	http://harmony-pc.pharmacy.ohio-state.edu/ODA/OdaService.asmx	3f8b5837-0814-4c76-be5a-aea05ef4bfc8	ZL_SS_H9C2_20XH2O_Conf_StageII_PWP3_CellP_2x2_8St_20240606	Measurement 1	Evaluation5	PlateResults_Plate3.txt	Plate3
Plate3R06C14	6	14	1	0	287	4	0		0.4			Instrument	http://harmony-pc.pharmacy.ohio-state.edu/ODA/OdaService.asmx	3f8b5837-0814-4c76-be5a-aea05ef4bfc8	ZL_SS_H9C2_20XH2O_Conf_StageII_PWP3_CellP_2x2_8St_20240606	Measurement 1	Evaluation5	PlateResults_Plate3.txt	Plate3
Plate3R06C15	6	15	1	0	300	4	0		0.4			Instrument	http://harmony-pc.pharmacy.ohio-state.edu/ODA/OdaService.asmx	3f8b5837-0814-4c76-be5a-aea05ef4bfc8	ZL_SS_H9C2_20XH2O_Conf_StageII_PWP3_CellP_2x2_8St_20240606	Measurement 1	Evaluation5	PlateResults_Plate3.txt	Plate3
Plate3R06C16	6	16	1	0	319	4	0		0.4			Instrument	http://harmony-pc.pharmacy.ohio-state.edu/ODA/OdaService.asmx	3f8b5837-0814-4c76-be5a-aea05ef4bfc8	ZL_SS_H9C2_20XH2O_Conf_StageII_PWP3_CellP_2x2_8St_20240606	Measurement 1	Evaluation5	PlateResults_Plate3.txt	Plate3
Plate3R06C17	6	17	1	0	262	4	0		0.4			Instrument	http://harmony-pc.pharmacy.ohio-state.edu/ODA/OdaService.asmx	3f8b5837-0814-4c76-be5a-aea05ef4bfc8	ZL_SS_H9C2_20XH2O_Conf_StageII_PWP3_CellP_2x2_8St_20240606	Measurement 1	Evaluation5	PlateResults_Plate3.txt	Plate3
Plate3R06C18	6	18	1	0	278	4	0		0.4			Instrument	http://harmony-pc.pharmacy.ohio-state.edu/ODA/OdaService.asmx	3f8b5837-0814-4c76-be5a-aea05ef4bfc8	ZL_SS_H9C2_20XH2O_Conf_StageII_PWP3_CellP_2x2_8St_20240606	Measurement 1	Evaluation5	PlateResults_Plate3.txt	Plate3
Plate3R06C19	6	19	1	0	265	4	0		0.4			Instrument	http://harmony-pc.pharmacy.ohio-state.edu/ODA/OdaService.asmx	3f8b5837-0814-4c76-be5a-aea05ef4bfc8	ZL_SS_H9C2_20XH2O_Conf_StageII_PWP3_CellP_2x2_8St_20240606	Measurement 1	Evaluation5	PlateResults_Plate3.txt	Plate3
Plate3R06C20	6	20	1	0	263	4	0		0.4			Instrument	http://harmony-pc.pharmacy.ohio-state.edu/ODA/OdaService.asmx	3f8b5837-0814-4c76-be5a-aea05ef4bfc8	ZL_SS_H9C2_20XH2O_Conf_StageII_PWP3_CellP_2x2_8St_20240606	Measurement 1	Evaluation5	PlateResults_Plate3.txt	Plate3
Plate3R06C21	6	21	1	0	193	4	0		0.4			Instrument	http://harmony-pc.pharmacy.ohio-state.edu/ODA/OdaService.asmx	3f8b5837-0814-4c76-be5a-aea05ef4bfc8	ZL_SS_H9C2_20XH2O_Conf_StageII_PWP3_CellP_2x2_8St_20240606	Measurement 1	Evaluation5	PlateResults_Plate3.txt	Plate3
Plate3R06C22	6	22	1	0	291	4	0		0.4			Instrument	http://harmony-pc.pharmacy.ohio-state.edu/ODA/OdaService.asmx	3f8b5837-0814-4c76-be5a-aea05ef4bfc8	ZL_SS_H9C2_20XH2O_Conf_StageII_PWP3_CellP_2x2_8St_20240606	Measurement 1	Evaluation5	PlateResults_Plate3.txt	Plate3
Plate3R06C23	6	23	1	0	183	4	0	Axit	0.0823045267489712			Instrument	http://harmony-pc.pharmacy.ohio-state.edu/ODA/OdaService.asmx	3f8b5837-0814-4c76-be5a-aea05ef4bfc8	ZL_SS_H9C2_20XH2O_Conf_StageII_PWP3_CellP_2x2_8St_20240606	Measurement 1	Evaluation5	PlateResults_Plate3.txt	Plate3
Plate3R06C24	6	24	1	0	277	4	0	Axit	0.0823045267489712			Instrument	http://harmony-pc.pharmacy.ohio-state.edu/ODA/OdaService.asmx	3f8b5837-0814-4c76-be5a-aea05ef4bfc8	ZL_SS_H9C2_20XH2O_Conf_StageII_PWP3_CellP_2x2_8St_20240606	Measurement 1	Evaluation5	PlateResults_Plate3.txt	Plate3
Plate3R07C01	7	1	1	0	94	4	0	DMSO	0.001			Instrument	http://harmony-pc.pharmacy.ohio-state.edu/ODA/OdaService.asmx	3f8b5837-0814-4c76-be5a-aea05ef4bfc8	ZL_SS_H9C2_20XH2O_Conf_StageII_PWP3_CellP_2x2_8St_20240606	Measurement 1	Evaluation5	PlateResults_Plate3.txt	Plate3
Plate3R07C02	7	2	1	0	148	4	0	DMSO	0.001			Instrument	http://harmony-pc.pharmacy.ohio-state.edu/ODA/OdaService.asmx	3f8b5837-0814-4c76-be5a-aea05ef4bfc8	ZL_SS_H9C2_20XH2O_Conf_StageII_PWP3_CellP_2x2_8St_20240606	Measurement 1	Evaluation5	PlateResults_Plate3.txt	Plate3
Plate3R07C03	7	3	1	0	204	4	0		0.4			Instrument	http://harmony-pc.pharmacy.ohio-state.edu/ODA/OdaService.asmx	3f8b5837-0814-4c76-be5a-aea05ef4bfc8	ZL_SS_H9C2_20XH2O_Conf_StageII_PWP3_CellP_2x2_8St_20240606	Measurement 1	Evaluation5	PlateResults_Plate3.txt	Plate3
Plate3R07C04	7	4	1	0	213	4	0		0.4			Instrument	http://harmony-pc.pharmacy.ohio-state.edu/ODA/OdaService.asmx	3f8b5837-0814-4c76-be5a-aea05ef4bfc8	ZL_SS_H9C2_20XH2O_Conf_StageII_PWP3_CellP_2x2_8St_20240606	Measurement 1	Evaluation5	PlateResults_Plate3.txt	Plate3
Plate3R07C05	7	5	1	0	288	4	0		0.4			Instrument	http://harmony-pc.pharmacy.ohio-state.edu/ODA/OdaService.asmx	3f8b5837-0814-4c76-be5a-aea05ef4bfc8	ZL_SS_H9C2_20XH2O_Conf_StageII_PWP3_CellP_2x2_8St_20240606	Measurement 1	Evaluation5	PlateResults_Plate3.txt	Plate3
Plate3R07C06	7	6	1	0	270	4	0		0.4			Instrument	http://harmony-pc.pharmacy.ohio-state.edu/ODA/OdaService.asmx	3f8b5837-0814-4c76-be5a-aea05ef4bfc8	ZL_SS_H9C2_20XH2O_Conf_StageII_PWP3_CellP_2x2_8St_20240606	Measurement 1	Evaluation5	PlateResults_Plate3.txt	Plate3
Plate3R07C07	7	7	1	0	216	4	0		0.4			Instrument	http://harmony-pc.pharmacy.ohio-state.edu/ODA/OdaService.asmx	3f8b5837-0814-4c76-be5a-aea05ef4bfc8	ZL_SS_H9C2_20XH2O_Conf_StageII_PWP3_CellP_2x2_8St_20240606	Measurement 1	Evaluation5	PlateResults_Plate3.txt	Plate3
Plate3R07C08	7	8	1	0	286	4	0		0.4			Instrument	http://harmony-pc.pharmacy.ohio-state.edu/ODA/OdaService.asmx	3f8b5837-0814-4c76-be5a-aea05ef4bfc8	ZL_SS_H9C2_20XH2O_Conf_StageII_PWP3_CellP_2x2_8St_20240606	Measurement 1	Evaluation5	PlateResults_Plate3.txt	Plate3
Plate3R07C09	7	9	1	0	255	4	0		0.4			Instrument	http://harmony-pc.pharmacy.ohio-state.edu/ODA/OdaService.asmx	3f8b5837-0814-4c76-be5a-aea05ef4bfc8	ZL_SS_H9C2_20XH2O_Conf_StageII_PWP3_CellP_2x2_8St_20240606	Measurement 1	Evaluation5	PlateResults_Plate3.txt	Plate3
Plate3R07C10	7	10	1	0	277	4	0		0.4			Instrument	http://harmony-pc.pharmacy.ohio-state.edu/ODA/OdaService.asmx	3f8b5837-0814-4c76-be5a-aea05ef4bfc8	ZL_SS_H9C2_20XH2O_Conf_StageII_PWP3_CellP_2x2_8St_20240606	Measurement 1	Evaluation5	PlateResults_Plate3.txt	Plate3
Plate3R07C11	7	11	1	0	236	4	0		0.4			Instrument	http://harmony-pc.pharmacy.ohio-state.edu/ODA/OdaService.asmx	3f8b5837-0814-4c76-be5a-aea05ef4bfc8	ZL_SS_H9C2_20XH2O_Conf_StageII_PWP3_CellP_2x2_8St_20240606	Measurement 1	Evaluation5	PlateResults_Plate3.txt	Plate3
Plate3R07C12	7	12	1	0	323	4	0		0.4			Instrument	http://harmony-pc.pharmacy.ohio-state.edu/ODA/OdaService.asmx	3f8b5837-0814-4c76-be5a-aea05ef4bfc8	ZL_SS_H9C2_20XH2O_Conf_StageII_PWP3_CellP_2x2_8St_20240606	Measurement 1	Evaluation5	PlateResults_Plate3.txt	Plate3
Plate3R07C13	7	13	1	0	266	4	0		0.4			Instrument	http://harmony-pc.pharmacy.ohio-state.edu/ODA/OdaService.asmx	3f8b5837-0814-4c76-be5a-aea05ef4bfc8	ZL_SS_H9C2_20XH2O_Conf_StageII_PWP3_CellP_2x2_8St_20240606	Measurement 1	Evaluation5	PlateResults_Plate3.txt	Plate3
Plate3R07C14	7	14	1	0	348	4	0		0.4			Instrument	http://harmony-pc.pharmacy.ohio-state.edu/ODA/OdaService.asmx	3f8b5837-0814-4c76-be5a-aea05ef4bfc8	ZL_SS_H9C2_20XH2O_Conf_StageII_PWP3_CellP_2x2_8St_20240606	Measurement 1	Evaluation5	PlateResults_Plate3.txt	Plate3
Plate3R07C15	7	15	1	0	286	4	0		0.4			Instrument	http://harmony-pc.pharmacy.ohio-state.edu/ODA/OdaService.asmx	3f8b5837-0814-4c76-be5a-aea05ef4bfc8	ZL_SS_H9C2_20XH2O_Conf_StageII_PWP3_CellP_2x2_8St_20240606	Measurement 1	Evaluation5	PlateResults_Plate3.txt	Plate3
Plate3R07C16	7	16	1	0	283	4	0		0.4			Instrument	http://harmony-pc.pharmacy.ohio-state.edu/ODA/OdaService.asmx	3f8b5837-0814-4c76-be5a-aea05ef4bfc8	ZL_SS_H9C2_20XH2O_Conf_StageII_PWP3_CellP_2x2_8St_20240606	Measurement 1	Evaluation5	PlateResults_Plate3.txt	Plate3
Plate3R07C17	7	17	1	0	266	4	0		0.4			Instrument	http://harmony-pc.pharmacy.ohio-state.edu/ODA/OdaService.asmx	3f8b5837-0814-4c76-be5a-aea05ef4bfc8	ZL_SS_H9C2_20XH2O_Conf_StageII_PWP3_CellP_2x2_8St_20240606	Measurement 1	Evaluation5	PlateResults_Plate3.txt	Plate3
Plate3R07C18	7	18	1	0	307	4	0		0.4			Instrument	http://harmony-pc.pharmacy.ohio-state.edu/ODA/OdaService.asmx	3f8b5837-0814-4c76-be5a-aea05ef4bfc8	ZL_SS_H9C2_20XH2O_Conf_StageII_PWP3_CellP_2x2_8St_20240606	Measurement 1	Evaluation5	PlateResults_Plate3.txt	Plate3
Plate3R07C19	7	19	1	0	305	4	0		0.4			Instrument	http://harmony-pc.pharmacy.ohio-state.edu/ODA/OdaService.asmx	3f8b5837-0814-4c76-be5a-aea05ef4bfc8	ZL_SS_H9C2_20XH2O_Conf_StageII_PWP3_CellP_2x2_8St_20240606	Measurement 1	Evaluation5	PlateResults_Plate3.txt	Plate3
Plate3R07C20	7	20	1	0	318	4	0		0.4			Instrument	http://harmony-pc.pharmacy.ohio-state.edu/ODA/OdaService.asmx	3f8b5837-0814-4c76-be5a-aea05ef4bfc8	ZL_SS_H9C2_20XH2O_Conf_StageII_PWP3_CellP_2x2_8St_20240606	Measurement 1	Evaluation5	PlateResults_Plate3.txt	Plate3
Plate3R07C21	7	21	1	0	248	4	0		0.4			Instrument	http://harmony-pc.pharmacy.ohio-state.edu/ODA/OdaService.asmx	3f8b5837-0814-4c76-be5a-aea05ef4bfc8	ZL_SS_H9C2_20XH2O_Conf_StageII_PWP3_CellP_2x2_8St_20240606	Measurement 1	Evaluation5	PlateResults_Plate3.txt	Plate3
Plate3R07C22	7	22	1	0	185	4	0		0.4			Instrument	http://harmony-pc.pharmacy.ohio-state.edu/ODA/OdaService.asmx	3f8b5837-0814-4c76-be5a-aea05ef4bfc8	ZL_SS_H9C2_20XH2O_Conf_StageII_PWP3_CellP_2x2_8St_20240606	Measurement 1	Evaluation5	PlateResults_Plate3.txt	Plate3
Plate3R07C23	7	23	1	0	196	4	0	Axit	0.0274348422496571			Instrument	http://harmony-pc.pharmacy.ohio-state.edu/ODA/OdaService.asmx	3f8b5837-0814-4c76-be5a-aea05ef4bfc8	ZL_SS_H9C2_20XH2O_Conf_StageII_PWP3_CellP_2x2_8St_20240606	Measurement 1	Evaluation5	PlateResults_Plate3.txt	Plate3
Plate3R07C24	7	24	1	0	254	4	0	Axit	0.0274348422496571			Instrument	http://harmony-pc.pharmacy.ohio-state.edu/ODA/OdaService.asmx	3f8b5837-0814-4c76-be5a-aea05ef4bfc8	ZL_SS_H9C2_20XH2O_Conf_StageII_PWP3_CellP_2x2_8St_20240606	Measurement 1	Evaluation5	PlateResults_Plate3.txt	Plate3
Plate3R08C01	8	1	1	0	109	4	0	DMSO	0.001			Instrument	http://harmony-pc.pharmacy.ohio-state.edu/ODA/OdaService.asmx	3f8b5837-0814-4c76-be5a-aea05ef4bfc8	ZL_SS_H9C2_20XH2O_Conf_StageII_PWP3_CellP_2x2_8St_20240606	Measurement 1	Evaluation5	PlateResults_Plate3.txt	Plate3
Plate3R08C02	8	2	1	0	45	4	0	DMSO	0.001			Instrument	http://harmony-pc.pharmacy.ohio-state.edu/ODA/OdaService.asmx	3f8b5837-0814-4c76-be5a-aea05ef4bfc8	ZL_SS_H9C2_20XH2O_Conf_StageII_PWP3_CellP_2x2_8St_20240606	Measurement 1	Evaluation5	PlateResults_Plate3.txt	Plate3
Plate3R08C03	8	3	1	0	104	4	0		0.4			Instrument	http://harmony-pc.pharmacy.ohio-state.edu/ODA/OdaService.asmx	3f8b5837-0814-4c76-be5a-aea05ef4bfc8	ZL_SS_H9C2_20XH2O_Conf_StageII_PWP3_CellP_2x2_8St_20240606	Measurement 1	Evaluation5	PlateResults_Plate3.txt	Plate3
Plate3R08C04	8	4	1	0	221	4	0		0.4			Instrument	http://harmony-pc.pharmacy.ohio-state.edu/ODA/OdaService.asmx	3f8b5837-0814-4c76-be5a-aea05ef4bfc8	ZL_SS_H9C2_20XH2O_Conf_StageII_PWP3_CellP_2x2_8St_20240606	Measurement 1	Evaluation5	PlateResults_Plate3.txt	Plate3
Plate3R08C05	8	5	1	0	276	4	0		0.4			Instrument	http://harmony-pc.pharmacy.ohio-state.edu/ODA/OdaService.asmx	3f8b5837-0814-4c76-be5a-aea05ef4bfc8	ZL_SS_H9C2_20XH2O_Conf_StageII_PWP3_CellP_2x2_8St_20240606	Measurement 1	Evaluation5	PlateResults_Plate3.txt	Plate3
Plate3R08C06	8	6	1	0	323	4	0		0.4			Instrument	http://harmony-pc.pharmacy.ohio-state.edu/ODA/OdaService.asmx	3f8b5837-0814-4c76-be5a-aea05ef4bfc8	ZL_SS_H9C2_20XH2O_Conf_StageII_PWP3_CellP_2x2_8St_20240606	Measurement 1	Evaluation5	PlateResults_Plate3.txt	Plate3
Plate3R08C07	8	7	1	0	311	4	0		0.4			Instrument	http://harmony-pc.pharmacy.ohio-state.edu/ODA/OdaService.asmx	3f8b5837-0814-4c76-be5a-aea05ef4bfc8	ZL_SS_H9C2_20XH2O_Conf_StageII_PWP3_CellP_2x2_8St_20240606	Measurement 1	Evaluation5	PlateResults_Plate3.txt	Plate3
Plate3R08C08	8	8	1	0	301	4	0		0.4			Instrument	http://harmony-pc.pharmacy.ohio-state.edu/ODA/OdaService.asmx	3f8b5837-0814-4c76-be5a-aea05ef4bfc8	ZL_SS_H9C2_20XH2O_Conf_StageII_PWP3_CellP_2x2_8St_20240606	Measurement 1	Evaluation5	PlateResults_Plate3.txt	Plate3
Plate3R08C09	8	9	1	0	234	4	0		0.4			Instrument	http://harmony-pc.pharmacy.ohio-state.edu/ODA/OdaService.asmx	3f8b5837-0814-4c76-be5a-aea05ef4bfc8	ZL_SS_H9C2_20XH2O_Conf_StageII_PWP3_CellP_2x2_8St_20240606	Measurement 1	Evaluation5	PlateResults_Plate3.txt	Plate3
Plate3R08C10	8	10	1	0	232	4	0		0.4			Instrument	http://harmony-pc.pharmacy.ohio-state.edu/ODA/OdaService.asmx	3f8b5837-0814-4c76-be5a-aea05ef4bfc8	ZL_SS_H9C2_20XH2O_Conf_StageII_PWP3_CellP_2x2_8St_20240606	Measurement 1	Evaluation5	PlateResults_Plate3.txt	Plate3
Plate3R08C11	8	11	1	0	326	4	0		0.4			Instrument	http://harmony-pc.pharmacy.ohio-state.edu/ODA/OdaService.asmx	3f8b5837-0814-4c76-be5a-aea05ef4bfc8	ZL_SS_H9C2_20XH2O_Conf_StageII_PWP3_CellP_2x2_8St_20240606	Measurement 1	Evaluation5	PlateResults_Plate3.txt	Plate3
Plate3R08C12	8	12	1	0	344	4	0		0.4			Instrument	http://harmony-pc.pharmacy.ohio-state.edu/ODA/OdaService.asmx	3f8b5837-0814-4c76-be5a-aea05ef4bfc8	ZL_SS_H9C2_20XH2O_Conf_StageII_PWP3_CellP_2x2_8St_20240606	Measurement 1	Evaluation5	PlateResults_Plate3.txt	Plate3
Plate3R08C13	8	13	1	0	302	4	0		0.4			Instrument	http://harmony-pc.pharmacy.ohio-state.edu/ODA/OdaService.asmx	3f8b5837-0814-4c76-be5a-aea05ef4bfc8	ZL_SS_H9C2_20XH2O_Conf_StageII_PWP3_CellP_2x2_8St_20240606	Measurement 1	Evaluation5	PlateResults_Plate3.txt	Plate3
Plate3R08C14	8	14	1	0	327	4	0		0.4			Instrument	http://harmony-pc.pharmacy.ohio-state.edu/ODA/OdaService.asmx	3f8b5837-0814-4c76-be5a-aea05ef4bfc8	ZL_SS_H9C2_20XH2O_Conf_StageII_PWP3_CellP_2x2_8St_20240606	Measurement 1	Evaluation5	PlateResults_Plate3.txt	Plate3
Plate3R08C15	8	15	1	0	312	4	0		0.4			Instrument	http://harmony-pc.pharmacy.ohio-state.edu/ODA/OdaService.asmx	3f8b5837-0814-4c76-be5a-aea05ef4bfc8	ZL_SS_H9C2_20XH2O_Conf_StageII_PWP3_CellP_2x2_8St_20240606	Measurement 1	Evaluation5	PlateResults_Plate3.txt	Plate3
Plate3R08C16	8	16	1	0	375	4	0		0.4			Instrument	http://harmony-pc.pharmacy.ohio-state.edu/ODA/OdaService.asmx	3f8b5837-0814-4c76-be5a-aea05ef4bfc8	ZL_SS_H9C2_20XH2O_Conf_StageII_PWP3_CellP_2x2_8St_20240606	Measurement 1	Evaluation5	PlateResults_Plate3.txt	Plate3
Plate3R08C17	8	17	1	0	263	4	0		0.4			Instrument	http://harmony-pc.pharmacy.ohio-state.edu/ODA/OdaService.asmx	3f8b5837-0814-4c76-be5a-aea05ef4bfc8	ZL_SS_H9C2_20XH2O_Conf_StageII_PWP3_CellP_2x2_8St_20240606	Measurement 1	Evaluation5	PlateResults_Plate3.txt	Plate3
Plate3R08C18	8	18	1	0	296	4	0		0.4			Instrument	http://harmony-pc.pharmacy.ohio-state.edu/ODA/OdaService.asmx	3f8b5837-0814-4c76-be5a-aea05ef4bfc8	ZL_SS_H9C2_20XH2O_Conf_StageII_PWP3_CellP_2x2_8St_20240606	Measurement 1	Evaluation5	PlateResults_Plate3.txt	Plate3
Plate3R08C19	8	19	1	0	273	4	0		0.4			Instrument	http://harmony-pc.pharmacy.ohio-state.edu/ODA/OdaService.asmx	3f8b5837-0814-4c76-be5a-aea05ef4bfc8	ZL_SS_H9C2_20XH2O_Conf_StageII_PWP3_CellP_2x2_8St_20240606	Measurement 1	Evaluation5	PlateResults_Plate3.txt	Plate3
Plate3R08C20	8	20	1	0	238	4	0		0.4			Instrument	http://harmony-pc.pharmacy.ohio-state.edu/ODA/OdaService.asmx	3f8b5837-0814-4c76-be5a-aea05ef4bfc8	ZL_SS_H9C2_20XH2O_Conf_StageII_PWP3_CellP_2x2_8St_20240606	Measurement 1	Evaluation5	PlateResults_Plate3.txt	Plate3
Plate3R08C21	8	21	1	0	301	4	0		0.4			Instrument	http://harmony-pc.pharmacy.ohio-state.edu/ODA/OdaService.asmx	3f8b5837-0814-4c76-be5a-aea05ef4bfc8	ZL_SS_H9C2_20XH2O_Conf_StageII_PWP3_CellP_2x2_8St_20240606	Measurement 1	Evaluation5	PlateResults_Plate3.txt	Plate3
Plate3R08C22	8	22	1	0	199	4	0		0.4			Instrument	http://harmony-pc.pharmacy.ohio-state.edu/ODA/OdaService.asmx	3f8b5837-0814-4c76-be5a-aea05ef4bfc8	ZL_SS_H9C2_20XH2O_Conf_StageII_PWP3_CellP_2x2_8St_20240606	Measurement 1	Evaluation5	PlateResults_Plate3.txt	Plate3
Plate3R08C23	8	23	1	0	190	4	0	Axit	0.00914494741655235			Instrument	http://harmony-pc.pharmacy.ohio-state.edu/ODA/OdaService.asmx	3f8b5837-0814-4c76-be5a-aea05ef4bfc8	ZL_SS_H9C2_20XH2O_Conf_StageII_PWP3_CellP_2x2_8St_20240606	Measurement 1	Evaluation5	PlateResults_Plate3.txt	Plate3
Plate3R08C24	8	24	1	0	197	4	0	Axit	0.00914494741655235			Instrument	http://harmony-pc.pharmacy.ohio-state.edu/ODA/OdaService.asmx	3f8b5837-0814-4c76-be5a-aea05ef4bfc8	ZL_SS_H9C2_20XH2O_Conf_StageII_PWP3_CellP_2x2_8St_20240606	Measurement 1	Evaluation5	PlateResults_Plate3.txt	Plate3
Plate3R09C01	9	1	1	0	15	4	0	Dacti	0.4			Instrument	http://harmony-pc.pharmacy.ohio-state.edu/ODA/OdaService.asmx	3f8b5837-0814-4c76-be5a-aea05ef4bfc8	ZL_SS_H9C2_20XH2O_Conf_StageII_PWP3_CellP_2x2_8St_20240606	Measurement 1	Evaluation5	PlateResults_Plate3.txt	Plate3
Plate3R09C02	9	2	1	0	11	4	0	Dacti	0.4			Instrument	http://harmony-pc.pharmacy.ohio-state.edu/ODA/OdaService.asmx	3f8b5837-0814-4c76-be5a-aea05ef4bfc8	ZL_SS_H9C2_20XH2O_Conf_StageII_PWP3_CellP_2x2_8St_20240606	Measurement 1	Evaluation5	PlateResults_Plate3.txt	Plate3
Plate3R09C03	9	3	1	0	188	4	0		0.4			Instrument	http://harmony-pc.pharmacy.ohio-state.edu/ODA/OdaService.asmx	3f8b5837-0814-4c76-be5a-aea05ef4bfc8	ZL_SS_H9C2_20XH2O_Conf_StageII_PWP3_CellP_2x2_8St_20240606	Measurement 1	Evaluation5	PlateResults_Plate3.txt	Plate3
Plate3R09C04	9	4	1	0	153	4	0		0.4			Instrument	http://harmony-pc.pharmacy.ohio-state.edu/ODA/OdaService.asmx	3f8b5837-0814-4c76-be5a-aea05ef4bfc8	ZL_SS_H9C2_20XH2O_Conf_StageII_PWP3_CellP_2x2_8St_20240606	Measurement 1	Evaluation5	PlateResults_Plate3.txt	Plate3
Plate3R09C05	9	5	1	0	237	4	0		0.4			Instrument	http://harmony-pc.pharmacy.ohio-state.edu/ODA/OdaService.asmx	3f8b5837-0814-4c76-be5a-aea05ef4bfc8	ZL_SS_H9C2_20XH2O_Conf_StageII_PWP3_CellP_2x2_8St_20240606	Measurement 1	Evaluation5	PlateResults_Plate3.txt	Plate3
Plate3R09C06	9	6	1	0	225	4	0		0.4			Instrument	http://harmony-pc.pharmacy.ohio-state.edu/ODA/OdaService.asmx	3f8b5837-0814-4c76-be5a-aea05ef4bfc8	ZL_SS_H9C2_20XH2O_Conf_StageII_PWP3_CellP_2x2_8St_20240606	Measurement 1	Evaluation5	PlateResults_Plate3.txt	Plate3
Plate3R09C07	9	7	1	0	289	4	0		0.4			Instrument	http://harmony-pc.pharmacy.ohio-state.edu/ODA/OdaService.asmx	3f8b5837-0814-4c76-be5a-aea05ef4bfc8	ZL_SS_H9C2_20XH2O_Conf_StageII_PWP3_CellP_2x2_8St_20240606	Measurement 1	Evaluation5	PlateResults_Plate3.txt	Plate3
Plate3R09C08	9	8	1	0	277	4	0		0.4			Instrument	http://harmony-pc.pharmacy.ohio-state.edu/ODA/OdaService.asmx	3f8b5837-0814-4c76-be5a-aea05ef4bfc8	ZL_SS_H9C2_20XH2O_Conf_StageII_PWP3_CellP_2x2_8St_20240606	Measurement 1	Evaluation5	PlateResults_Plate3.txt	Plate3
Plate3R09C09	9	9	1	0	268	4	0		0.4			Instrument	http://harmony-pc.pharmacy.ohio-state.edu/ODA/OdaService.asmx	3f8b5837-0814-4c76-be5a-aea05ef4bfc8	ZL_SS_H9C2_20XH2O_Conf_StageII_PWP3_CellP_2x2_8St_20240606	Measurement 1	Evaluation5	PlateResults_Plate3.txt	Plate3
Plate3R09C10	9	10	1	0	284	4	0		0.4			Instrument	http://harmony-pc.pharmacy.ohio-state.edu/ODA/OdaService.asmx	3f8b5837-0814-4c76-be5a-aea05ef4bfc8	ZL_SS_H9C2_20XH2O_Conf_StageII_PWP3_CellP_2x2_8St_20240606	Measurement 1	Evaluation5	PlateResults_Plate3.txt	Plate3
Plate3R09C11	9	11	1	0	286	4	0		0.4			Instrument	http://harmony-pc.pharmacy.ohio-state.edu/ODA/OdaService.asmx	3f8b5837-0814-4c76-be5a-aea05ef4bfc8	ZL_SS_H9C2_20XH2O_Conf_StageII_PWP3_CellP_2x2_8St_20240606	Measurement 1	Evaluation5	PlateResults_Plate3.txt	Plate3
Plate3R09C12	9	12	1	0	283	4	0		0.4			Instrument	http://harmony-pc.pharmacy.ohio-state.edu/ODA/OdaService.asmx	3f8b5837-0814-4c76-be5a-aea05ef4bfc8	ZL_SS_H9C2_20XH2O_Conf_StageII_PWP3_CellP_2x2_8St_20240606	Measurement 1	Evaluation5	PlateResults_Plate3.txt	Plate3
Plate3R09C13	9	13	1	0	257	4	0		0.4			Instrument	http://harmony-pc.pharmacy.ohio-state.edu/ODA/OdaService.asmx	3f8b5837-0814-4c76-be5a-aea05ef4bfc8	ZL_SS_H9C2_20XH2O_Conf_StageII_PWP3_CellP_2x2_8St_20240606	Measurement 1	Evaluation5	PlateResults_Plate3.txt	Plate3
Plate3R09C14	9	14	1	0	290	4	0		0.4			Instrument	http://harmony-pc.pharmacy.ohio-state.edu/ODA/OdaService.asmx	3f8b5837-0814-4c76-be5a-aea05ef4bfc8	ZL_SS_H9C2_20XH2O_Conf_StageII_PWP3_CellP_2x2_8St_20240606	Measurement 1	Evaluation5	PlateResults_Plate3.txt	Plate3
Plate3R09C15	9	15	1	0	280	4	0		0.4			Instrument	http://harmony-pc.pharmacy.ohio-state.edu/ODA/OdaService.asmx	3f8b5837-0814-4c76-be5a-aea05ef4bfc8	ZL_SS_H9C2_20XH2O_Conf_StageII_PWP3_CellP_2x2_8St_20240606	Measurement 1	Evaluation5	PlateResults_Plate3.txt	Plate3
Plate3R09C16	9	16	1	0	372	4	0		0.4			Instrument	http://harmony-pc.pharmacy.ohio-state.edu/ODA/OdaService.asmx	3f8b5837-0814-4c76-be5a-aea05ef4bfc8	ZL_SS_H9C2_20XH2O_Conf_StageII_PWP3_CellP_2x2_8St_20240606	Measurement 1	Evaluation5	PlateResults_Plate3.txt	Plate3
Plate3R09C17	9	17	1	0	313	4	0		0.4			Instrument	http://harmony-pc.pharmacy.ohio-state.edu/ODA/OdaService.asmx	3f8b5837-0814-4c76-be5a-aea05ef4bfc8	ZL_SS_H9C2_20XH2O_Conf_StageII_PWP3_CellP_2x2_8St_20240606	Measurement 1	Evaluation5	PlateResults_Plate3.txt	Plate3
Plate3R09C18	9	18	1	0	249	4	0		0.4			Instrument	http://harmony-pc.pharmacy.ohio-state.edu/ODA/OdaService.asmx	3f8b5837-0814-4c76-be5a-aea05ef4bfc8	ZL_SS_H9C2_20XH2O_Conf_StageII_PWP3_CellP_2x2_8St_20240606	Measurement 1	Evaluation5	PlateResults_Plate3.txt	Plate3
Plate3R09C19	9	19	1	0	290	4	0		0.4			Instrument	http://harmony-pc.pharmacy.ohio-state.edu/ODA/OdaService.asmx	3f8b5837-0814-4c76-be5a-aea05ef4bfc8	ZL_SS_H9C2_20XH2O_Conf_StageII_PWP3_CellP_2x2_8St_20240606	Measurement 1	Evaluation5	PlateResults_Plate3.txt	Plate3
Plate3R09C20	9	20	1	0	321	4	0		0.4			Instrument	http://harmony-pc.pharmacy.ohio-state.edu/ODA/OdaService.asmx	3f8b5837-0814-4c76-be5a-aea05ef4bfc8	ZL_SS_H9C2_20XH2O_Conf_StageII_PWP3_CellP_2x2_8St_20240606	Measurement 1	Evaluation5	PlateResults_Plate3.txt	Plate3
Plate3R09C21	9	21	1	0	276	4	0		0.4			Instrument	http://harmony-pc.pharmacy.ohio-state.edu/ODA/OdaService.asmx	3f8b5837-0814-4c76-be5a-aea05ef4bfc8	ZL_SS_H9C2_20XH2O_Conf_StageII_PWP3_CellP_2x2_8St_20240606	Measurement 1	Evaluation5	PlateResults_Plate3.txt	Plate3
Plate3R09C22	9	22	1	0	224	4	0		0.4			Instrument	http://harmony-pc.pharmacy.ohio-state.edu/ODA/OdaService.asmx	3f8b5837-0814-4c76-be5a-aea05ef4bfc8	ZL_SS_H9C2_20XH2O_Conf_StageII_PWP3_CellP_2x2_8St_20240606	Measurement 1	Evaluation5	PlateResults_Plate3.txt	Plate3
Plate3R09C23	9	23	1	0	24	4	0	Cabo	20			Instrument	http://harmony-pc.pharmacy.ohio-state.edu/ODA/OdaService.asmx	3f8b5837-0814-4c76-be5a-aea05ef4bfc8	ZL_SS_H9C2_20XH2O_Conf_StageII_PWP3_CellP_2x2_8St_20240606	Measurement 1	Evaluation5	PlateResults_Plate3.txt	Plate3
Plate3R09C24	9	24	1	0	18	4	0	Cabo	20			Instrument	http://harmony-pc.pharmacy.ohio-state.edu/ODA/OdaService.asmx	3f8b5837-0814-4c76-be5a-aea05ef4bfc8	ZL_SS_H9C2_20XH2O_Conf_StageII_PWP3_CellP_2x2_8St_20240606	Measurement 1	Evaluation5	PlateResults_Plate3.txt	Plate3
Plate3R10C01	10	1	1	0	13	4	0	Dacti	0.133333333333333			Instrument	http://harmony-pc.pharmacy.ohio-state.edu/ODA/OdaService.asmx	3f8b5837-0814-4c76-be5a-aea05ef4bfc8	ZL_SS_H9C2_20XH2O_Conf_StageII_PWP3_CellP_2x2_8St_20240606	Measurement 1	Evaluation5	PlateResults_Plate3.txt	Plate3
Plate3R10C02	10	2	1	0	3	4	0	Dacti	0.133333333333333			Instrument	http://harmony-pc.pharmacy.ohio-state.edu/ODA/OdaService.asmx	3f8b5837-0814-4c76-be5a-aea05ef4bfc8	ZL_SS_H9C2_20XH2O_Conf_StageII_PWP3_CellP_2x2_8St_20240606	Measurement 1	Evaluation5	PlateResults_Plate3.txt	Plate3
Plate3R10C03	10	3	1	0	166	4	0		0.4			Instrument	http://harmony-pc.pharmacy.ohio-state.edu/ODA/OdaService.asmx	3f8b5837-0814-4c76-be5a-aea05ef4bfc8	ZL_SS_H9C2_20XH2O_Conf_StageII_PWP3_CellP_2x2_8St_20240606	Measurement 1	Evaluation5	PlateResults_Plate3.txt	Plate3
Plate3R10C04	10	4	1	0	186	4	0		0.4			Instrument	http://harmony-pc.pharmacy.ohio-state.edu/ODA/OdaService.asmx	3f8b5837-0814-4c76-be5a-aea05ef4bfc8	ZL_SS_H9C2_20XH2O_Conf_StageII_PWP3_CellP_2x2_8St_20240606	Measurement 1	Evaluation5	PlateResults_Plate3.txt	Plate3
Plate3R10C05	10	5	1	0	308	4	0		0.4			Instrument	http://harmony-pc.pharmacy.ohio-state.edu/ODA/OdaService.asmx	3f8b5837-0814-4c76-be5a-aea05ef4bfc8	ZL_SS_H9C2_20XH2O_Conf_StageII_PWP3_CellP_2x2_8St_20240606	Measurement 1	Evaluation5	PlateResults_Plate3.txt	Plate3
Plate3R10C06	10	6	1	0	302	4	0		0.4			Instrument	http://harmony-pc.pharmacy.ohio-state.edu/ODA/OdaService.asmx	3f8b5837-0814-4c76-be5a-aea05ef4bfc8	ZL_SS_H9C2_20XH2O_Conf_StageII_PWP3_CellP_2x2_8St_20240606	Measurement 1	Evaluation5	PlateResults_Plate3.txt	Plate3
Plate3R10C07	10	7	1	0	268	4	0		0.4			Instrument	http://harmony-pc.pharmacy.ohio-state.edu/ODA/OdaService.asmx	3f8b5837-0814-4c76-be5a-aea05ef4bfc8	ZL_SS_H9C2_20XH2O_Conf_StageII_PWP3_CellP_2x2_8St_20240606	Measurement 1	Evaluation5	PlateResults_Plate3.txt	Plate3
Plate3R10C08	10	8	1	0	239	4	0		0.4			Instrument	http://harmony-pc.pharmacy.ohio-state.edu/ODA/OdaService.asmx	3f8b5837-0814-4c76-be5a-aea05ef4bfc8	ZL_SS_H9C2_20XH2O_Conf_StageII_PWP3_CellP_2x2_8St_20240606	Measurement 1	Evaluation5	PlateResults_Plate3.txt	Plate3
Plate3R10C09	10	9	1	0	353	4	0		0.4			Instrument	http://harmony-pc.pharmacy.ohio-state.edu/ODA/OdaService.asmx	3f8b5837-0814-4c76-be5a-aea05ef4bfc8	ZL_SS_H9C2_20XH2O_Conf_StageII_PWP3_CellP_2x2_8St_20240606	Measurement 1	Evaluation5	PlateResults_Plate3.txt	Plate3
Plate3R10C10	10	10	1	0	280	4	0		0.4			Instrument	http://harmony-pc.pharmacy.ohio-state.edu/ODA/OdaService.asmx	3f8b5837-0814-4c76-be5a-aea05ef4bfc8	ZL_SS_H9C2_20XH2O_Conf_StageII_PWP3_CellP_2x2_8St_20240606	Measurement 1	Evaluation5	PlateResults_Plate3.txt	Plate3
Plate3R10C11	10	11	1	0	285	4	0		0.4			Instrument	http://harmony-pc.pharmacy.ohio-state.edu/ODA/OdaService.asmx	3f8b5837-0814-4c76-be5a-aea05ef4bfc8	ZL_SS_H9C2_20XH2O_Conf_StageII_PWP3_CellP_2x2_8St_20240606	Measurement 1	Evaluation5	PlateResults_Plate3.txt	Plate3
Plate3R10C12	10	12	1	0	215	4	0		0.4			Instrument	http://harmony-pc.pharmacy.ohio-state.edu/ODA/OdaService.asmx	3f8b5837-0814-4c76-be5a-aea05ef4bfc8	ZL_SS_H9C2_20XH2O_Conf_StageII_PWP3_CellP_2x2_8St_20240606	Measurement 1	Evaluation5	PlateResults_Plate3.txt	Plate3
Plate3R10C13	10	13	1	0	273	4	0		0.4			Instrument	http://harmony-pc.pharmacy.ohio-state.edu/ODA/OdaService.asmx	3f8b5837-0814-4c76-be5a-aea05ef4bfc8	ZL_SS_H9C2_20XH2O_Conf_StageII_PWP3_CellP_2x2_8St_20240606	Measurement 1	Evaluation5	PlateResults_Plate3.txt	Plate3
Plate3R10C14	10	14	1	0	278	4	0		0.4			Instrument	http://harmony-pc.pharmacy.ohio-state.edu/ODA/OdaService.asmx	3f8b5837-0814-4c76-be5a-aea05ef4bfc8	ZL_SS_H9C2_20XH2O_Conf_StageII_PWP3_CellP_2x2_8St_20240606	Measurement 1	Evaluation5	PlateResults_Plate3.txt	Plate3
Plate3R10C15	10	15	1	0	235	4	0		0.4			Instrument	http://harmony-pc.pharmacy.ohio-state.edu/ODA/OdaService.asmx	3f8b5837-0814-4c76-be5a-aea05ef4bfc8	ZL_SS_H9C2_20XH2O_Conf_StageII_PWP3_CellP_2x2_8St_20240606	Measurement 1	Evaluation5	PlateResults_Plate3.txt	Plate3
Plate3R10C16	10	16	1	0	253	4	0		0.4			Instrument	http://harmony-pc.pharmacy.ohio-state.edu/ODA/OdaService.asmx	3f8b5837-0814-4c76-be5a-aea05ef4bfc8	ZL_SS_H9C2_20XH2O_Conf_StageII_PWP3_CellP_2x2_8St_20240606	Measurement 1	Evaluation5	PlateResults_Plate3.txt	Plate3
Plate3R10C17	10	17	1	0	249	4	0		0.4			Instrument	http://harmony-pc.pharmacy.ohio-state.edu/ODA/OdaService.asmx	3f8b5837-0814-4c76-be5a-aea05ef4bfc8	ZL_SS_H9C2_20XH2O_Conf_StageII_PWP3_CellP_2x2_8St_20240606	Measurement 1	Evaluation5	PlateResults_Plate3.txt	Plate3
Plate3R10C18	10	18	1	0	273	4	0		0.4			Instrument	http://harmony-pc.pharmacy.ohio-state.edu/ODA/OdaService.asmx	3f8b5837-0814-4c76-be5a-aea05ef4bfc8	ZL_SS_H9C2_20XH2O_Conf_StageII_PWP3_CellP_2x2_8St_20240606	Measurement 1	Evaluation5	PlateResults_Plate3.txt	Plate3
Plate3R10C19	10	19	1	0	282	4	0		0.4			Instrument	http://harmony-pc.pharmacy.ohio-state.edu/ODA/OdaService.asmx	3f8b5837-0814-4c76-be5a-aea05ef4bfc8	ZL_SS_H9C2_20XH2O_Conf_StageII_PWP3_CellP_2x2_8St_20240606	Measurement 1	Evaluation5	PlateResults_Plate3.txt	Plate3
Plate3R10C20	10	20	1	0	213	4	0		0.4			Instrument	http://harmony-pc.pharmacy.ohio-state.edu/ODA/OdaService.asmx	3f8b5837-0814-4c76-be5a-aea05ef4bfc8	ZL_SS_H9C2_20XH2O_Conf_StageII_PWP3_CellP_2x2_8St_20240606	Measurement 1	Evaluation5	PlateResults_Plate3.txt	Plate3
Plate3R10C21	10	21	1	0	285	4	0		0.4			Instrument	http://harmony-pc.pharmacy.ohio-state.edu/ODA/OdaService.asmx	3f8b5837-0814-4c76-be5a-aea05ef4bfc8	ZL_SS_H9C2_20XH2O_Conf_StageII_PWP3_CellP_2x2_8St_20240606	Measurement 1	Evaluation5	PlateResults_Plate3.txt	Plate3
Plate3R10C22	10	22	1	0	197	4	0		0.4			Instrument	http://harmony-pc.pharmacy.ohio-state.edu/ODA/OdaService.asmx	3f8b5837-0814-4c76-be5a-aea05ef4bfc8	ZL_SS_H9C2_20XH2O_Conf_StageII_PWP3_CellP_2x2_8St_20240606	Measurement 1	Evaluation5	PlateResults_Plate3.txt	Plate3
Plate3R10C23	10	23	1	0	58	4	0	Cabo	6.66666666666667			Instrument	http://harmony-pc.pharmacy.ohio-state.edu/ODA/OdaService.asmx	3f8b5837-0814-4c76-be5a-aea05ef4bfc8	ZL_SS_H9C2_20XH2O_Conf_StageII_PWP3_CellP_2x2_8St_20240606	Measurement 1	Evaluation5	PlateResults_Plate3.txt	Plate3
Plate3R10C24	10	24	1	0	103	4	0	Cabo	6.66666666666667			Instrument	http://harmony-pc.pharmacy.ohio-state.edu/ODA/OdaService.asmx	3f8b5837-0814-4c76-be5a-aea05ef4bfc8	ZL_SS_H9C2_20XH2O_Conf_StageII_PWP3_CellP_2x2_8St_20240606	Measurement 1	Evaluation5	PlateResults_Plate3.txt	Plate3
Plate3R11C01	11	1	1	0	28	4	0	Dacti	0.0444444444444444			Instrument	http://harmony-pc.pharmacy.ohio-state.edu/ODA/OdaService.asmx	3f8b5837-0814-4c76-be5a-aea05ef4bfc8	ZL_SS_H9C2_20XH2O_Conf_StageII_PWP3_CellP_2x2_8St_20240606	Measurement 1	Evaluation5	PlateResults_Plate3.txt	Plate3
Plate3R11C02	11	2	1	0	18	4	0	Dacti	0.0444444444444444			Instrument	http://harmony-pc.pharmacy.ohio-state.edu/ODA/OdaService.asmx	3f8b5837-0814-4c76-be5a-aea05ef4bfc8	ZL_SS_H9C2_20XH2O_Conf_StageII_PWP3_CellP_2x2_8St_20240606	Measurement 1	Evaluation5	PlateResults_Plate3.txt	Plate3
Plate3R11C03	11	3	1	0	221	4	0		0.4			Instrument	http://harmony-pc.pharmacy.ohio-state.edu/ODA/OdaService.asmx	3f8b5837-0814-4c76-be5a-aea05ef4bfc8	ZL_SS_H9C2_20XH2O_Conf_StageII_PWP3_CellP_2x2_8St_20240606	Measurement 1	Evaluation5	PlateResults_Plate3.txt	Plate3
Plate3R11C04	11	4	1	0	233	4	0		0.4			Instrument	http://harmony-pc.pharmacy.ohio-state.edu/ODA/OdaService.asmx	3f8b5837-0814-4c76-be5a-aea05ef4bfc8	ZL_SS_H9C2_20XH2O_Conf_StageII_PWP3_CellP_2x2_8St_20240606	Measurement 1	Evaluation5	PlateResults_Plate3.txt	Plate3
Plate3R11C05	11	5	1	0	251	4	0		0.4			Instrument	http://harmony-pc.pharmacy.ohio-state.edu/ODA/OdaService.asmx	3f8b5837-0814-4c76-be5a-aea05ef4bfc8	ZL_SS_H9C2_20XH2O_Conf_StageII_PWP3_CellP_2x2_8St_20240606	Measurement 1	Evaluation5	PlateResults_Plate3.txt	Plate3
Plate3R11C06	11	6	1	0	300	4	0		0.4			Instrument	http://harmony-pc.pharmacy.ohio-state.edu/ODA/OdaService.asmx	3f8b5837-0814-4c76-be5a-aea05ef4bfc8	ZL_SS_H9C2_20XH2O_Conf_StageII_PWP3_CellP_2x2_8St_20240606	Measurement 1	Evaluation5	PlateResults_Plate3.txt	Plate3
Plate3R11C07	11	7	1	0	263	4	0		0.4			Instrument	http://harmony-pc.pharmacy.ohio-state.edu/ODA/OdaService.asmx	3f8b5837-0814-4c76-be5a-aea05ef4bfc8	ZL_SS_H9C2_20XH2O_Conf_StageII_PWP3_CellP_2x2_8St_20240606	Measurement 1	Evaluation5	PlateResults_Plate3.txt	Plate3
Plate3R11C08	11	8	1	0	270	4	0		0.4			Instrument	http://harmony-pc.pharmacy.ohio-state.edu/ODA/OdaService.asmx	3f8b5837-0814-4c76-be5a-aea05ef4bfc8	ZL_SS_H9C2_20XH2O_Conf_StageII_PWP3_CellP_2x2_8St_20240606	Measurement 1	Evaluation5	PlateResults_Plate3.txt	Plate3
Plate3R11C09	11	9	1	0	303	4	0		0.4			Instrument	http://harmony-pc.pharmacy.ohio-state.edu/ODA/OdaService.asmx	3f8b5837-0814-4c76-be5a-aea05ef4bfc8	ZL_SS_H9C2_20XH2O_Conf_StageII_PWP3_CellP_2x2_8St_20240606	Measurement 1	Evaluation5	PlateResults_Plate3.txt	Plate3
Plate3R11C10	11	10	1	0	296	4	0		0.4			Instrument	http://harmony-pc.pharmacy.ohio-state.edu/ODA/OdaService.asmx	3f8b5837-0814-4c76-be5a-aea05ef4bfc8	ZL_SS_H9C2_20XH2O_Conf_StageII_PWP3_CellP_2x2_8St_20240606	Measurement 1	Evaluation5	PlateResults_Plate3.txt	Plate3
Plate3R11C11	11	11	1	0	244	4	0		0.4			Instrument	http://harmony-pc.pharmacy.ohio-state.edu/ODA/OdaService.asmx	3f8b5837-0814-4c76-be5a-aea05ef4bfc8	ZL_SS_H9C2_20XH2O_Conf_StageII_PWP3_CellP_2x2_8St_20240606	Measurement 1	Evaluation5	PlateResults_Plate3.txt	Plate3
Plate3R11C12	11	12	1	0	316	4	0		0.4			Instrument	http://harmony-pc.pharmacy.ohio-state.edu/ODA/OdaService.asmx	3f8b5837-0814-4c76-be5a-aea05ef4bfc8	ZL_SS_H9C2_20XH2O_Conf_StageII_PWP3_CellP_2x2_8St_20240606	Measurement 1	Evaluation5	PlateResults_Plate3.txt	Plate3
Plate3R11C13	11	13	1	0	314	4	0		0.4			Instrument	http://harmony-pc.pharmacy.ohio-state.edu/ODA/OdaService.asmx	3f8b5837-0814-4c76-be5a-aea05ef4bfc8	ZL_SS_H9C2_20XH2O_Conf_StageII_PWP3_CellP_2x2_8St_20240606	Measurement 1	Evaluation5	PlateResults_Plate3.txt	Plate3
Plate3R11C14	11	14	1	0	315	4	0		0.4			Instrument	http://harmony-pc.pharmacy.ohio-state.edu/ODA/OdaService.asmx	3f8b5837-0814-4c76-be5a-aea05ef4bfc8	ZL_SS_H9C2_20XH2O_Conf_StageII_PWP3_CellP_2x2_8St_20240606	Measurement 1	Evaluation5	PlateResults_Plate3.txt	Plate3
Plate3R11C15	11	15	1	0	325	4	0		0.4			Instrument	http://harmony-pc.pharmacy.ohio-state.edu/ODA/OdaService.asmx	3f8b5837-0814-4c76-be5a-aea05ef4bfc8	ZL_SS_H9C2_20XH2O_Conf_StageII_PWP3_CellP_2x2_8St_20240606	Measurement 1	Evaluation5	PlateResults_Plate3.txt	Plate3
Plate3R11C16	11	16	1	0	308	4	0		0.4			Instrument	http://harmony-pc.pharmacy.ohio-state.edu/ODA/OdaService.asmx	3f8b5837-0814-4c76-be5a-aea05ef4bfc8	ZL_SS_H9C2_20XH2O_Conf_StageII_PWP3_CellP_2x2_8St_20240606	Measurement 1	Evaluation5	PlateResults_Plate3.txt	Plate3
Plate3R11C17	11	17	1	0	292	4	0		0.4			Instrument	http://harmony-pc.pharmacy.ohio-state.edu/ODA/OdaService.asmx	3f8b5837-0814-4c76-be5a-aea05ef4bfc8	ZL_SS_H9C2_20XH2O_Conf_StageII_PWP3_CellP_2x2_8St_20240606	Measurement 1	Evaluation5	PlateResults_Plate3.txt	Plate3
Plate3R11C18	11	18	1	0	291	4	0		0.4			Instrument	http://harmony-pc.pharmacy.ohio-state.edu/ODA/OdaService.asmx	3f8b5837-0814-4c76-be5a-aea05ef4bfc8	ZL_SS_H9C2_20XH2O_Conf_StageII_PWP3_CellP_2x2_8St_20240606	Measurement 1	Evaluation5	PlateResults_Plate3.txt	Plate3
Plate3R11C19	11	19	1	0	264	4	0		0.4			Instrument	http://harmony-pc.pharmacy.ohio-state.edu/ODA/OdaService.asmx	3f8b5837-0814-4c76-be5a-aea05ef4bfc8	ZL_SS_H9C2_20XH2O_Conf_StageII_PWP3_CellP_2x2_8St_20240606	Measurement 1	Evaluation5	PlateResults_Plate3.txt	Plate3
Plate3R11C20	11	20	1	0	312	4	0		0.4			Instrument	http://harmony-pc.pharmacy.ohio-state.edu/ODA/OdaService.asmx	3f8b5837-0814-4c76-be5a-aea05ef4bfc8	ZL_SS_H9C2_20XH2O_Conf_StageII_PWP3_CellP_2x2_8St_20240606	Measurement 1	Evaluation5	PlateResults_Plate3.txt	Plate3
Plate3R11C21	11	21	1	0	243	4	0		0.4			Instrument	http://harmony-pc.pharmacy.ohio-state.edu/ODA/OdaService.asmx	3f8b5837-0814-4c76-be5a-aea05ef4bfc8	ZL_SS_H9C2_20XH2O_Conf_StageII_PWP3_CellP_2x2_8St_20240606	Measurement 1	Evaluation5	PlateResults_Plate3.txt	Plate3
Plate3R11C22	11	22	1	0	213	4	0		0.4			Instrument	http://harmony-pc.pharmacy.ohio-state.edu/ODA/OdaService.asmx	3f8b5837-0814-4c76-be5a-aea05ef4bfc8	ZL_SS_H9C2_20XH2O_Conf_StageII_PWP3_CellP_2x2_8St_20240606	Measurement 1	Evaluation5	PlateResults_Plate3.txt	Plate3
Plate3R11C23	11	23	1	0	123	4	0	Cabo	2.22222222222222			Instrument	http://harmony-pc.pharmacy.ohio-state.edu/ODA/OdaService.asmx	3f8b5837-0814-4c76-be5a-aea05ef4bfc8	ZL_SS_H9C2_20XH2O_Conf_StageII_PWP3_CellP_2x2_8St_20240606	Measurement 1	Evaluation5	PlateResults_Plate3.txt	Plate3
Plate3R11C24	11	24	1	0	119	4	0	Cabo	2.22222222222222			Instrument	http://harmony-pc.pharmacy.ohio-state.edu/ODA/OdaService.asmx	3f8b5837-0814-4c76-be5a-aea05ef4bfc8	ZL_SS_H9C2_20XH2O_Conf_StageII_PWP3_CellP_2x2_8St_20240606	Measurement 1	Evaluation5	PlateResults_Plate3.txt	Plate3
Plate3R12C01	12	1	1	0	7	4	0	Dacti	0.0148148148148148			Instrument	http://harmony-pc.pharmacy.ohio-state.edu/ODA/OdaService.asmx	3f8b5837-0814-4c76-be5a-aea05ef4bfc8	ZL_SS_H9C2_20XH2O_Conf_StageII_PWP3_CellP_2x2_8St_20240606	Measurement 1	Evaluation5	PlateResults_Plate3.txt	Plate3
Plate3R12C02	12	2	1	0	14	4	0	Dacti	0.0148148148148148			Instrument	http://harmony-pc.pharmacy.ohio-state.edu/ODA/OdaService.asmx	3f8b5837-0814-4c76-be5a-aea05ef4bfc8	ZL_SS_H9C2_20XH2O_Conf_StageII_PWP3_CellP_2x2_8St_20240606	Measurement 1	Evaluation5	PlateResults_Plate3.txt	Plate3
Plate3R12C03	12	3	1	0	192	4	0		0.4			Instrument	http://harmony-pc.pharmacy.ohio-state.edu/ODA/OdaService.asmx	3f8b5837-0814-4c76-be5a-aea05ef4bfc8	ZL_SS_H9C2_20XH2O_Conf_StageII_PWP3_CellP_2x2_8St_20240606	Measurement 1	Evaluation5	PlateResults_Plate3.txt	Plate3
Plate3R12C04	12	4	1	0	271	4	0		0.4			Instrument	http://harmony-pc.pharmacy.ohio-state.edu/ODA/OdaService.asmx	3f8b5837-0814-4c76-be5a-aea05ef4bfc8	ZL_SS_H9C2_20XH2O_Conf_StageII_PWP3_CellP_2x2_8St_20240606	Measurement 1	Evaluation5	PlateResults_Plate3.txt	Plate3
Plate3R12C05	12	5	1	0	253	4	0		0.4			Instrument	http://harmony-pc.pharmacy.ohio-state.edu/ODA/OdaService.asmx	3f8b5837-0814-4c76-be5a-aea05ef4bfc8	ZL_SS_H9C2_20XH2O_Conf_StageII_PWP3_CellP_2x2_8St_20240606	Measurement 1	Evaluation5	PlateResults_Plate3.txt	Plate3
Plate3R12C06	12	6	1	0	212	4	0		0.4			Instrument	http://harmony-pc.pharmacy.ohio-state.edu/ODA/OdaService.asmx	3f8b5837-0814-4c76-be5a-aea05ef4bfc8	ZL_SS_H9C2_20XH2O_Conf_StageII_PWP3_CellP_2x2_8St_20240606	Measurement 1	Evaluation5	PlateResults_Plate3.txt	Plate3
Plate3R12C07	12	7	1	0	252	4	0		0.4			Instrument	http://harmony-pc.pharmacy.ohio-state.edu/ODA/OdaService.asmx	3f8b5837-0814-4c76-be5a-aea05ef4bfc8	ZL_SS_H9C2_20XH2O_Conf_StageII_PWP3_CellP_2x2_8St_20240606	Measurement 1	Evaluation5	PlateResults_Plate3.txt	Plate3
Plate3R12C08	12	8	1	0	301	4	0		0.4			Instrument	http://harmony-pc.pharmacy.ohio-state.edu/ODA/OdaService.asmx	3f8b5837-0814-4c76-be5a-aea05ef4bfc8	ZL_SS_H9C2_20XH2O_Conf_StageII_PWP3_CellP_2x2_8St_20240606	Measurement 1	Evaluation5	PlateResults_Plate3.txt	Plate3
Plate3R12C09	12	9	1	0	289	4	0		0.4			Instrument	http://harmony-pc.pharmacy.ohio-state.edu/ODA/OdaService.asmx	3f8b5837-0814-4c76-be5a-aea05ef4bfc8	ZL_SS_H9C2_20XH2O_Conf_StageII_PWP3_CellP_2x2_8St_20240606	Measurement 1	Evaluation5	PlateResults_Plate3.txt	Plate3
Plate3R12C10	12	10	1	0	327	4	0		0.4			Instrument	http://harmony-pc.pharmacy.ohio-state.edu/ODA/OdaService.asmx	3f8b5837-0814-4c76-be5a-aea05ef4bfc8	ZL_SS_H9C2_20XH2O_Conf_StageII_PWP3_CellP_2x2_8St_20240606	Measurement 1	Evaluation5	PlateResults_Plate3.txt	Plate3
Plate3R12C11	12	11	1	0	327	4	0		0.4			Instrument	http://harmony-pc.pharmacy.ohio-state.edu/ODA/OdaService.asmx	3f8b5837-0814-4c76-be5a-aea05ef4bfc8	ZL_SS_H9C2_20XH2O_Conf_StageII_PWP3_CellP_2x2_8St_20240606	Measurement 1	Evaluation5	PlateResults_Plate3.txt	Plate3
Plate3R12C12	12	12	1	0	325	4	0		0.4			Instrument	http://harmony-pc.pharmacy.ohio-state.edu/ODA/OdaService.asmx	3f8b5837-0814-4c76-be5a-aea05ef4bfc8	ZL_SS_H9C2_20XH2O_Conf_StageII_PWP3_CellP_2x2_8St_20240606	Measurement 1	Evaluation5	PlateResults_Plate3.txt	Plate3
Plate3R12C13	12	13	1	0	338	4	0		0.4			Instrument	http://harmony-pc.pharmacy.ohio-state.edu/ODA/OdaService.asmx	3f8b5837-0814-4c76-be5a-aea05ef4bfc8	ZL_SS_H9C2_20XH2O_Conf_StageII_PWP3_CellP_2x2_8St_20240606	Measurement 1	Evaluation5	PlateResults_Plate3.txt	Plate3
Plate3R12C14	12	14	1	0	298	4	0		0.4			Instrument	http://harmony-pc.pharmacy.ohio-state.edu/ODA/OdaService.asmx	3f8b5837-0814-4c76-be5a-aea05ef4bfc8	ZL_SS_H9C2_20XH2O_Conf_StageII_PWP3_CellP_2x2_8St_20240606	Measurement 1	Evaluation5	PlateResults_Plate3.txt	Plate3
Plate3R12C15	12	15	1	0	325	4	0		0.4			Instrument	http://harmony-pc.pharmacy.ohio-state.edu/ODA/OdaService.asmx	3f8b5837-0814-4c76-be5a-aea05ef4bfc8	ZL_SS_H9C2_20XH2O_Conf_StageII_PWP3_CellP_2x2_8St_20240606	Measurement 1	Evaluation5	PlateResults_Plate3.txt	Plate3
Plate3R12C16	12	16	1	0	266	4	0		0.4			Instrument	http://harmony-pc.pharmacy.ohio-state.edu/ODA/OdaService.asmx	3f8b5837-0814-4c76-be5a-aea05ef4bfc8	ZL_SS_H9C2_20XH2O_Conf_StageII_PWP3_CellP_2x2_8St_20240606	Measurement 1	Evaluation5	PlateResults_Plate3.txt	Plate3
Plate3R12C17	12	17	1	0	179	4	0		0.4			Instrument	http://harmony-pc.pharmacy.ohio-state.edu/ODA/OdaService.asmx	3f8b5837-0814-4c76-be5a-aea05ef4bfc8	ZL_SS_H9C2_20XH2O_Conf_StageII_PWP3_CellP_2x2_8St_20240606	Measurement 1	Evaluation5	PlateResults_Plate3.txt	Plate3
Plate3R12C18	12	18	1	0	281	4	0		0.4			Instrument	http://harmony-pc.pharmacy.ohio-state.edu/ODA/OdaService.asmx	3f8b5837-0814-4c76-be5a-aea05ef4bfc8	ZL_SS_H9C2_20XH2O_Conf_StageII_PWP3_CellP_2x2_8St_20240606	Measurement 1	Evaluation5	PlateResults_Plate3.txt	Plate3
Plate3R12C19	12	19	1	0	348	4	0		0.4			Instrument	http://harmony-pc.pharmacy.ohio-state.edu/ODA/OdaService.asmx	3f8b5837-0814-4c76-be5a-aea05ef4bfc8	ZL_SS_H9C2_20XH2O_Conf_StageII_PWP3_CellP_2x2_8St_20240606	Measurement 1	Evaluation5	PlateResults_Plate3.txt	Plate3
Plate3R12C20	12	20	1	0	264	4	0		0.4			Instrument	http://harmony-pc.pharmacy.ohio-state.edu/ODA/OdaService.asmx	3f8b5837-0814-4c76-be5a-aea05ef4bfc8	ZL_SS_H9C2_20XH2O_Conf_StageII_PWP3_CellP_2x2_8St_20240606	Measurement 1	Evaluation5	PlateResults_Plate3.txt	Plate3
Plate3R12C21	12	21	1	0	289	4	0		0.4			Instrument	http://harmony-pc.pharmacy.ohio-state.edu/ODA/OdaService.asmx	3f8b5837-0814-4c76-be5a-aea05ef4bfc8	ZL_SS_H9C2_20XH2O_Conf_StageII_PWP3_CellP_2x2_8St_20240606	Measurement 1	Evaluation5	PlateResults_Plate3.txt	Plate3
Plate3R12C22	12	22	1	0	268	4	0		0.4			Instrument	http://harmony-pc.pharmacy.ohio-state.edu/ODA/OdaService.asmx	3f8b5837-0814-4c76-be5a-aea05ef4bfc8	ZL_SS_H9C2_20XH2O_Conf_StageII_PWP3_CellP_2x2_8St_20240606	Measurement 1	Evaluation5	PlateResults_Plate3.txt	Plate3
Plate3R12C23	12	23	1	0	136	4	0	Cabo	0.740740740740741			Instrument	http://harmony-pc.pharmacy.ohio-state.edu/ODA/OdaService.asmx	3f8b5837-0814-4c76-be5a-aea05ef4bfc8	ZL_SS_H9C2_20XH2O_Conf_StageII_PWP3_CellP_2x2_8St_20240606	Measurement 1	Evaluation5	PlateResults_Plate3.txt	Plate3
Plate3R12C24	12	24	1	0	122	4	0	Cabo	0.740740740740741			Instrument	http://harmony-pc.pharmacy.ohio-state.edu/ODA/OdaService.asmx	3f8b5837-0814-4c76-be5a-aea05ef4bfc8	ZL_SS_H9C2_20XH2O_Conf_StageII_PWP3_CellP_2x2_8St_20240606	Measurement 1	Evaluation5	PlateResults_Plate3.txt	Plate3
Plate3R13C01	13	1	1	0	30	4	0	Dacti	0.00493827160493827			Instrument	http://harmony-pc.pharmacy.ohio-state.edu/ODA/OdaService.asmx	3f8b5837-0814-4c76-be5a-aea05ef4bfc8	ZL_SS_H9C2_20XH2O_Conf_StageII_PWP3_CellP_2x2_8St_20240606	Measurement 1	Evaluation5	PlateResults_Plate3.txt	Plate3
Plate3R13C02	13	2	1	0	38	4	0	Dacti	0.00493827160493827			Instrument	http://harmony-pc.pharmacy.ohio-state.edu/ODA/OdaService.asmx	3f8b5837-0814-4c76-be5a-aea05ef4bfc8	ZL_SS_H9C2_20XH2O_Conf_StageII_PWP3_CellP_2x2_8St_20240606	Measurement 1	Evaluation5	PlateResults_Plate3.txt	Plate3
Plate3R13C03	13	3	1	0	130	4	0		0.4			Instrument	http://harmony-pc.pharmacy.ohio-state.edu/ODA/OdaService.asmx	3f8b5837-0814-4c76-be5a-aea05ef4bfc8	ZL_SS_H9C2_20XH2O_Conf_StageII_PWP3_CellP_2x2_8St_20240606	Measurement 1	Evaluation5	PlateResults_Plate3.txt	Plate3
Plate3R13C04	13	4	1	0	210	4	0		0.4			Instrument	http://harmony-pc.pharmacy.ohio-state.edu/ODA/OdaService.asmx	3f8b5837-0814-4c76-be5a-aea05ef4bfc8	ZL_SS_H9C2_20XH2O_Conf_StageII_PWP3_CellP_2x2_8St_20240606	Measurement 1	Evaluation5	PlateResults_Plate3.txt	Plate3
Plate3R13C05	13	5	1	0	231	4	0		0.4			Instrument	http://harmony-pc.pharmacy.ohio-state.edu/ODA/OdaService.asmx	3f8b5837-0814-4c76-be5a-aea05ef4bfc8	ZL_SS_H9C2_20XH2O_Conf_StageII_PWP3_CellP_2x2_8St_20240606	Measurement 1	Evaluation5	PlateResults_Plate3.txt	Plate3
Plate3R13C06	13	6	1	0	185	4	0		0.4			Instrument	http://harmony-pc.pharmacy.ohio-state.edu/ODA/OdaService.asmx	3f8b5837-0814-4c76-be5a-aea05ef4bfc8	ZL_SS_H9C2_20XH2O_Conf_StageII_PWP3_CellP_2x2_8St_20240606	Measurement 1	Evaluation5	PlateResults_Plate3.txt	Plate3
Plate3R13C07	13	7	1	0	222	4	0		0.4			Instrument	http://harmony-pc.pharmacy.ohio-state.edu/ODA/OdaService.asmx	3f8b5837-0814-4c76-be5a-aea05ef4bfc8	ZL_SS_H9C2_20XH2O_Conf_StageII_PWP3_CellP_2x2_8St_20240606	Measurement 1	Evaluation5	PlateResults_Plate3.txt	Plate3
Plate3R13C08	13	8	1	0	266	4	0		0.4			Instrument	http://harmony-pc.pharmacy.ohio-state.edu/ODA/OdaService.asmx	3f8b5837-0814-4c76-be5a-aea05ef4bfc8	ZL_SS_H9C2_20XH2O_Conf_StageII_PWP3_CellP_2x2_8St_20240606	Measurement 1	Evaluation5	PlateResults_Plate3.txt	Plate3
Plate3R13C09	13	9	1	0	234	4	0		0.4			Instrument	http://harmony-pc.pharmacy.ohio-state.edu/ODA/OdaService.asmx	3f8b5837-0814-4c76-be5a-aea05ef4bfc8	ZL_SS_H9C2_20XH2O_Conf_StageII_PWP3_CellP_2x2_8St_20240606	Measurement 1	Evaluation5	PlateResults_Plate3.txt	Plate3
Plate3R13C10	13	10	1	0	162	4	0		0.4			Instrument	http://harmony-pc.pharmacy.ohio-state.edu/ODA/OdaService.asmx	3f8b5837-0814-4c76-be5a-aea05ef4bfc8	ZL_SS_H9C2_20XH2O_Conf_StageII_PWP3_CellP_2x2_8St_20240606	Measurement 1	Evaluation5	PlateResults_Plate3.txt	Plate3
Plate3R13C11	13	11	1	0	279	4	0		0.4			Instrument	http://harmony-pc.pharmacy.ohio-state.edu/ODA/OdaService.asmx	3f8b5837-0814-4c76-be5a-aea05ef4bfc8	ZL_SS_H9C2_20XH2O_Conf_StageII_PWP3_CellP_2x2_8St_20240606	Measurement 1	Evaluation5	PlateResults_Plate3.txt	Plate3
Plate3R13C12	13	12	1	0	264	4	0		0.4			Instrument	http://harmony-pc.pharmacy.ohio-state.edu/ODA/OdaService.asmx	3f8b5837-0814-4c76-be5a-aea05ef4bfc8	ZL_SS_H9C2_20XH2O_Conf_StageII_PWP3_CellP_2x2_8St_20240606	Measurement 1	Evaluation5	PlateResults_Plate3.txt	Plate3
Plate3R13C13	13	13	1	0	277	4	0		0.4			Instrument	http://harmony-pc.pharmacy.ohio-state.edu/ODA/OdaService.asmx	3f8b5837-0814-4c76-be5a-aea05ef4bfc8	ZL_SS_H9C2_20XH2O_Conf_StageII_PWP3_CellP_2x2_8St_20240606	Measurement 1	Evaluation5	PlateResults_Plate3.txt	Plate3
Plate3R13C14	13	14	1	0	165	4	0		0.4			Instrument	http://harmony-pc.pharmacy.ohio-state.edu/ODA/OdaService.asmx	3f8b5837-0814-4c76-be5a-aea05ef4bfc8	ZL_SS_H9C2_20XH2O_Conf_StageII_PWP3_CellP_2x2_8St_20240606	Measurement 1	Evaluation5	PlateResults_Plate3.txt	Plate3
Plate3R13C15	13	15	1	0	247	4	0		0.4			Instrument	http://harmony-pc.pharmacy.ohio-state.edu/ODA/OdaService.asmx	3f8b5837-0814-4c76-be5a-aea05ef4bfc8	ZL_SS_H9C2_20XH2O_Conf_StageII_PWP3_CellP_2x2_8St_20240606	Measurement 1	Evaluation5	PlateResults_Plate3.txt	Plate3
Plate3R13C16	13	16	1	0	288	4	0		0.4			Instrument	http://harmony-pc.pharmacy.ohio-state.edu/ODA/OdaService.asmx	3f8b5837-0814-4c76-be5a-aea05ef4bfc8	ZL_SS_H9C2_20XH2O_Conf_StageII_PWP3_CellP_2x2_8St_20240606	Measurement 1	Evaluation5	PlateResults_Plate3.txt	Plate3
Plate3R13C17	13	17	1	0	231	4	0		0.4			Instrument	http://harmony-pc.pharmacy.ohio-state.edu/ODA/OdaService.asmx	3f8b5837-0814-4c76-be5a-aea05ef4bfc8	ZL_SS_H9C2_20XH2O_Conf_StageII_PWP3_CellP_2x2_8St_20240606	Measurement 1	Evaluation5	PlateResults_Plate3.txt	Plate3
Plate3R13C18	13	18	1	0	271	4	0		0.4			Instrument	http://harmony-pc.pharmacy.ohio-state.edu/ODA/OdaService.asmx	3f8b5837-0814-4c76-be5a-aea05ef4bfc8	ZL_SS_H9C2_20XH2O_Conf_StageII_PWP3_CellP_2x2_8St_20240606	Measurement 1	Evaluation5	PlateResults_Plate3.txt	Plate3
Plate3R13C19	13	19	1	0	246	4	0		0.4			Instrument	http://harmony-pc.pharmacy.ohio-state.edu/ODA/OdaService.asmx	3f8b5837-0814-4c76-be5a-aea05ef4bfc8	ZL_SS_H9C2_20XH2O_Conf_StageII_PWP3_CellP_2x2_8St_20240606	Measurement 1	Evaluation5	PlateResults_Plate3.txt	Plate3
Plate3R13C20	13	20	1	0	233	4	0		0.4			Instrument	http://harmony-pc.pharmacy.ohio-state.edu/ODA/OdaService.asmx	3f8b5837-0814-4c76-be5a-aea05ef4bfc8	ZL_SS_H9C2_20XH2O_Conf_StageII_PWP3_CellP_2x2_8St_20240606	Measurement 1	Evaluation5	PlateResults_Plate3.txt	Plate3
Plate3R13C21	13	21	1	0	157	4	0		0.4			Instrument	http://harmony-pc.pharmacy.ohio-state.edu/ODA/OdaService.asmx	3f8b5837-0814-4c76-be5a-aea05ef4bfc8	ZL_SS_H9C2_20XH2O_Conf_StageII_PWP3_CellP_2x2_8St_20240606	Measurement 1	Evaluation5	PlateResults_Plate3.txt	Plate3
Plate3R13C22	13	22	1	0	132	4	0		0.4			Instrument	http://harmony-pc.pharmacy.ohio-state.edu/ODA/OdaService.asmx	3f8b5837-0814-4c76-be5a-aea05ef4bfc8	ZL_SS_H9C2_20XH2O_Conf_StageII_PWP3_CellP_2x2_8St_20240606	Measurement 1	Evaluation5	PlateResults_Plate3.txt	Plate3
Plate3R13C23	13	23	1	0	131	4	0	Cabo	0.246913580246914			Instrument	http://harmony-pc.pharmacy.ohio-state.edu/ODA/OdaService.asmx	3f8b5837-0814-4c76-be5a-aea05ef4bfc8	ZL_SS_H9C2_20XH2O_Conf_StageII_PWP3_CellP_2x2_8St_20240606	Measurement 1	Evaluation5	PlateResults_Plate3.txt	Plate3
Plate3R13C24	13	24	1	0	157	4	0	Cabo	0.246913580246914			Instrument	http://harmony-pc.pharmacy.ohio-state.edu/ODA/OdaService.asmx	3f8b5837-0814-4c76-be5a-aea05ef4bfc8	ZL_SS_H9C2_20XH2O_Conf_StageII_PWP3_CellP_2x2_8St_20240606	Measurement 1	Evaluation5	PlateResults_Plate3.txt	Plate3
Plate3R14C01	14	1	1	0	18	4	0	Dacti	0.00164609053497942			Instrument	http://harmony-pc.pharmacy.ohio-state.edu/ODA/OdaService.asmx	3f8b5837-0814-4c76-be5a-aea05ef4bfc8	ZL_SS_H9C2_20XH2O_Conf_StageII_PWP3_CellP_2x2_8St_20240606	Measurement 1	Evaluation5	PlateResults_Plate3.txt	Plate3
Plate3R14C02	14	2	1	0	83	4	0	Dacti	0.00164609053497942			Instrument	http://harmony-pc.pharmacy.ohio-state.edu/ODA/OdaService.asmx	3f8b5837-0814-4c76-be5a-aea05ef4bfc8	ZL_SS_H9C2_20XH2O_Conf_StageII_PWP3_CellP_2x2_8St_20240606	Measurement 1	Evaluation5	PlateResults_Plate3.txt	Plate3
Plate3R14C03	14	3	1	1	189	3	0		0.4			Instrument	http://harmony-pc.pharmacy.ohio-state.edu/ODA/OdaService.asmx	3f8b5837-0814-4c76-be5a-aea05ef4bfc8	ZL_SS_H9C2_20XH2O_Conf_StageII_PWP3_CellP_2x2_8St_20240606	Measurement 1	Evaluation5	PlateResults_Plate3.txt	Plate3
Plate3R14C04	14	4	1	0	241	4	0		0.4			Instrument	http://harmony-pc.pharmacy.ohio-state.edu/ODA/OdaService.asmx	3f8b5837-0814-4c76-be5a-aea05ef4bfc8	ZL_SS_H9C2_20XH2O_Conf_StageII_PWP3_CellP_2x2_8St_20240606	Measurement 1	Evaluation5	PlateResults_Plate3.txt	Plate3
Plate3R14C05	14	5	1	0	212	4	0		0.4			Instrument	http://harmony-pc.pharmacy.ohio-state.edu/ODA/OdaService.asmx	3f8b5837-0814-4c76-be5a-aea05ef4bfc8	ZL_SS_H9C2_20XH2O_Conf_StageII_PWP3_CellP_2x2_8St_20240606	Measurement 1	Evaluation5	PlateResults_Plate3.txt	Plate3
Plate3R14C06	14	6	1	0	238	4	0		0.4			Instrument	http://harmony-pc.pharmacy.ohio-state.edu/ODA/OdaService.asmx	3f8b5837-0814-4c76-be5a-aea05ef4bfc8	ZL_SS_H9C2_20XH2O_Conf_StageII_PWP3_CellP_2x2_8St_20240606	Measurement 1	Evaluation5	PlateResults_Plate3.txt	Plate3
Plate3R14C07	14	7	1	0	244	4	0		0.4			Instrument	http://harmony-pc.pharmacy.ohio-state.edu/ODA/OdaService.asmx	3f8b5837-0814-4c76-be5a-aea05ef4bfc8	ZL_SS_H9C2_20XH2O_Conf_StageII_PWP3_CellP_2x2_8St_20240606	Measurement 1	Evaluation5	PlateResults_Plate3.txt	Plate3
Plate3R14C08	14	8	1	0	258	4	0		0.4			Instrument	http://harmony-pc.pharmacy.ohio-state.edu/ODA/OdaService.asmx	3f8b5837-0814-4c76-be5a-aea05ef4bfc8	ZL_SS_H9C2_20XH2O_Conf_StageII_PWP3_CellP_2x2_8St_20240606	Measurement 1	Evaluation5	PlateResults_Plate3.txt	Plate3
Plate3R14C09	14	9	1	0	218	4	0		0.4			Instrument	http://harmony-pc.pharmacy.ohio-state.edu/ODA/OdaService.asmx	3f8b5837-0814-4c76-be5a-aea05ef4bfc8	ZL_SS_H9C2_20XH2O_Conf_StageII_PWP3_CellP_2x2_8St_20240606	Measurement 1	Evaluation5	PlateResults_Plate3.txt	Plate3
Plate3R14C10	14	10	1	0	305	4	0		0.4			Instrument	http://harmony-pc.pharmacy.ohio-state.edu/ODA/OdaService.asmx	3f8b5837-0814-4c76-be5a-aea05ef4bfc8	ZL_SS_H9C2_20XH2O_Conf_StageII_PWP3_CellP_2x2_8St_20240606	Measurement 1	Evaluation5	PlateResults_Plate3.txt	Plate3
Plate3R14C11	14	11	1	0	262	4	0		0.4			Instrument	http://harmony-pc.pharmacy.ohio-state.edu/ODA/OdaService.asmx	3f8b5837-0814-4c76-be5a-aea05ef4bfc8	ZL_SS_H9C2_20XH2O_Conf_StageII_PWP3_CellP_2x2_8St_20240606	Measurement 1	Evaluation5	PlateResults_Plate3.txt	Plate3
Plate3R14C12	14	12	1	0	246	4	0		0.4			Instrument	http://harmony-pc.pharmacy.ohio-state.edu/ODA/OdaService.asmx	3f8b5837-0814-4c76-be5a-aea05ef4bfc8	ZL_SS_H9C2_20XH2O_Conf_StageII_PWP3_CellP_2x2_8St_20240606	Measurement 1	Evaluation5	PlateResults_Plate3.txt	Plate3
Plate3R14C13	14	13	1	0	200	4	0		0.4			Instrument	http://harmony-pc.pharmacy.ohio-state.edu/ODA/OdaService.asmx	3f8b5837-0814-4c76-be5a-aea05ef4bfc8	ZL_SS_H9C2_20XH2O_Conf_StageII_PWP3_CellP_2x2_8St_20240606	Measurement 1	Evaluation5	PlateResults_Plate3.txt	Plate3
Plate3R14C14	14	14	1	0	183	4	0		0.4			Instrument	http://harmony-pc.pharmacy.ohio-state.edu/ODA/OdaService.asmx	3f8b5837-0814-4c76-be5a-aea05ef4bfc8	ZL_SS_H9C2_20XH2O_Conf_StageII_PWP3_CellP_2x2_8St_20240606	Measurement 1	Evaluation5	PlateResults_Plate3.txt	Plate3
Plate3R14C15	14	15	1	0	188	4	0		0.4			Instrument	http://harmony-pc.pharmacy.ohio-state.edu/ODA/OdaService.asmx	3f8b5837-0814-4c76-be5a-aea05ef4bfc8	ZL_SS_H9C2_20XH2O_Conf_StageII_PWP3_CellP_2x2_8St_20240606	Measurement 1	Evaluation5	PlateResults_Plate3.txt	Plate3
Plate3R14C16	14	16	1	0	165	4	0		0.4			Instrument	http://harmony-pc.pharmacy.ohio-state.edu/ODA/OdaService.asmx	3f8b5837-0814-4c76-be5a-aea05ef4bfc8	ZL_SS_H9C2_20XH2O_Conf_StageII_PWP3_CellP_2x2_8St_20240606	Measurement 1	Evaluation5	PlateResults_Plate3.txt	Plate3
Plate3R14C17	14	17	1	0	210	4	0		0.4			Instrument	http://harmony-pc.pharmacy.ohio-state.edu/ODA/OdaService.asmx	3f8b5837-0814-4c76-be5a-aea05ef4bfc8	ZL_SS_H9C2_20XH2O_Conf_StageII_PWP3_CellP_2x2_8St_20240606	Measurement 1	Evaluation5	PlateResults_Plate3.txt	Plate3
Plate3R14C18	14	18	1	0	172	4	0		0.4			Instrument	http://harmony-pc.pharmacy.ohio-state.edu/ODA/OdaService.asmx	3f8b5837-0814-4c76-be5a-aea05ef4bfc8	ZL_SS_H9C2_20XH2O_Conf_StageII_PWP3_CellP_2x2_8St_20240606	Measurement 1	Evaluation5	PlateResults_Plate3.txt	Plate3
Plate3R14C19	14	19	1	0	245	4	0		0.4			Instrument	http://harmony-pc.pharmacy.ohio-state.edu/ODA/OdaService.asmx	3f8b5837-0814-4c76-be5a-aea05ef4bfc8	ZL_SS_H9C2_20XH2O_Conf_StageII_PWP3_CellP_2x2_8St_20240606	Measurement 1	Evaluation5	PlateResults_Plate3.txt	Plate3
Plate3R14C20	14	20	1	0	249	4	0		0.4			Instrument	http://harmony-pc.pharmacy.ohio-state.edu/ODA/OdaService.asmx	3f8b5837-0814-4c76-be5a-aea05ef4bfc8	ZL_SS_H9C2_20XH2O_Conf_StageII_PWP3_CellP_2x2_8St_20240606	Measurement 1	Evaluation5	PlateResults_Plate3.txt	Plate3
Plate3R14C21	14	21	1	0	218	4	0		0.4			Instrument	http://harmony-pc.pharmacy.ohio-state.edu/ODA/OdaService.asmx	3f8b5837-0814-4c76-be5a-aea05ef4bfc8	ZL_SS_H9C2_20XH2O_Conf_StageII_PWP3_CellP_2x2_8St_20240606	Measurement 1	Evaluation5	PlateResults_Plate3.txt	Plate3
Plate3R14C22	14	22	1	0	172	4	0		0.4			Instrument	http://harmony-pc.pharmacy.ohio-state.edu/ODA/OdaService.asmx	3f8b5837-0814-4c76-be5a-aea05ef4bfc8	ZL_SS_H9C2_20XH2O_Conf_StageII_PWP3_CellP_2x2_8St_20240606	Measurement 1	Evaluation5	PlateResults_Plate3.txt	Plate3
Plate3R14C23	14	23	1	0	138	4	0	Cabo	0.0823045267489712			Instrument	http://harmony-pc.pharmacy.ohio-state.edu/ODA/OdaService.asmx	3f8b5837-0814-4c76-be5a-aea05ef4bfc8	ZL_SS_H9C2_20XH2O_Conf_StageII_PWP3_CellP_2x2_8St_20240606	Measurement 1	Evaluation5	PlateResults_Plate3.txt	Plate3
Plate3R14C24	14	24	1	0	138	4	0	Cabo	0.0823045267489712			Instrument	http://harmony-pc.pharmacy.ohio-state.edu/ODA/OdaService.asmx	3f8b5837-0814-4c76-be5a-aea05ef4bfc8	ZL_SS_H9C2_20XH2O_Conf_StageII_PWP3_CellP_2x2_8St_20240606	Measurement 1	Evaluation5	PlateResults_Plate3.txt	Plate3
Plate3R15C01	15	1	1	0	90	4	0	Dacti	5.4869684499314e-4			Instrument	http://harmony-pc.pharmacy.ohio-state.edu/ODA/OdaService.asmx	3f8b5837-0814-4c76-be5a-aea05ef4bfc8	ZL_SS_H9C2_20XH2O_Conf_StageII_PWP3_CellP_2x2_8St_20240606	Measurement 1	Evaluation5	PlateResults_Plate3.txt	Plate3
Plate3R15C02	15	2	1	0	93	4	0	Dacti	5.4869684499314e-4			Instrument	http://harmony-pc.pharmacy.ohio-state.edu/ODA/OdaService.asmx	3f8b5837-0814-4c76-be5a-aea05ef4bfc8	ZL_SS_H9C2_20XH2O_Conf_StageII_PWP3_CellP_2x2_8St_20240606	Measurement 1	Evaluation5	PlateResults_Plate3.txt	Plate3
Plate3R15C03	15	3	1	0	149	4	0		0.4			Instrument	http://harmony-pc.pharmacy.ohio-state.edu/ODA/OdaService.asmx	3f8b5837-0814-4c76-be5a-aea05ef4bfc8	ZL_SS_H9C2_20XH2O_Conf_StageII_PWP3_CellP_2x2_8St_20240606	Measurement 1	Evaluation5	PlateResults_Plate3.txt	Plate3
Plate3R15C04	15	4	1	0	163	4	0		0.4			Instrument	http://harmony-pc.pharmacy.ohio-state.edu/ODA/OdaService.asmx	3f8b5837-0814-4c76-be5a-aea05ef4bfc8	ZL_SS_H9C2_20XH2O_Conf_StageII_PWP3_CellP_2x2_8St_20240606	Measurement 1	Evaluation5	PlateResults_Plate3.txt	Plate3
Plate3R15C05	15	5	1	0	191	4	0		0.4			Instrument	http://harmony-pc.pharmacy.ohio-state.edu/ODA/OdaService.asmx	3f8b5837-0814-4c76-be5a-aea05ef4bfc8	ZL_SS_H9C2_20XH2O_Conf_StageII_PWP3_CellP_2x2_8St_20240606	Measurement 1	Evaluation5	PlateResults_Plate3.txt	Plate3
Plate3R15C06	15	6	1	0	170	4	0		0.4			Instrument	http://harmony-pc.pharmacy.ohio-state.edu/ODA/OdaService.asmx	3f8b5837-0814-4c76-be5a-aea05ef4bfc8	ZL_SS_H9C2_20XH2O_Conf_StageII_PWP3_CellP_2x2_8St_20240606	Measurement 1	Evaluation5	PlateResults_Plate3.txt	Plate3
Plate3R15C07	15	7	1	0	209	4	0		0.4			Instrument	http://harmony-pc.pharmacy.ohio-state.edu/ODA/OdaService.asmx	3f8b5837-0814-4c76-be5a-aea05ef4bfc8	ZL_SS_H9C2_20XH2O_Conf_StageII_PWP3_CellP_2x2_8St_20240606	Measurement 1	Evaluation5	PlateResults_Plate3.txt	Plate3
Plate3R15C08	15	8	1	0	203	4	0		0.4			Instrument	http://harmony-pc.pharmacy.ohio-state.edu/ODA/OdaService.asmx	3f8b5837-0814-4c76-be5a-aea05ef4bfc8	ZL_SS_H9C2_20XH2O_Conf_StageII_PWP3_CellP_2x2_8St_20240606	Measurement 1	Evaluation5	PlateResults_Plate3.txt	Plate3
Plate3R15C09	15	9	1	0	253	4	0		0.4			Instrument	http://harmony-pc.pharmacy.ohio-state.edu/ODA/OdaService.asmx	3f8b5837-0814-4c76-be5a-aea05ef4bfc8	ZL_SS_H9C2_20XH2O_Conf_StageII_PWP3_CellP_2x2_8St_20240606	Measurement 1	Evaluation5	PlateResults_Plate3.txt	Plate3
Plate3R15C10	15	10	1	0	182	4	0		0.4			Instrument	http://harmony-pc.pharmacy.ohio-state.edu/ODA/OdaService.asmx	3f8b5837-0814-4c76-be5a-aea05ef4bfc8	ZL_SS_H9C2_20XH2O_Conf_StageII_PWP3_CellP_2x2_8St_20240606	Measurement 1	Evaluation5	PlateResults_Plate3.txt	Plate3
Plate3R15C11	15	11	1	0	222	4	0		0.4			Instrument	http://harmony-pc.pharmacy.ohio-state.edu/ODA/OdaService.asmx	3f8b5837-0814-4c76-be5a-aea05ef4bfc8	ZL_SS_H9C2_20XH2O_Conf_StageII_PWP3_CellP_2x2_8St_20240606	Measurement 1	Evaluation5	PlateResults_Plate3.txt	Plate3
Plate3R15C12	15	12	1	0	196	4	0		0.4			Instrument	http://harmony-pc.pharmacy.ohio-state.edu/ODA/OdaService.asmx	3f8b5837-0814-4c76-be5a-aea05ef4bfc8	ZL_SS_H9C2_20XH2O_Conf_StageII_PWP3_CellP_2x2_8St_20240606	Measurement 1	Evaluation5	PlateResults_Plate3.txt	Plate3
Plate3R15C13	15	13	1	0	158	4	0		0.4			Instrument	http://harmony-pc.pharmacy.ohio-state.edu/ODA/OdaService.asmx	3f8b5837-0814-4c76-be5a-aea05ef4bfc8	ZL_SS_H9C2_20XH2O_Conf_StageII_PWP3_CellP_2x2_8St_20240606	Measurement 1	Evaluation5	PlateResults_Plate3.txt	Plate3
Plate3R15C14	15	14	1	0	265	4	0		0.4			Instrument	http://harmony-pc.pharmacy.ohio-state.edu/ODA/OdaService.asmx	3f8b5837-0814-4c76-be5a-aea05ef4bfc8	ZL_SS_H9C2_20XH2O_Conf_StageII_PWP3_CellP_2x2_8St_20240606	Measurement 1	Evaluation5	PlateResults_Plate3.txt	Plate3
Plate3R15C15	15	15	1	0	202	4	0		0.4			Instrument	http://harmony-pc.pharmacy.ohio-state.edu/ODA/OdaService.asmx	3f8b5837-0814-4c76-be5a-aea05ef4bfc8	ZL_SS_H9C2_20XH2O_Conf_StageII_PWP3_CellP_2x2_8St_20240606	Measurement 1	Evaluation5	PlateResults_Plate3.txt	Plate3
Plate3R15C16	15	16	1	0	191	4	0		0.4			Instrument	http://harmony-pc.pharmacy.ohio-state.edu/ODA/OdaService.asmx	3f8b5837-0814-4c76-be5a-aea05ef4bfc8	ZL_SS_H9C2_20XH2O_Conf_StageII_PWP3_CellP_2x2_8St_20240606	Measurement 1	Evaluation5	PlateResults_Plate3.txt	Plate3
Plate3R15C17	15	17	1	0	210	4	0		0.4			Instrument	http://harmony-pc.pharmacy.ohio-state.edu/ODA/OdaService.asmx	3f8b5837-0814-4c76-be5a-aea05ef4bfc8	ZL_SS_H9C2_20XH2O_Conf_StageII_PWP3_CellP_2x2_8St_20240606	Measurement 1	Evaluation5	PlateResults_Plate3.txt	Plate3
Plate3R15C18	15	18	1	0	162	4	0		0.4			Instrument	http://harmony-pc.pharmacy.ohio-state.edu/ODA/OdaService.asmx	3f8b5837-0814-4c76-be5a-aea05ef4bfc8	ZL_SS_H9C2_20XH2O_Conf_StageII_PWP3_CellP_2x2_8St_20240606	Measurement 1	Evaluation5	PlateResults_Plate3.txt	Plate3
Plate3R15C19	15	19	1	1	202	4	0		0.4			Instrument	http://harmony-pc.pharmacy.ohio-state.edu/ODA/OdaService.asmx	3f8b5837-0814-4c76-be5a-aea05ef4bfc8	ZL_SS_H9C2_20XH2O_Conf_StageII_PWP3_CellP_2x2_8St_20240606	Measurement 1	Evaluation5	PlateResults_Plate3.txt	Plate3
Plate3R15C20	15	20	1	0	192	4	0		0.4			Instrument	http://harmony-pc.pharmacy.ohio-state.edu/ODA/OdaService.asmx	3f8b5837-0814-4c76-be5a-aea05ef4bfc8	ZL_SS_H9C2_20XH2O_Conf_StageII_PWP3_CellP_2x2_8St_20240606	Measurement 1	Evaluation5	PlateResults_Plate3.txt	Plate3
Plate3R15C21	15	21	1	0	199	4	0		0.4			Instrument	http://harmony-pc.pharmacy.ohio-state.edu/ODA/OdaService.asmx	3f8b5837-0814-4c76-be5a-aea05ef4bfc8	ZL_SS_H9C2_20XH2O_Conf_StageII_PWP3_CellP_2x2_8St_20240606	Measurement 1	Evaluation5	PlateResults_Plate3.txt	Plate3
Plate3R15C22	15	22	1	0	228	4	0		0.4			Instrument	http://harmony-pc.pharmacy.ohio-state.edu/ODA/OdaService.asmx	3f8b5837-0814-4c76-be5a-aea05ef4bfc8	ZL_SS_H9C2_20XH2O_Conf_StageII_PWP3_CellP_2x2_8St_20240606	Measurement 1	Evaluation5	PlateResults_Plate3.txt	Plate3
Plate3R15C23	15	23	1	0	158	4	0	Cabo	0.0274348422496571			Instrument	http://harmony-pc.pharmacy.ohio-state.edu/ODA/OdaService.asmx	3f8b5837-0814-4c76-be5a-aea05ef4bfc8	ZL_SS_H9C2_20XH2O_Conf_StageII_PWP3_CellP_2x2_8St_20240606	Measurement 1	Evaluation5	PlateResults_Plate3.txt	Plate3
Plate3R15C24	15	24	1	0	137	4	0	Cabo	0.0274348422496571			Instrument	http://harmony-pc.pharmacy.ohio-state.edu/ODA/OdaService.asmx	3f8b5837-0814-4c76-be5a-aea05ef4bfc8	ZL_SS_H9C2_20XH2O_Conf_StageII_PWP3_CellP_2x2_8St_20240606	Measurement 1	Evaluation5	PlateResults_Plate3.txt	Plate3
Plate3R16C01	16	1	1	0	148	4	0	Dacti	1.8289894833104e-4			Instrument	http://harmony-pc.pharmacy.ohio-state.edu/ODA/OdaService.asmx	3f8b5837-0814-4c76-be5a-aea05ef4bfc8	ZL_SS_H9C2_20XH2O_Conf_StageII_PWP3_CellP_2x2_8St_20240606	Measurement 1	Evaluation5	PlateResults_Plate3.txt	Plate3
Plate3R16C02	16	2	1	0	221	4	0	Dacti	1.8289894833104e-4			Instrument	http://harmony-pc.pharmacy.ohio-state.edu/ODA/OdaService.asmx	3f8b5837-0814-4c76-be5a-aea05ef4bfc8	ZL_SS_H9C2_20XH2O_Conf_StageII_PWP3_CellP_2x2_8St_20240606	Measurement 1	Evaluation5	PlateResults_Plate3.txt	Plate3
Plate3R16C03	16	3	1	0	239	4	0		0.4			Instrument	http://harmony-pc.pharmacy.ohio-state.edu/ODA/OdaService.asmx	3f8b5837-0814-4c76-be5a-aea05ef4bfc8	ZL_SS_H9C2_20XH2O_Conf_StageII_PWP3_CellP_2x2_8St_20240606	Measurement 1	Evaluation5	PlateResults_Plate3.txt	Plate3
Plate3R16C04	16	4	1	0	275	4	0		0.4			Instrument	http://harmony-pc.pharmacy.ohio-state.edu/ODA/OdaService.asmx	3f8b5837-0814-4c76-be5a-aea05ef4bfc8	ZL_SS_H9C2_20XH2O_Conf_StageII_PWP3_CellP_2x2_8St_20240606	Measurement 1	Evaluation5	PlateResults_Plate3.txt	Plate3
Plate3R16C05	16	5	1	1	219	4	0		0.4			Instrument	http://harmony-pc.pharmacy.ohio-state.edu/ODA/OdaService.asmx	3f8b5837-0814-4c76-be5a-aea05ef4bfc8	ZL_SS_H9C2_20XH2O_Conf_StageII_PWP3_CellP_2x2_8St_20240606	Measurement 1	Evaluation5	PlateResults_Plate3.txt	Plate3
Plate3R16C06	16	6	1	0	302	4	0		0.4			Instrument	http://harmony-pc.pharmacy.ohio-state.edu/ODA/OdaService.asmx	3f8b5837-0814-4c76-be5a-aea05ef4bfc8	ZL_SS_H9C2_20XH2O_Conf_StageII_PWP3_CellP_2x2_8St_20240606	Measurement 1	Evaluation5	PlateResults_Plate3.txt	Plate3
Plate3R16C07	16	7	1	0	166	4	0		0.4			Instrument	http://harmony-pc.pharmacy.ohio-state.edu/ODA/OdaService.asmx	3f8b5837-0814-4c76-be5a-aea05ef4bfc8	ZL_SS_H9C2_20XH2O_Conf_StageII_PWP3_CellP_2x2_8St_20240606	Measurement 1	Evaluation5	PlateResults_Plate3.txt	Plate3
Plate3R16C08	16	8	1	0	196	4	0		0.4			Instrument	http://harmony-pc.pharmacy.ohio-state.edu/ODA/OdaService.asmx	3f8b5837-0814-4c76-be5a-aea05ef4bfc8	ZL_SS_H9C2_20XH2O_Conf_StageII_PWP3_CellP_2x2_8St_20240606	Measurement 1	Evaluation5	PlateResults_Plate3.txt	Plate3
Plate3R16C09	16	9	1	0	184	4	0		0.4			Instrument	http://harmony-pc.pharmacy.ohio-state.edu/ODA/OdaService.asmx	3f8b5837-0814-4c76-be5a-aea05ef4bfc8	ZL_SS_H9C2_20XH2O_Conf_StageII_PWP3_CellP_2x2_8St_20240606	Measurement 1	Evaluation5	PlateResults_Plate3.txt	Plate3
Plate3R16C10	16	10	1	0	243	4	0		0.4			Instrument	http://harmony-pc.pharmacy.ohio-state.edu/ODA/OdaService.asmx	3f8b5837-0814-4c76-be5a-aea05ef4bfc8	ZL_SS_H9C2_20XH2O_Conf_StageII_PWP3_CellP_2x2_8St_20240606	Measurement 1	Evaluation5	PlateResults_Plate3.txt	Plate3
Plate3R16C11	16	11	1	0	169	4	0		0.4			Instrument	http://harmony-pc.pharmacy.ohio-state.edu/ODA/OdaService.asmx	3f8b5837-0814-4c76-be5a-aea05ef4bfc8	ZL_SS_H9C2_20XH2O_Conf_StageII_PWP3_CellP_2x2_8St_20240606	Measurement 1	Evaluation5	PlateResults_Plate3.txt	Plate3
Plate3R16C12	16	12	1	0	180	4	0		0.4			Instrument	http://harmony-pc.pharmacy.ohio-state.edu/ODA/OdaService.asmx	3f8b5837-0814-4c76-be5a-aea05ef4bfc8	ZL_SS_H9C2_20XH2O_Conf_StageII_PWP3_CellP_2x2_8St_20240606	Measurement 1	Evaluation5	PlateResults_Plate3.txt	Plate3
Plate3R16C13	16	13	1	0	176	4	0		0.4			Instrument	http://harmony-pc.pharmacy.ohio-state.edu/ODA/OdaService.asmx	3f8b5837-0814-4c76-be5a-aea05ef4bfc8	ZL_SS_H9C2_20XH2O_Conf_StageII_PWP3_CellP_2x2_8St_20240606	Measurement 1	Evaluation5	PlateResults_Plate3.txt	Plate3
Plate3R16C14	16	14	1	0	169	4	0		0.4			Instrument	http://harmony-pc.pharmacy.ohio-state.edu/ODA/OdaService.asmx	3f8b5837-0814-4c76-be5a-aea05ef4bfc8	ZL_SS_H9C2_20XH2O_Conf_StageII_PWP3_CellP_2x2_8St_20240606	Measurement 1	Evaluation5	PlateResults_Plate3.txt	Plate3
Plate3R16C15	16	15	1	0	201	4	0		0.4			Instrument	http://harmony-pc.pharmacy.ohio-state.edu/ODA/OdaService.asmx	3f8b5837-0814-4c76-be5a-aea05ef4bfc8	ZL_SS_H9C2_20XH2O_Conf_StageII_PWP3_CellP_2x2_8St_20240606	Measurement 1	Evaluation5	PlateResults_Plate3.txt	Plate3
Plate3R16C16	16	16	1	0	176	4	0		0.4			Instrument	http://harmony-pc.pharmacy.ohio-state.edu/ODA/OdaService.asmx	3f8b5837-0814-4c76-be5a-aea05ef4bfc8	ZL_SS_H9C2_20XH2O_Conf_StageII_PWP3_CellP_2x2_8St_20240606	Measurement 1	Evaluation5	PlateResults_Plate3.txt	Plate3
Plate3R16C17	16	17	1	0	203	4	0		0.4			Instrument	http://harmony-pc.pharmacy.ohio-state.edu/ODA/OdaService.asmx	3f8b5837-0814-4c76-be5a-aea05ef4bfc8	ZL_SS_H9C2_20XH2O_Conf_StageII_PWP3_CellP_2x2_8St_20240606	Measurement 1	Evaluation5	PlateResults_Plate3.txt	Plate3
Plate3R16C18	16	18	1	0	142	4	0		0.4			Instrument	http://harmony-pc.pharmacy.ohio-state.edu/ODA/OdaService.asmx	3f8b5837-0814-4c76-be5a-aea05ef4bfc8	ZL_SS_H9C2_20XH2O_Conf_StageII_PWP3_CellP_2x2_8St_20240606	Measurement 1	Evaluation5	PlateResults_Plate3.txt	Plate3
Plate3R16C19	16	19	1	0	187	4	0		0.4			Instrument	http://harmony-pc.pharmacy.ohio-state.edu/ODA/OdaService.asmx	3f8b5837-0814-4c76-be5a-aea05ef4bfc8	ZL_SS_H9C2_20XH2O_Conf_StageII_PWP3_CellP_2x2_8St_20240606	Measurement 1	Evaluation5	PlateResults_Plate3.txt	Plate3
Plate3R16C20	16	20	1	0	183	4	0		0.4			Instrument	http://harmony-pc.pharmacy.ohio-state.edu/ODA/OdaService.asmx	3f8b5837-0814-4c76-be5a-aea05ef4bfc8	ZL_SS_H9C2_20XH2O_Conf_StageII_PWP3_CellP_2x2_8St_20240606	Measurement 1	Evaluation5	PlateResults_Plate3.txt	Plate3
Plate3R16C21	16	21	1	0	198	4	0		0.4			Instrument	http://harmony-pc.pharmacy.ohio-state.edu/ODA/OdaService.asmx	3f8b5837-0814-4c76-be5a-aea05ef4bfc8	ZL_SS_H9C2_20XH2O_Conf_StageII_PWP3_CellP_2x2_8St_20240606	Measurement 1	Evaluation5	PlateResults_Plate3.txt	Plate3
Plate3R16C22	16	22	1	0	192	4	0		0.4			Instrument	http://harmony-pc.pharmacy.ohio-state.edu/ODA/OdaService.asmx	3f8b5837-0814-4c76-be5a-aea05ef4bfc8	ZL_SS_H9C2_20XH2O_Conf_StageII_PWP3_CellP_2x2_8St_20240606	Measurement 1	Evaluation5	PlateResults_Plate3.txt	Plate3
Plate3R16C23	16	23	1	0	159	4	0	Cabo	0.00914494741655235			Instrument	http://harmony-pc.pharmacy.ohio-state.edu/ODA/OdaService.asmx	3f8b5837-0814-4c76-be5a-aea05ef4bfc8	ZL_SS_H9C2_20XH2O_Conf_StageII_PWP3_CellP_2x2_8St_20240606	Measurement 1	Evaluation5	PlateResults_Plate3.txt	Plate3
Plate3R16C24	16	24	1	0	213	4	0	Cabo	0.00914494741655235			Instrument	http://harmony-pc.pharmacy.ohio-state.edu/ODA/OdaService.asmx	3f8b5837-0814-4c76-be5a-aea05ef4bfc8	ZL_SS_H9C2_20XH2O_Conf_StageII_PWP3_CellP_2x2_8St_20240606	Measurement 1	Evaluation5	PlateResults_Plate3.txt	Plate3
Plate4R01C01	1	1	1	0	413	4	0	DMSO	0.001			Instrument	http://harmony-pc.pharmacy.ohio-state.edu/ODA/OdaService.asmx	b3d4c2da-a136-4ae4-afa2-84ad5084d199	ZL_SS_H9C2_20XH2O_Conf_StageII_PWP4_CellP_2x2_8St_20240614	Measurement 1	Evaluation5	PlateResults_Plate4.txt	Plate4
Plate4R01C02	1	2	1	0	346	4	0	DMSO	0.001			Instrument	http://harmony-pc.pharmacy.ohio-state.edu/ODA/OdaService.asmx	b3d4c2da-a136-4ae4-afa2-84ad5084d199	ZL_SS_H9C2_20XH2O_Conf_StageII_PWP4_CellP_2x2_8St_20240614	Measurement 1	Evaluation5	PlateResults_Plate4.txt	Plate4
Plate4R01C03	1	3	1	0	318	4	0		0.4			Instrument	http://harmony-pc.pharmacy.ohio-state.edu/ODA/OdaService.asmx	b3d4c2da-a136-4ae4-afa2-84ad5084d199	ZL_SS_H9C2_20XH2O_Conf_StageII_PWP4_CellP_2x2_8St_20240614	Measurement 1	Evaluation5	PlateResults_Plate4.txt	Plate4
Plate4R01C04	1	4	1	0	387	4	0		0.4			Instrument	http://harmony-pc.pharmacy.ohio-state.edu/ODA/OdaService.asmx	b3d4c2da-a136-4ae4-afa2-84ad5084d199	ZL_SS_H9C2_20XH2O_Conf_StageII_PWP4_CellP_2x2_8St_20240614	Measurement 1	Evaluation5	PlateResults_Plate4.txt	Plate4
Plate4R01C05	1	5	1	0	401	4	0		0.4			Instrument	http://harmony-pc.pharmacy.ohio-state.edu/ODA/OdaService.asmx	b3d4c2da-a136-4ae4-afa2-84ad5084d199	ZL_SS_H9C2_20XH2O_Conf_StageII_PWP4_CellP_2x2_8St_20240614	Measurement 1	Evaluation5	PlateResults_Plate4.txt	Plate4
Plate4R01C06	1	6	1	0	334	4	0		0.4			Instrument	http://harmony-pc.pharmacy.ohio-state.edu/ODA/OdaService.asmx	b3d4c2da-a136-4ae4-afa2-84ad5084d199	ZL_SS_H9C2_20XH2O_Conf_StageII_PWP4_CellP_2x2_8St_20240614	Measurement 1	Evaluation5	PlateResults_Plate4.txt	Plate4
Plate4R01C07	1	7	1	0	353	4	0		0.4			Instrument	http://harmony-pc.pharmacy.ohio-state.edu/ODA/OdaService.asmx	b3d4c2da-a136-4ae4-afa2-84ad5084d199	ZL_SS_H9C2_20XH2O_Conf_StageII_PWP4_CellP_2x2_8St_20240614	Measurement 1	Evaluation5	PlateResults_Plate4.txt	Plate4
Plate4R01C08	1	8	1	0	329	4	0		0.4			Instrument	http://harmony-pc.pharmacy.ohio-state.edu/ODA/OdaService.asmx	b3d4c2da-a136-4ae4-afa2-84ad5084d199	ZL_SS_H9C2_20XH2O_Conf_StageII_PWP4_CellP_2x2_8St_20240614	Measurement 1	Evaluation5	PlateResults_Plate4.txt	Plate4
Plate4R01C09	1	9	1	0	371	4	0		0.4			Instrument	http://harmony-pc.pharmacy.ohio-state.edu/ODA/OdaService.asmx	b3d4c2da-a136-4ae4-afa2-84ad5084d199	ZL_SS_H9C2_20XH2O_Conf_StageII_PWP4_CellP_2x2_8St_20240614	Measurement 1	Evaluation5	PlateResults_Plate4.txt	Plate4
Plate4R01C10	1	10	1	0	427	4	0		0.4			Instrument	http://harmony-pc.pharmacy.ohio-state.edu/ODA/OdaService.asmx	b3d4c2da-a136-4ae4-afa2-84ad5084d199	ZL_SS_H9C2_20XH2O_Conf_StageII_PWP4_CellP_2x2_8St_20240614	Measurement 1	Evaluation5	PlateResults_Plate4.txt	Plate4
Plate4R01C11	1	11	1	0	279	4	0		0.4			Instrument	http://harmony-pc.pharmacy.ohio-state.edu/ODA/OdaService.asmx	b3d4c2da-a136-4ae4-afa2-84ad5084d199	ZL_SS_H9C2_20XH2O_Conf_StageII_PWP4_CellP_2x2_8St_20240614	Measurement 1	Evaluation5	PlateResults_Plate4.txt	Plate4
Plate4R01C12	1	12	1	0	440	4	0		0.4			Instrument	http://harmony-pc.pharmacy.ohio-state.edu/ODA/OdaService.asmx	b3d4c2da-a136-4ae4-afa2-84ad5084d199	ZL_SS_H9C2_20XH2O_Conf_StageII_PWP4_CellP_2x2_8St_20240614	Measurement 1	Evaluation5	PlateResults_Plate4.txt	Plate4
Plate4R01C13	1	13	1	0	433	4	0		0.4			Instrument	http://harmony-pc.pharmacy.ohio-state.edu/ODA/OdaService.asmx	b3d4c2da-a136-4ae4-afa2-84ad5084d199	ZL_SS_H9C2_20XH2O_Conf_StageII_PWP4_CellP_2x2_8St_20240614	Measurement 1	Evaluation5	PlateResults_Plate4.txt	Plate4
Plate4R01C14	1	14	1	0	501	4	0		0.4			Instrument	http://harmony-pc.pharmacy.ohio-state.edu/ODA/OdaService.asmx	b3d4c2da-a136-4ae4-afa2-84ad5084d199	ZL_SS_H9C2_20XH2O_Conf_StageII_PWP4_CellP_2x2_8St_20240614	Measurement 1	Evaluation5	PlateResults_Plate4.txt	Plate4
Plate4R01C15	1	15	1	0	465	4	0		0.4			Instrument	http://harmony-pc.pharmacy.ohio-state.edu/ODA/OdaService.asmx	b3d4c2da-a136-4ae4-afa2-84ad5084d199	ZL_SS_H9C2_20XH2O_Conf_StageII_PWP4_CellP_2x2_8St_20240614	Measurement 1	Evaluation5	PlateResults_Plate4.txt	Plate4
Plate4R01C16	1	16	1	0	401	4	0		0.4			Instrument	http://harmony-pc.pharmacy.ohio-state.edu/ODA/OdaService.asmx	b3d4c2da-a136-4ae4-afa2-84ad5084d199	ZL_SS_H9C2_20XH2O_Conf_StageII_PWP4_CellP_2x2_8St_20240614	Measurement 1	Evaluation5	PlateResults_Plate4.txt	Plate4
Plate4R01C17	1	17	1	0	381	4	0		0.4			Instrument	http://harmony-pc.pharmacy.ohio-state.edu/ODA/OdaService.asmx	b3d4c2da-a136-4ae4-afa2-84ad5084d199	ZL_SS_H9C2_20XH2O_Conf_StageII_PWP4_CellP_2x2_8St_20240614	Measurement 1	Evaluation5	PlateResults_Plate4.txt	Plate4
Plate4R01C18	1	18	1	0	364	4	0		0.4			Instrument	http://harmony-pc.pharmacy.ohio-state.edu/ODA/OdaService.asmx	b3d4c2da-a136-4ae4-afa2-84ad5084d199	ZL_SS_H9C2_20XH2O_Conf_StageII_PWP4_CellP_2x2_8St_20240614	Measurement 1	Evaluation5	PlateResults_Plate4.txt	Plate4
Plate4R01C19	1	19	1	0	421	4	0		0.4			Instrument	http://harmony-pc.pharmacy.ohio-state.edu/ODA/OdaService.asmx	b3d4c2da-a136-4ae4-afa2-84ad5084d199	ZL_SS_H9C2_20XH2O_Conf_StageII_PWP4_CellP_2x2_8St_20240614	Measurement 1	Evaluation5	PlateResults_Plate4.txt	Plate4
Plate4R01C20	1	20	1	0	377	4	0		0.4			Instrument	http://harmony-pc.pharmacy.ohio-state.edu/ODA/OdaService.asmx	b3d4c2da-a136-4ae4-afa2-84ad5084d199	ZL_SS_H9C2_20XH2O_Conf_StageII_PWP4_CellP_2x2_8St_20240614	Measurement 1	Evaluation5	PlateResults_Plate4.txt	Plate4
Plate4R01C21	1	21	1	0	328	4	0		0.4			Instrument	http://harmony-pc.pharmacy.ohio-state.edu/ODA/OdaService.asmx	b3d4c2da-a136-4ae4-afa2-84ad5084d199	ZL_SS_H9C2_20XH2O_Conf_StageII_PWP4_CellP_2x2_8St_20240614	Measurement 1	Evaluation5	PlateResults_Plate4.txt	Plate4
Plate4R01C22	1	22	1	0	389	4	0		0.4			Instrument	http://harmony-pc.pharmacy.ohio-state.edu/ODA/OdaService.asmx	b3d4c2da-a136-4ae4-afa2-84ad5084d199	ZL_SS_H9C2_20XH2O_Conf_StageII_PWP4_CellP_2x2_8St_20240614	Measurement 1	Evaluation5	PlateResults_Plate4.txt	Plate4
Plate4R01C23	1	23	1	0	86	4	0	Axit	20			Instrument	http://harmony-pc.pharmacy.ohio-state.edu/ODA/OdaService.asmx	b3d4c2da-a136-4ae4-afa2-84ad5084d199	ZL_SS_H9C2_20XH2O_Conf_StageII_PWP4_CellP_2x2_8St_20240614	Measurement 1	Evaluation5	PlateResults_Plate4.txt	Plate4
Plate4R01C24	1	24	1	0	109	4	0	Axit	20			Instrument	http://harmony-pc.pharmacy.ohio-state.edu/ODA/OdaService.asmx	b3d4c2da-a136-4ae4-afa2-84ad5084d199	ZL_SS_H9C2_20XH2O_Conf_StageII_PWP4_CellP_2x2_8St_20240614	Measurement 1	Evaluation5	PlateResults_Plate4.txt	Plate4
Plate4R02C01	2	1	1	0	450	4	0	DMSO	0.001			Instrument	http://harmony-pc.pharmacy.ohio-state.edu/ODA/OdaService.asmx	b3d4c2da-a136-4ae4-afa2-84ad5084d199	ZL_SS_H9C2_20XH2O_Conf_StageII_PWP4_CellP_2x2_8St_20240614	Measurement 1	Evaluation5	PlateResults_Plate4.txt	Plate4
Plate4R02C02	2	2	1	0	395	4	0	DMSO				Instrument	http://harmony-pc.pharmacy.ohio-state.edu/ODA/OdaService.asmx	b3d4c2da-a136-4ae4-afa2-84ad5084d199	ZL_SS_H9C2_20XH2O_Conf_StageII_PWP4_CellP_2x2_8St_20240614	Measurement 1	Evaluation5	PlateResults_Plate4.txt	Plate4
Plate4R02C03	2	3	1	0	460	4	0		0.4			Instrument	http://harmony-pc.pharmacy.ohio-state.edu/ODA/OdaService.asmx	b3d4c2da-a136-4ae4-afa2-84ad5084d199	ZL_SS_H9C2_20XH2O_Conf_StageII_PWP4_CellP_2x2_8St_20240614	Measurement 1	Evaluation5	PlateResults_Plate4.txt	Plate4
Plate4R02C04	2	4	1	0	359	4	0		0.4			Instrument	http://harmony-pc.pharmacy.ohio-state.edu/ODA/OdaService.asmx	b3d4c2da-a136-4ae4-afa2-84ad5084d199	ZL_SS_H9C2_20XH2O_Conf_StageII_PWP4_CellP_2x2_8St_20240614	Measurement 1	Evaluation5	PlateResults_Plate4.txt	Plate4
Plate4R02C05	2	5	1	0	436	4	0		0.4			Instrument	http://harmony-pc.pharmacy.ohio-state.edu/ODA/OdaService.asmx	b3d4c2da-a136-4ae4-afa2-84ad5084d199	ZL_SS_H9C2_20XH2O_Conf_StageII_PWP4_CellP_2x2_8St_20240614	Measurement 1	Evaluation5	PlateResults_Plate4.txt	Plate4
Plate4R02C06	2	6	1	0	302	4	0		0.4			Instrument	http://harmony-pc.pharmacy.ohio-state.edu/ODA/OdaService.asmx	b3d4c2da-a136-4ae4-afa2-84ad5084d199	ZL_SS_H9C2_20XH2O_Conf_StageII_PWP4_CellP_2x2_8St_20240614	Measurement 1	Evaluation5	PlateResults_Plate4.txt	Plate4
Plate4R02C07	2	7	1	0	436	4	0		0.4			Instrument	http://harmony-pc.pharmacy.ohio-state.edu/ODA/OdaService.asmx	b3d4c2da-a136-4ae4-afa2-84ad5084d199	ZL_SS_H9C2_20XH2O_Conf_StageII_PWP4_CellP_2x2_8St_20240614	Measurement 1	Evaluation5	PlateResults_Plate4.txt	Plate4
Plate4R02C08	2	8	1	0	491	4	0		0.4			Instrument	http://harmony-pc.pharmacy.ohio-state.edu/ODA/OdaService.asmx	b3d4c2da-a136-4ae4-afa2-84ad5084d199	ZL_SS_H9C2_20XH2O_Conf_StageII_PWP4_CellP_2x2_8St_20240614	Measurement 1	Evaluation5	PlateResults_Plate4.txt	Plate4
Plate4R02C09	2	9	1	0	399	4	0		0.4			Instrument	http://harmony-pc.pharmacy.ohio-state.edu/ODA/OdaService.asmx	b3d4c2da-a136-4ae4-afa2-84ad5084d199	ZL_SS_H9C2_20XH2O_Conf_StageII_PWP4_CellP_2x2_8St_20240614	Measurement 1	Evaluation5	PlateResults_Plate4.txt	Plate4
Plate4R02C10	2	10	1	0	412	4	0		0.4			Instrument	http://harmony-pc.pharmacy.ohio-state.edu/ODA/OdaService.asmx	b3d4c2da-a136-4ae4-afa2-84ad5084d199	ZL_SS_H9C2_20XH2O_Conf_StageII_PWP4_CellP_2x2_8St_20240614	Measurement 1	Evaluation5	PlateResults_Plate4.txt	Plate4
Plate4R02C11	2	11	1	0	436	4	0		0.4			Instrument	http://harmony-pc.pharmacy.ohio-state.edu/ODA/OdaService.asmx	b3d4c2da-a136-4ae4-afa2-84ad5084d199	ZL_SS_H9C2_20XH2O_Conf_StageII_PWP4_CellP_2x2_8St_20240614	Measurement 1	Evaluation5	PlateResults_Plate4.txt	Plate4
Plate4R02C12	2	12	1	0	485	4	0		0.4			Instrument	http://harmony-pc.pharmacy.ohio-state.edu/ODA/OdaService.asmx	b3d4c2da-a136-4ae4-afa2-84ad5084d199	ZL_SS_H9C2_20XH2O_Conf_StageII_PWP4_CellP_2x2_8St_20240614	Measurement 1	Evaluation5	PlateResults_Plate4.txt	Plate4
Plate4R02C13	2	13	1	0	449	4	0		0.4			Instrument	http://harmony-pc.pharmacy.ohio-state.edu/ODA/OdaService.asmx	b3d4c2da-a136-4ae4-afa2-84ad5084d199	ZL_SS_H9C2_20XH2O_Conf_StageII_PWP4_CellP_2x2_8St_20240614	Measurement 1	Evaluation5	PlateResults_Plate4.txt	Plate4
Plate4R02C14	2	14	1	0	328	4	0		0.4			Instrument	http://harmony-pc.pharmacy.ohio-state.edu/ODA/OdaService.asmx	b3d4c2da-a136-4ae4-afa2-84ad5084d199	ZL_SS_H9C2_20XH2O_Conf_StageII_PWP4_CellP_2x2_8St_20240614	Measurement 1	Evaluation5	PlateResults_Plate4.txt	Plate4
Plate4R02C15	2	15	1	0	396	4	0		0.4			Instrument	http://harmony-pc.pharmacy.ohio-state.edu/ODA/OdaService.asmx	b3d4c2da-a136-4ae4-afa2-84ad5084d199	ZL_SS_H9C2_20XH2O_Conf_StageII_PWP4_CellP_2x2_8St_20240614	Measurement 1	Evaluation5	PlateResults_Plate4.txt	Plate4
Plate4R02C16	2	16	1	0	465	4	0		0.4			Instrument	http://harmony-pc.pharmacy.ohio-state.edu/ODA/OdaService.asmx	b3d4c2da-a136-4ae4-afa2-84ad5084d199	ZL_SS_H9C2_20XH2O_Conf_StageII_PWP4_CellP_2x2_8St_20240614	Measurement 1	Evaluation5	PlateResults_Plate4.txt	Plate4
Plate4R02C17	2	17	1	0	478	4	0		0.4			Instrument	http://harmony-pc.pharmacy.ohio-state.edu/ODA/OdaService.asmx	b3d4c2da-a136-4ae4-afa2-84ad5084d199	ZL_SS_H9C2_20XH2O_Conf_StageII_PWP4_CellP_2x2_8St_20240614	Measurement 1	Evaluation5	PlateResults_Plate4.txt	Plate4
Plate4R02C18	2	18	1	0	336	4	0		0.4			Instrument	http://harmony-pc.pharmacy.ohio-state.edu/ODA/OdaService.asmx	b3d4c2da-a136-4ae4-afa2-84ad5084d199	ZL_SS_H9C2_20XH2O_Conf_StageII_PWP4_CellP_2x2_8St_20240614	Measurement 1	Evaluation5	PlateResults_Plate4.txt	Plate4
Plate4R02C19	2	19	1	0	491	4	0		0.4			Instrument	http://harmony-pc.pharmacy.ohio-state.edu/ODA/OdaService.asmx	b3d4c2da-a136-4ae4-afa2-84ad5084d199	ZL_SS_H9C2_20XH2O_Conf_StageII_PWP4_CellP_2x2_8St_20240614	Measurement 1	Evaluation5	PlateResults_Plate4.txt	Plate4
Plate4R02C20	2	20	1	0	321	4	0		0.4			Instrument	http://harmony-pc.pharmacy.ohio-state.edu/ODA/OdaService.asmx	b3d4c2da-a136-4ae4-afa2-84ad5084d199	ZL_SS_H9C2_20XH2O_Conf_StageII_PWP4_CellP_2x2_8St_20240614	Measurement 1	Evaluation5	PlateResults_Plate4.txt	Plate4
Plate4R02C21	2	21	1	0	372	4	0		0.4			Instrument	http://harmony-pc.pharmacy.ohio-state.edu/ODA/OdaService.asmx	b3d4c2da-a136-4ae4-afa2-84ad5084d199	ZL_SS_H9C2_20XH2O_Conf_StageII_PWP4_CellP_2x2_8St_20240614	Measurement 1	Evaluation5	PlateResults_Plate4.txt	Plate4
Plate4R02C22	2	22	1	0	325	4	0		0.4			Instrument	http://harmony-pc.pharmacy.ohio-state.edu/ODA/OdaService.asmx	b3d4c2da-a136-4ae4-afa2-84ad5084d199	ZL_SS_H9C2_20XH2O_Conf_StageII_PWP4_CellP_2x2_8St_20240614	Measurement 1	Evaluation5	PlateResults_Plate4.txt	Plate4
Plate4R02C23	2	23	1	0	105	4	0	Axit	6.66666666666667			Instrument	http://harmony-pc.pharmacy.ohio-state.edu/ODA/OdaService.asmx	b3d4c2da-a136-4ae4-afa2-84ad5084d199	ZL_SS_H9C2_20XH2O_Conf_StageII_PWP4_CellP_2x2_8St_20240614	Measurement 1	Evaluation5	PlateResults_Plate4.txt	Plate4
Plate4R02C24	2	24	1	0	109	4	0	Axit	6.66666666666667			Instrument	http://harmony-pc.pharmacy.ohio-state.edu/ODA/OdaService.asmx	b3d4c2da-a136-4ae4-afa2-84ad5084d199	ZL_SS_H9C2_20XH2O_Conf_StageII_PWP4_CellP_2x2_8St_20240614	Measurement 1	Evaluation5	PlateResults_Plate4.txt	Plate4
Plate4R03C01	3	1	1	0	437	4	0	DMSO	0.001			Instrument	http://harmony-pc.pharmacy.ohio-state.edu/ODA/OdaService.asmx	b3d4c2da-a136-4ae4-afa2-84ad5084d199	ZL_SS_H9C2_20XH2O_Conf_StageII_PWP4_CellP_2x2_8St_20240614	Measurement 1	Evaluation5	PlateResults_Plate4.txt	Plate4
Plate4R03C02	3	2	1	0	386	4	0	DMSO	0.001			Instrument	http://harmony-pc.pharmacy.ohio-state.edu/ODA/OdaService.asmx	b3d4c2da-a136-4ae4-afa2-84ad5084d199	ZL_SS_H9C2_20XH2O_Conf_StageII_PWP4_CellP_2x2_8St_20240614	Measurement 1	Evaluation5	PlateResults_Plate4.txt	Plate4
Plate4R03C03	3	3	1	0	367	4	0		0.4			Instrument	http://harmony-pc.pharmacy.ohio-state.edu/ODA/OdaService.asmx	b3d4c2da-a136-4ae4-afa2-84ad5084d199	ZL_SS_H9C2_20XH2O_Conf_StageII_PWP4_CellP_2x2_8St_20240614	Measurement 1	Evaluation5	PlateResults_Plate4.txt	Plate4
Plate4R03C04	3	4	1	0	417	4	0		0.4			Instrument	http://harmony-pc.pharmacy.ohio-state.edu/ODA/OdaService.asmx	b3d4c2da-a136-4ae4-afa2-84ad5084d199	ZL_SS_H9C2_20XH2O_Conf_StageII_PWP4_CellP_2x2_8St_20240614	Measurement 1	Evaluation5	PlateResults_Plate4.txt	Plate4
Plate4R03C05	3	5	1	0	412	4	0		0.4			Instrument	http://harmony-pc.pharmacy.ohio-state.edu/ODA/OdaService.asmx	b3d4c2da-a136-4ae4-afa2-84ad5084d199	ZL_SS_H9C2_20XH2O_Conf_StageII_PWP4_CellP_2x2_8St_20240614	Measurement 1	Evaluation5	PlateResults_Plate4.txt	Plate4
Plate4R03C06	3	6	1	0	458	4	0		0.4			Instrument	http://harmony-pc.pharmacy.ohio-state.edu/ODA/OdaService.asmx	b3d4c2da-a136-4ae4-afa2-84ad5084d199	ZL_SS_H9C2_20XH2O_Conf_StageII_PWP4_CellP_2x2_8St_20240614	Measurement 1	Evaluation5	PlateResults_Plate4.txt	Plate4
Plate4R03C07	3	7	1	0	426	4	0		0.4			Instrument	http://harmony-pc.pharmacy.ohio-state.edu/ODA/OdaService.asmx	b3d4c2da-a136-4ae4-afa2-84ad5084d199	ZL_SS_H9C2_20XH2O_Conf_StageII_PWP4_CellP_2x2_8St_20240614	Measurement 1	Evaluation5	PlateResults_Plate4.txt	Plate4
Plate4R03C08	3	8	1	0	481	4	0		0.4			Instrument	http://harmony-pc.pharmacy.ohio-state.edu/ODA/OdaService.asmx	b3d4c2da-a136-4ae4-afa2-84ad5084d199	ZL_SS_H9C2_20XH2O_Conf_StageII_PWP4_CellP_2x2_8St_20240614	Measurement 1	Evaluation5	PlateResults_Plate4.txt	Plate4
Plate4R03C09	3	9	1	1	337	4	0		0.4			Instrument	http://harmony-pc.pharmacy.ohio-state.edu/ODA/OdaService.asmx	b3d4c2da-a136-4ae4-afa2-84ad5084d199	ZL_SS_H9C2_20XH2O_Conf_StageII_PWP4_CellP_2x2_8St_20240614	Measurement 1	Evaluation5	PlateResults_Plate4.txt	Plate4
Plate4R03C10	3	10	1	0	321	4	0		0.4			Instrument	http://harmony-pc.pharmacy.ohio-state.edu/ODA/OdaService.asmx	b3d4c2da-a136-4ae4-afa2-84ad5084d199	ZL_SS_H9C2_20XH2O_Conf_StageII_PWP4_CellP_2x2_8St_20240614	Measurement 1	Evaluation5	PlateResults_Plate4.txt	Plate4
Plate4R03C11	3	11	1	0	438	4	0		0.4			Instrument	http://harmony-pc.pharmacy.ohio-state.edu/ODA/OdaService.asmx	b3d4c2da-a136-4ae4-afa2-84ad5084d199	ZL_SS_H9C2_20XH2O_Conf_StageII_PWP4_CellP_2x2_8St_20240614	Measurement 1	Evaluation5	PlateResults_Plate4.txt	Plate4
Plate4R03C12	3	12	1	0	448	4	0		0.4			Instrument	http://harmony-pc.pharmacy.ohio-state.edu/ODA/OdaService.asmx	b3d4c2da-a136-4ae4-afa2-84ad5084d199	ZL_SS_H9C2_20XH2O_Conf_StageII_PWP4_CellP_2x2_8St_20240614	Measurement 1	Evaluation5	PlateResults_Plate4.txt	Plate4
Plate4R03C13	3	13	1	0	372	4	0		0.4			Instrument	http://harmony-pc.pharmacy.ohio-state.edu/ODA/OdaService.asmx	b3d4c2da-a136-4ae4-afa2-84ad5084d199	ZL_SS_H9C2_20XH2O_Conf_StageII_PWP4_CellP_2x2_8St_20240614	Measurement 1	Evaluation5	PlateResults_Plate4.txt	Plate4
Plate4R03C14	3	14	1	0	358	4	0		0.4			Instrument	http://harmony-pc.pharmacy.ohio-state.edu/ODA/OdaService.asmx	b3d4c2da-a136-4ae4-afa2-84ad5084d199	ZL_SS_H9C2_20XH2O_Conf_StageII_PWP4_CellP_2x2_8St_20240614	Measurement 1	Evaluation5	PlateResults_Plate4.txt	Plate4
Plate4R03C15	3	15	1	0	398	4	0		0.4			Instrument	http://harmony-pc.pharmacy.ohio-state.edu/ODA/OdaService.asmx	b3d4c2da-a136-4ae4-afa2-84ad5084d199	ZL_SS_H9C2_20XH2O_Conf_StageII_PWP4_CellP_2x2_8St_20240614	Measurement 1	Evaluation5	PlateResults_Plate4.txt	Plate4
Plate4R03C16	3	16	1	0	395	4	0		0.4			Instrument	http://harmony-pc.pharmacy.ohio-state.edu/ODA/OdaService.asmx	b3d4c2da-a136-4ae4-afa2-84ad5084d199	ZL_SS_H9C2_20XH2O_Conf_StageII_PWP4_CellP_2x2_8St_20240614	Measurement 1	Evaluation5	PlateResults_Plate4.txt	Plate4
Plate4R03C17	3	17	1	0	396	4	0		0.4			Instrument	http://harmony-pc.pharmacy.ohio-state.edu/ODA/OdaService.asmx	b3d4c2da-a136-4ae4-afa2-84ad5084d199	ZL_SS_H9C2_20XH2O_Conf_StageII_PWP4_CellP_2x2_8St_20240614	Measurement 1	Evaluation5	PlateResults_Plate4.txt	Plate4
Plate4R03C18	3	18	1	0	298	4	0		0.4			Instrument	http://harmony-pc.pharmacy.ohio-state.edu/ODA/OdaService.asmx	b3d4c2da-a136-4ae4-afa2-84ad5084d199	ZL_SS_H9C2_20XH2O_Conf_StageII_PWP4_CellP_2x2_8St_20240614	Measurement 1	Evaluation5	PlateResults_Plate4.txt	Plate4
Plate4R03C19	3	19	1	0	356	4	0		0.4			Instrument	http://harmony-pc.pharmacy.ohio-state.edu/ODA/OdaService.asmx	b3d4c2da-a136-4ae4-afa2-84ad5084d199	ZL_SS_H9C2_20XH2O_Conf_StageII_PWP4_CellP_2x2_8St_20240614	Measurement 1	Evaluation5	PlateResults_Plate4.txt	Plate4
Plate4R03C20	3	20	1	0	366	4	0		0.4			Instrument	http://harmony-pc.pharmacy.ohio-state.edu/ODA/OdaService.asmx	b3d4c2da-a136-4ae4-afa2-84ad5084d199	ZL_SS_H9C2_20XH2O_Conf_StageII_PWP4_CellP_2x2_8St_20240614	Measurement 1	Evaluation5	PlateResults_Plate4.txt	Plate4
Plate4R03C21	3	21	1	0	422	4	0		0.4			Instrument	http://harmony-pc.pharmacy.ohio-state.edu/ODA/OdaService.asmx	b3d4c2da-a136-4ae4-afa2-84ad5084d199	ZL_SS_H9C2_20XH2O_Conf_StageII_PWP4_CellP_2x2_8St_20240614	Measurement 1	Evaluation5	PlateResults_Plate4.txt	Plate4
Plate4R03C22	3	22	1	0	285	4	0		0.4			Instrument	http://harmony-pc.pharmacy.ohio-state.edu/ODA/OdaService.asmx	b3d4c2da-a136-4ae4-afa2-84ad5084d199	ZL_SS_H9C2_20XH2O_Conf_StageII_PWP4_CellP_2x2_8St_20240614	Measurement 1	Evaluation5	PlateResults_Plate4.txt	Plate4
Plate4R03C23	3	23	1	0	120	4	0	Axit	2.22222222222222			Instrument	http://harmony-pc.pharmacy.ohio-state.edu/ODA/OdaService.asmx	b3d4c2da-a136-4ae4-afa2-84ad5084d199	ZL_SS_H9C2_20XH2O_Conf_StageII_PWP4_CellP_2x2_8St_20240614	Measurement 1	Evaluation5	PlateResults_Plate4.txt	Plate4
Plate4R03C24	3	24	1	0	117	4	0	Axit	2.22222222222222			Instrument	http://harmony-pc.pharmacy.ohio-state.edu/ODA/OdaService.asmx	b3d4c2da-a136-4ae4-afa2-84ad5084d199	ZL_SS_H9C2_20XH2O_Conf_StageII_PWP4_CellP_2x2_8St_20240614	Measurement 1	Evaluation5	PlateResults_Plate4.txt	Plate4
Plate4R04C01	4	1	1	0	265	4	0	DMSO	0.001			Instrument	http://harmony-pc.pharmacy.ohio-state.edu/ODA/OdaService.asmx	b3d4c2da-a136-4ae4-afa2-84ad5084d199	ZL_SS_H9C2_20XH2O_Conf_StageII_PWP4_CellP_2x2_8St_20240614	Measurement 1	Evaluation5	PlateResults_Plate4.txt	Plate4
Plate4R04C02	4	2	1	0	428	4	0	DMSO	0.001			Instrument	http://harmony-pc.pharmacy.ohio-state.edu/ODA/OdaService.asmx	b3d4c2da-a136-4ae4-afa2-84ad5084d199	ZL_SS_H9C2_20XH2O_Conf_StageII_PWP4_CellP_2x2_8St_20240614	Measurement 1	Evaluation5	PlateResults_Plate4.txt	Plate4
Plate4R04C03	4	3	1	0	383	4	0		0.4			Instrument	http://harmony-pc.pharmacy.ohio-state.edu/ODA/OdaService.asmx	b3d4c2da-a136-4ae4-afa2-84ad5084d199	ZL_SS_H9C2_20XH2O_Conf_StageII_PWP4_CellP_2x2_8St_20240614	Measurement 1	Evaluation5	PlateResults_Plate4.txt	Plate4
Plate4R04C04	4	4	1	0	393	4	0		0.4			Instrument	http://harmony-pc.pharmacy.ohio-state.edu/ODA/OdaService.asmx	b3d4c2da-a136-4ae4-afa2-84ad5084d199	ZL_SS_H9C2_20XH2O_Conf_StageII_PWP4_CellP_2x2_8St_20240614	Measurement 1	Evaluation5	PlateResults_Plate4.txt	Plate4
Plate4R04C05	4	5	1	1	352	4	0		0.4			Instrument	http://harmony-pc.pharmacy.ohio-state.edu/ODA/OdaService.asmx	b3d4c2da-a136-4ae4-afa2-84ad5084d199	ZL_SS_H9C2_20XH2O_Conf_StageII_PWP4_CellP_2x2_8St_20240614	Measurement 1	Evaluation5	PlateResults_Plate4.txt	Plate4
Plate4R04C06	4	6	1	0	429	4	0		0.4			Instrument	http://harmony-pc.pharmacy.ohio-state.edu/ODA/OdaService.asmx	b3d4c2da-a136-4ae4-afa2-84ad5084d199	ZL_SS_H9C2_20XH2O_Conf_StageII_PWP4_CellP_2x2_8St_20240614	Measurement 1	Evaluation5	PlateResults_Plate4.txt	Plate4
Plate4R04C07	4	7	1	0	429	4	0		0.4			Instrument	http://harmony-pc.pharmacy.ohio-state.edu/ODA/OdaService.asmx	b3d4c2da-a136-4ae4-afa2-84ad5084d199	ZL_SS_H9C2_20XH2O_Conf_StageII_PWP4_CellP_2x2_8St_20240614	Measurement 1	Evaluation5	PlateResults_Plate4.txt	Plate4
Plate4R04C08	4	8	1	0	382	4	0		0.4			Instrument	http://harmony-pc.pharmacy.ohio-state.edu/ODA/OdaService.asmx	b3d4c2da-a136-4ae4-afa2-84ad5084d199	ZL_SS_H9C2_20XH2O_Conf_StageII_PWP4_CellP_2x2_8St_20240614	Measurement 1	Evaluation5	PlateResults_Plate4.txt	Plate4
Plate4R04C09	4	9	1	0	490	4	0		0.4			Instrument	http://harmony-pc.pharmacy.ohio-state.edu/ODA/OdaService.asmx	b3d4c2da-a136-4ae4-afa2-84ad5084d199	ZL_SS_H9C2_20XH2O_Conf_StageII_PWP4_CellP_2x2_8St_20240614	Measurement 1	Evaluation5	PlateResults_Plate4.txt	Plate4
Plate4R04C10	4	10	1	0	445	4	0		0.4			Instrument	http://harmony-pc.pharmacy.ohio-state.edu/ODA/OdaService.asmx	b3d4c2da-a136-4ae4-afa2-84ad5084d199	ZL_SS_H9C2_20XH2O_Conf_StageII_PWP4_CellP_2x2_8St_20240614	Measurement 1	Evaluation5	PlateResults_Plate4.txt	Plate4
Plate4R04C11	4	11	1	0	309	4	0		0.4			Instrument	http://harmony-pc.pharmacy.ohio-state.edu/ODA/OdaService.asmx	b3d4c2da-a136-4ae4-afa2-84ad5084d199	ZL_SS_H9C2_20XH2O_Conf_StageII_PWP4_CellP_2x2_8St_20240614	Measurement 1	Evaluation5	PlateResults_Plate4.txt	Plate4
Plate4R04C12	4	12	1	0	377	4	0		0.4			Instrument	http://harmony-pc.pharmacy.ohio-state.edu/ODA/OdaService.asmx	b3d4c2da-a136-4ae4-afa2-84ad5084d199	ZL_SS_H9C2_20XH2O_Conf_StageII_PWP4_CellP_2x2_8St_20240614	Measurement 1	Evaluation5	PlateResults_Plate4.txt	Plate4
Plate4R04C13	4	13	1	0	403	4	0		0.4			Instrument	http://harmony-pc.pharmacy.ohio-state.edu/ODA/OdaService.asmx	b3d4c2da-a136-4ae4-afa2-84ad5084d199	ZL_SS_H9C2_20XH2O_Conf_StageII_PWP4_CellP_2x2_8St_20240614	Measurement 1	Evaluation5	PlateResults_Plate4.txt	Plate4
Plate4R04C14	4	14	1	0	444	4	0		0.4			Instrument	http://harmony-pc.pharmacy.ohio-state.edu/ODA/OdaService.asmx	b3d4c2da-a136-4ae4-afa2-84ad5084d199	ZL_SS_H9C2_20XH2O_Conf_StageII_PWP4_CellP_2x2_8St_20240614	Measurement 1	Evaluation5	PlateResults_Plate4.txt	Plate4
Plate4R04C15	4	15	1	0	365	4	0		0.4			Instrument	http://harmony-pc.pharmacy.ohio-state.edu/ODA/OdaService.asmx	b3d4c2da-a136-4ae4-afa2-84ad5084d199	ZL_SS_H9C2_20XH2O_Conf_StageII_PWP4_CellP_2x2_8St_20240614	Measurement 1	Evaluation5	PlateResults_Plate4.txt	Plate4
Plate4R04C16	4	16	1	0	431	4	0		0.4			Instrument	http://harmony-pc.pharmacy.ohio-state.edu/ODA/OdaService.asmx	b3d4c2da-a136-4ae4-afa2-84ad5084d199	ZL_SS_H9C2_20XH2O_Conf_StageII_PWP4_CellP_2x2_8St_20240614	Measurement 1	Evaluation5	PlateResults_Plate4.txt	Plate4
Plate4R04C17	4	17	1	0	365	4	0		0.4			Instrument	http://harmony-pc.pharmacy.ohio-state.edu/ODA/OdaService.asmx	b3d4c2da-a136-4ae4-afa2-84ad5084d199	ZL_SS_H9C2_20XH2O_Conf_StageII_PWP4_CellP_2x2_8St_20240614	Measurement 1	Evaluation5	PlateResults_Plate4.txt	Plate4
Plate4R04C18	4	18	1	0	464	4	0		0.4			Instrument	http://harmony-pc.pharmacy.ohio-state.edu/ODA/OdaService.asmx	b3d4c2da-a136-4ae4-afa2-84ad5084d199	ZL_SS_H9C2_20XH2O_Conf_StageII_PWP4_CellP_2x2_8St_20240614	Measurement 1	Evaluation5	PlateResults_Plate4.txt	Plate4
Plate4R04C19	4	19	1	0	353	4	0		0.4			Instrument	http://harmony-pc.pharmacy.ohio-state.edu/ODA/OdaService.asmx	b3d4c2da-a136-4ae4-afa2-84ad5084d199	ZL_SS_H9C2_20XH2O_Conf_StageII_PWP4_CellP_2x2_8St_20240614	Measurement 1	Evaluation5	PlateResults_Plate4.txt	Plate4
Plate4R04C20	4	20	1	0	436	4	0		0.4			Instrument	http://harmony-pc.pharmacy.ohio-state.edu/ODA/OdaService.asmx	b3d4c2da-a136-4ae4-afa2-84ad5084d199	ZL_SS_H9C2_20XH2O_Conf_StageII_PWP4_CellP_2x2_8St_20240614	Measurement 1	Evaluation5	PlateResults_Plate4.txt	Plate4
Plate4R04C21	4	21	1	0	432	4	0		0.4			Instrument	http://harmony-pc.pharmacy.ohio-state.edu/ODA/OdaService.asmx	b3d4c2da-a136-4ae4-afa2-84ad5084d199	ZL_SS_H9C2_20XH2O_Conf_StageII_PWP4_CellP_2x2_8St_20240614	Measurement 1	Evaluation5	PlateResults_Plate4.txt	Plate4
Plate4R04C22	4	22	1	0	479	4	0		0.4			Instrument	http://harmony-pc.pharmacy.ohio-state.edu/ODA/OdaService.asmx	b3d4c2da-a136-4ae4-afa2-84ad5084d199	ZL_SS_H9C2_20XH2O_Conf_StageII_PWP4_CellP_2x2_8St_20240614	Measurement 1	Evaluation5	PlateResults_Plate4.txt	Plate4
Plate4R04C23	4	23	1	0	230	4	0	Axit	0.740740740740741			Instrument	http://harmony-pc.pharmacy.ohio-state.edu/ODA/OdaService.asmx	b3d4c2da-a136-4ae4-afa2-84ad5084d199	ZL_SS_H9C2_20XH2O_Conf_StageII_PWP4_CellP_2x2_8St_20240614	Measurement 1	Evaluation5	PlateResults_Plate4.txt	Plate4
Plate4R04C24	4	24	1	0	377	4	0	Axit	0.740740740740741			Instrument	http://harmony-pc.pharmacy.ohio-state.edu/ODA/OdaService.asmx	b3d4c2da-a136-4ae4-afa2-84ad5084d199	ZL_SS_H9C2_20XH2O_Conf_StageII_PWP4_CellP_2x2_8St_20240614	Measurement 1	Evaluation5	PlateResults_Plate4.txt	Plate4
Plate4R05C01	5	1	1	0	375	4	0	DMSO	0.001			Instrument	http://harmony-pc.pharmacy.ohio-state.edu/ODA/OdaService.asmx	b3d4c2da-a136-4ae4-afa2-84ad5084d199	ZL_SS_H9C2_20XH2O_Conf_StageII_PWP4_CellP_2x2_8St_20240614	Measurement 1	Evaluation5	PlateResults_Plate4.txt	Plate4
Plate4R05C02	5	2	1	0	437	4	0	DMSO	0.001			Instrument	http://harmony-pc.pharmacy.ohio-state.edu/ODA/OdaService.asmx	b3d4c2da-a136-4ae4-afa2-84ad5084d199	ZL_SS_H9C2_20XH2O_Conf_StageII_PWP4_CellP_2x2_8St_20240614	Measurement 1	Evaluation5	PlateResults_Plate4.txt	Plate4
Plate4R05C03	5	3	1	0	354	4	0		0.4			Instrument	http://harmony-pc.pharmacy.ohio-state.edu/ODA/OdaService.asmx	b3d4c2da-a136-4ae4-afa2-84ad5084d199	ZL_SS_H9C2_20XH2O_Conf_StageII_PWP4_CellP_2x2_8St_20240614	Measurement 1	Evaluation5	PlateResults_Plate4.txt	Plate4
Plate4R05C04	5	4	1	0	429	4	0		0.4			Instrument	http://harmony-pc.pharmacy.ohio-state.edu/ODA/OdaService.asmx	b3d4c2da-a136-4ae4-afa2-84ad5084d199	ZL_SS_H9C2_20XH2O_Conf_StageII_PWP4_CellP_2x2_8St_20240614	Measurement 1	Evaluation5	PlateResults_Plate4.txt	Plate4
Plate4R05C05	5	5	1	0	475	4	0		0.4			Instrument	http://harmony-pc.pharmacy.ohio-state.edu/ODA/OdaService.asmx	b3d4c2da-a136-4ae4-afa2-84ad5084d199	ZL_SS_H9C2_20XH2O_Conf_StageII_PWP4_CellP_2x2_8St_20240614	Measurement 1	Evaluation5	PlateResults_Plate4.txt	Plate4
Plate4R05C06	5	6	1	0	487	4	0		0.4			Instrument	http://harmony-pc.pharmacy.ohio-state.edu/ODA/OdaService.asmx	b3d4c2da-a136-4ae4-afa2-84ad5084d199	ZL_SS_H9C2_20XH2O_Conf_StageII_PWP4_CellP_2x2_8St_20240614	Measurement 1	Evaluation5	PlateResults_Plate4.txt	Plate4
Plate4R05C07	5	7	1	0	420	4	0		0.4			Instrument	http://harmony-pc.pharmacy.ohio-state.edu/ODA/OdaService.asmx	b3d4c2da-a136-4ae4-afa2-84ad5084d199	ZL_SS_H9C2_20XH2O_Conf_StageII_PWP4_CellP_2x2_8St_20240614	Measurement 1	Evaluation5	PlateResults_Plate4.txt	Plate4
Plate4R05C08	5	8	1	0	506	4	0		0.4			Instrument	http://harmony-pc.pharmacy.ohio-state.edu/ODA/OdaService.asmx	b3d4c2da-a136-4ae4-afa2-84ad5084d199	ZL_SS_H9C2_20XH2O_Conf_StageII_PWP4_CellP_2x2_8St_20240614	Measurement 1	Evaluation5	PlateResults_Plate4.txt	Plate4
Plate4R05C09	5	9	1	0	528	4	0		0.4			Instrument	http://harmony-pc.pharmacy.ohio-state.edu/ODA/OdaService.asmx	b3d4c2da-a136-4ae4-afa2-84ad5084d199	ZL_SS_H9C2_20XH2O_Conf_StageII_PWP4_CellP_2x2_8St_20240614	Measurement 1	Evaluation5	PlateResults_Plate4.txt	Plate4
Plate4R05C10	5	10	1	0	489	4	0		0.4			Instrument	http://harmony-pc.pharmacy.ohio-state.edu/ODA/OdaService.asmx	b3d4c2da-a136-4ae4-afa2-84ad5084d199	ZL_SS_H9C2_20XH2O_Conf_StageII_PWP4_CellP_2x2_8St_20240614	Measurement 1	Evaluation5	PlateResults_Plate4.txt	Plate4
Plate4R05C11	5	11	1	0	518	4	0		0.4			Instrument	http://harmony-pc.pharmacy.ohio-state.edu/ODA/OdaService.asmx	b3d4c2da-a136-4ae4-afa2-84ad5084d199	ZL_SS_H9C2_20XH2O_Conf_StageII_PWP4_CellP_2x2_8St_20240614	Measurement 1	Evaluation5	PlateResults_Plate4.txt	Plate4
Plate4R05C12	5	12	1	0	462	4	0		0.4			Instrument	http://harmony-pc.pharmacy.ohio-state.edu/ODA/OdaService.asmx	b3d4c2da-a136-4ae4-afa2-84ad5084d199	ZL_SS_H9C2_20XH2O_Conf_StageII_PWP4_CellP_2x2_8St_20240614	Measurement 1	Evaluation5	PlateResults_Plate4.txt	Plate4
Plate4R05C13	5	13	1	0	496	4	0		0.4			Instrument	http://harmony-pc.pharmacy.ohio-state.edu/ODA/OdaService.asmx	b3d4c2da-a136-4ae4-afa2-84ad5084d199	ZL_SS_H9C2_20XH2O_Conf_StageII_PWP4_CellP_2x2_8St_20240614	Measurement 1	Evaluation5	PlateResults_Plate4.txt	Plate4
Plate4R05C14	5	14	1	0	512	4	0		0.4			Instrument	http://harmony-pc.pharmacy.ohio-state.edu/ODA/OdaService.asmx	b3d4c2da-a136-4ae4-afa2-84ad5084d199	ZL_SS_H9C2_20XH2O_Conf_StageII_PWP4_CellP_2x2_8St_20240614	Measurement 1	Evaluation5	PlateResults_Plate4.txt	Plate4
Plate4R05C15	5	15	1	0	440	4	0		0.4			Instrument	http://harmony-pc.pharmacy.ohio-state.edu/ODA/OdaService.asmx	b3d4c2da-a136-4ae4-afa2-84ad5084d199	ZL_SS_H9C2_20XH2O_Conf_StageII_PWP4_CellP_2x2_8St_20240614	Measurement 1	Evaluation5	PlateResults_Plate4.txt	Plate4
Plate4R05C16	5	16	1	0	443	4	0		0.4			Instrument	http://harmony-pc.pharmacy.ohio-state.edu/ODA/OdaService.asmx	b3d4c2da-a136-4ae4-afa2-84ad5084d199	ZL_SS_H9C2_20XH2O_Conf_StageII_PWP4_CellP_2x2_8St_20240614	Measurement 1	Evaluation5	PlateResults_Plate4.txt	Plate4
Plate4R05C17	5	17	1	0	521	4	0		0.4			Instrument	http://harmony-pc.pharmacy.ohio-state.edu/ODA/OdaService.asmx	b3d4c2da-a136-4ae4-afa2-84ad5084d199	ZL_SS_H9C2_20XH2O_Conf_StageII_PWP4_CellP_2x2_8St_20240614	Measurement 1	Evaluation5	PlateResults_Plate4.txt	Plate4
Plate4R05C18	5	18	1	0	428	4	0		0.4			Instrument	http://harmony-pc.pharmacy.ohio-state.edu/ODA/OdaService.asmx	b3d4c2da-a136-4ae4-afa2-84ad5084d199	ZL_SS_H9C2_20XH2O_Conf_StageII_PWP4_CellP_2x2_8St_20240614	Measurement 1	Evaluation5	PlateResults_Plate4.txt	Plate4
Plate4R05C19	5	19	1	0	507	4	0		0.4			Instrument	http://harmony-pc.pharmacy.ohio-state.edu/ODA/OdaService.asmx	b3d4c2da-a136-4ae4-afa2-84ad5084d199	ZL_SS_H9C2_20XH2O_Conf_StageII_PWP4_CellP_2x2_8St_20240614	Measurement 1	Evaluation5	PlateResults_Plate4.txt	Plate4
Plate4R05C20	5	20	1	0	479	4	0		0.4			Instrument	http://harmony-pc.pharmacy.ohio-state.edu/ODA/OdaService.asmx	b3d4c2da-a136-4ae4-afa2-84ad5084d199	ZL_SS_H9C2_20XH2O_Conf_StageII_PWP4_CellP_2x2_8St_20240614	Measurement 1	Evaluation5	PlateResults_Plate4.txt	Plate4
Plate4R05C21	5	21	1	0	509	4	0		0.4			Instrument	http://harmony-pc.pharmacy.ohio-state.edu/ODA/OdaService.asmx	b3d4c2da-a136-4ae4-afa2-84ad5084d199	ZL_SS_H9C2_20XH2O_Conf_StageII_PWP4_CellP_2x2_8St_20240614	Measurement 1	Evaluation5	PlateResults_Plate4.txt	Plate4
Plate4R05C22	5	22	1	0	374	4	0		0.4			Instrument	http://harmony-pc.pharmacy.ohio-state.edu/ODA/OdaService.asmx	b3d4c2da-a136-4ae4-afa2-84ad5084d199	ZL_SS_H9C2_20XH2O_Conf_StageII_PWP4_CellP_2x2_8St_20240614	Measurement 1	Evaluation5	PlateResults_Plate4.txt	Plate4
Plate4R05C23	5	23	1	0	354	4	0	Axit	0.246913580246914			Instrument	http://harmony-pc.pharmacy.ohio-state.edu/ODA/OdaService.asmx	b3d4c2da-a136-4ae4-afa2-84ad5084d199	ZL_SS_H9C2_20XH2O_Conf_StageII_PWP4_CellP_2x2_8St_20240614	Measurement 1	Evaluation5	PlateResults_Plate4.txt	Plate4
Plate4R05C24	5	24	1	0	371	4	0	Axit	0.246913580246914			Instrument	http://harmony-pc.pharmacy.ohio-state.edu/ODA/OdaService.asmx	b3d4c2da-a136-4ae4-afa2-84ad5084d199	ZL_SS_H9C2_20XH2O_Conf_StageII_PWP4_CellP_2x2_8St_20240614	Measurement 1	Evaluation5	PlateResults_Plate4.txt	Plate4
Plate4R06C01	6	1	1	0	354	4	0	DMSO	0.001			Instrument	http://harmony-pc.pharmacy.ohio-state.edu/ODA/OdaService.asmx	b3d4c2da-a136-4ae4-afa2-84ad5084d199	ZL_SS_H9C2_20XH2O_Conf_StageII_PWP4_CellP_2x2_8St_20240614	Measurement 1	Evaluation5	PlateResults_Plate4.txt	Plate4
Plate4R06C02	6	2	1	0	423	4	0	DMSO	0.001			Instrument	http://harmony-pc.pharmacy.ohio-state.edu/ODA/OdaService.asmx	b3d4c2da-a136-4ae4-afa2-84ad5084d199	ZL_SS_H9C2_20XH2O_Conf_StageII_PWP4_CellP_2x2_8St_20240614	Measurement 1	Evaluation5	PlateResults_Plate4.txt	Plate4
Plate4R06C03	6	3	1	0	465	4	0		0.4			Instrument	http://harmony-pc.pharmacy.ohio-state.edu/ODA/OdaService.asmx	b3d4c2da-a136-4ae4-afa2-84ad5084d199	ZL_SS_H9C2_20XH2O_Conf_StageII_PWP4_CellP_2x2_8St_20240614	Measurement 1	Evaluation5	PlateResults_Plate4.txt	Plate4
Plate4R06C04	6	4	1	0	374	4	0		0.4			Instrument	http://harmony-pc.pharmacy.ohio-state.edu/ODA/OdaService.asmx	b3d4c2da-a136-4ae4-afa2-84ad5084d199	ZL_SS_H9C2_20XH2O_Conf_StageII_PWP4_CellP_2x2_8St_20240614	Measurement 1	Evaluation5	PlateResults_Plate4.txt	Plate4
Plate4R06C05	6	5	1	0	501	4	0		0.4			Instrument	http://harmony-pc.pharmacy.ohio-state.edu/ODA/OdaService.asmx	b3d4c2da-a136-4ae4-afa2-84ad5084d199	ZL_SS_H9C2_20XH2O_Conf_StageII_PWP4_CellP_2x2_8St_20240614	Measurement 1	Evaluation5	PlateResults_Plate4.txt	Plate4
Plate4R06C06	6	6	1	0	541	4	0		0.4			Instrument	http://harmony-pc.pharmacy.ohio-state.edu/ODA/OdaService.asmx	b3d4c2da-a136-4ae4-afa2-84ad5084d199	ZL_SS_H9C2_20XH2O_Conf_StageII_PWP4_CellP_2x2_8St_20240614	Measurement 1	Evaluation5	PlateResults_Plate4.txt	Plate4
Plate4R06C07	6	7	1	0	425	4	0		0.4			Instrument	http://harmony-pc.pharmacy.ohio-state.edu/ODA/OdaService.asmx	b3d4c2da-a136-4ae4-afa2-84ad5084d199	ZL_SS_H9C2_20XH2O_Conf_StageII_PWP4_CellP_2x2_8St_20240614	Measurement 1	Evaluation5	PlateResults_Plate4.txt	Plate4
Plate4R06C08	6	8	1	0	481	4	0		0.4			Instrument	http://harmony-pc.pharmacy.ohio-state.edu/ODA/OdaService.asmx	b3d4c2da-a136-4ae4-afa2-84ad5084d199	ZL_SS_H9C2_20XH2O_Conf_StageII_PWP4_CellP_2x2_8St_20240614	Measurement 1	Evaluation5	PlateResults_Plate4.txt	Plate4
Plate4R06C09	6	9	1	0	435	4	0		0.4			Instrument	http://harmony-pc.pharmacy.ohio-state.edu/ODA/OdaService.asmx	b3d4c2da-a136-4ae4-afa2-84ad5084d199	ZL_SS_H9C2_20XH2O_Conf_StageII_PWP4_CellP_2x2_8St_20240614	Measurement 1	Evaluation5	PlateResults_Plate4.txt	Plate4
Plate4R06C10	6	10	1	0	471	4	0		0.4			Instrument	http://harmony-pc.pharmacy.ohio-state.edu/ODA/OdaService.asmx	b3d4c2da-a136-4ae4-afa2-84ad5084d199	ZL_SS_H9C2_20XH2O_Conf_StageII_PWP4_CellP_2x2_8St_20240614	Measurement 1	Evaluation5	PlateResults_Plate4.txt	Plate4
Plate4R06C11	6	11	1	0	516	4	0		0.4			Instrument	http://harmony-pc.pharmacy.ohio-state.edu/ODA/OdaService.asmx	b3d4c2da-a136-4ae4-afa2-84ad5084d199	ZL_SS_H9C2_20XH2O_Conf_StageII_PWP4_CellP_2x2_8St_20240614	Measurement 1	Evaluation5	PlateResults_Plate4.txt	Plate4
Plate4R06C12	6	12	1	0	455	4	0		0.4			Instrument	http://harmony-pc.pharmacy.ohio-state.edu/ODA/OdaService.asmx	b3d4c2da-a136-4ae4-afa2-84ad5084d199	ZL_SS_H9C2_20XH2O_Conf_StageII_PWP4_CellP_2x2_8St_20240614	Measurement 1	Evaluation5	PlateResults_Plate4.txt	Plate4
Plate4R06C13	6	13	1	0	483	4	0		0.4			Instrument	http://harmony-pc.pharmacy.ohio-state.edu/ODA/OdaService.asmx	b3d4c2da-a136-4ae4-afa2-84ad5084d199	ZL_SS_H9C2_20XH2O_Conf_StageII_PWP4_CellP_2x2_8St_20240614	Measurement 1	Evaluation5	PlateResults_Plate4.txt	Plate4
Plate4R06C14	6	14	1	0	429	4	0		0.4			Instrument	http://harmony-pc.pharmacy.ohio-state.edu/ODA/OdaService.asmx	b3d4c2da-a136-4ae4-afa2-84ad5084d199	ZL_SS_H9C2_20XH2O_Conf_StageII_PWP4_CellP_2x2_8St_20240614	Measurement 1	Evaluation5	PlateResults_Plate4.txt	Plate4
Plate4R06C15	6	15	1	0	485	4	0		0.4			Instrument	http://harmony-pc.pharmacy.ohio-state.edu/ODA/OdaService.asmx	b3d4c2da-a136-4ae4-afa2-84ad5084d199	ZL_SS_H9C2_20XH2O_Conf_StageII_PWP4_CellP_2x2_8St_20240614	Measurement 1	Evaluation5	PlateResults_Plate4.txt	Plate4
Plate4R06C16	6	16	1	0	420	4	0		0.4			Instrument	http://harmony-pc.pharmacy.ohio-state.edu/ODA/OdaService.asmx	b3d4c2da-a136-4ae4-afa2-84ad5084d199	ZL_SS_H9C2_20XH2O_Conf_StageII_PWP4_CellP_2x2_8St_20240614	Measurement 1	Evaluation5	PlateResults_Plate4.txt	Plate4
Plate4R06C17	6	17	1	0	398	4	0		0.4			Instrument	http://harmony-pc.pharmacy.ohio-state.edu/ODA/OdaService.asmx	b3d4c2da-a136-4ae4-afa2-84ad5084d199	ZL_SS_H9C2_20XH2O_Conf_StageII_PWP4_CellP_2x2_8St_20240614	Measurement 1	Evaluation5	PlateResults_Plate4.txt	Plate4
Plate4R06C18	6	18	1	0	495	4	0		0.4			Instrument	http://harmony-pc.pharmacy.ohio-state.edu/ODA/OdaService.asmx	b3d4c2da-a136-4ae4-afa2-84ad5084d199	ZL_SS_H9C2_20XH2O_Conf_StageII_PWP4_CellP_2x2_8St_20240614	Measurement 1	Evaluation5	PlateResults_Plate4.txt	Plate4
Plate4R06C19	6	19	1	0	405	4	0		0.4			Instrument	http://harmony-pc.pharmacy.ohio-state.edu/ODA/OdaService.asmx	b3d4c2da-a136-4ae4-afa2-84ad5084d199	ZL_SS_H9C2_20XH2O_Conf_StageII_PWP4_CellP_2x2_8St_20240614	Measurement 1	Evaluation5	PlateResults_Plate4.txt	Plate4
Plate4R06C20	6	20	1	0	376	4	0		0.4			Instrument	http://harmony-pc.pharmacy.ohio-state.edu/ODA/OdaService.asmx	b3d4c2da-a136-4ae4-afa2-84ad5084d199	ZL_SS_H9C2_20XH2O_Conf_StageII_PWP4_CellP_2x2_8St_20240614	Measurement 1	Evaluation5	PlateResults_Plate4.txt	Plate4
Plate4R06C21	6	21	1	0	461	4	0		0.4			Instrument	http://harmony-pc.pharmacy.ohio-state.edu/ODA/OdaService.asmx	b3d4c2da-a136-4ae4-afa2-84ad5084d199	ZL_SS_H9C2_20XH2O_Conf_StageII_PWP4_CellP_2x2_8St_20240614	Measurement 1	Evaluation5	PlateResults_Plate4.txt	Plate4
Plate4R06C22	6	22	1	0	484	4	0		0.4			Instrument	http://harmony-pc.pharmacy.ohio-state.edu/ODA/OdaService.asmx	b3d4c2da-a136-4ae4-afa2-84ad5084d199	ZL_SS_H9C2_20XH2O_Conf_StageII_PWP4_CellP_2x2_8St_20240614	Measurement 1	Evaluation5	PlateResults_Plate4.txt	Plate4
Plate4R06C23	6	23	1	0	354	4	0	Axit	0.0823045267489712			Instrument	http://harmony-pc.pharmacy.ohio-state.edu/ODA/OdaService.asmx	b3d4c2da-a136-4ae4-afa2-84ad5084d199	ZL_SS_H9C2_20XH2O_Conf_StageII_PWP4_CellP_2x2_8St_20240614	Measurement 1	Evaluation5	PlateResults_Plate4.txt	Plate4
Plate4R06C24	6	24	1	0	342	4	0	Axit	0.0823045267489712			Instrument	http://harmony-pc.pharmacy.ohio-state.edu/ODA/OdaService.asmx	b3d4c2da-a136-4ae4-afa2-84ad5084d199	ZL_SS_H9C2_20XH2O_Conf_StageII_PWP4_CellP_2x2_8St_20240614	Measurement 1	Evaluation5	PlateResults_Plate4.txt	Plate4
Plate4R07C01	7	1	1	0	383	4	0	DMSO	0.001			Instrument	http://harmony-pc.pharmacy.ohio-state.edu/ODA/OdaService.asmx	b3d4c2da-a136-4ae4-afa2-84ad5084d199	ZL_SS_H9C2_20XH2O_Conf_StageII_PWP4_CellP_2x2_8St_20240614	Measurement 1	Evaluation5	PlateResults_Plate4.txt	Plate4
Plate4R07C02	7	2	1	0	388	4	0	DMSO	0.001			Instrument	http://harmony-pc.pharmacy.ohio-state.edu/ODA/OdaService.asmx	b3d4c2da-a136-4ae4-afa2-84ad5084d199	ZL_SS_H9C2_20XH2O_Conf_StageII_PWP4_CellP_2x2_8St_20240614	Measurement 1	Evaluation5	PlateResults_Plate4.txt	Plate4
Plate4R07C03	7	3	1	0	403	4	0		0.4			Instrument	http://harmony-pc.pharmacy.ohio-state.edu/ODA/OdaService.asmx	b3d4c2da-a136-4ae4-afa2-84ad5084d199	ZL_SS_H9C2_20XH2O_Conf_StageII_PWP4_CellP_2x2_8St_20240614	Measurement 1	Evaluation5	PlateResults_Plate4.txt	Plate4
Plate4R07C04	7	4	1	0	417	4	0		0.4			Instrument	http://harmony-pc.pharmacy.ohio-state.edu/ODA/OdaService.asmx	b3d4c2da-a136-4ae4-afa2-84ad5084d199	ZL_SS_H9C2_20XH2O_Conf_StageII_PWP4_CellP_2x2_8St_20240614	Measurement 1	Evaluation5	PlateResults_Plate4.txt	Plate4
Plate4R07C05	7	5	1	0	418	4	0		0.4			Instrument	http://harmony-pc.pharmacy.ohio-state.edu/ODA/OdaService.asmx	b3d4c2da-a136-4ae4-afa2-84ad5084d199	ZL_SS_H9C2_20XH2O_Conf_StageII_PWP4_CellP_2x2_8St_20240614	Measurement 1	Evaluation5	PlateResults_Plate4.txt	Plate4
Plate4R07C06	7	6	1	0	409	4	0		0.4			Instrument	http://harmony-pc.pharmacy.ohio-state.edu/ODA/OdaService.asmx	b3d4c2da-a136-4ae4-afa2-84ad5084d199	ZL_SS_H9C2_20XH2O_Conf_StageII_PWP4_CellP_2x2_8St_20240614	Measurement 1	Evaluation5	PlateResults_Plate4.txt	Plate4
Plate4R07C07	7	7	1	0	477	4	0		0.4			Instrument	http://harmony-pc.pharmacy.ohio-state.edu/ODA/OdaService.asmx	b3d4c2da-a136-4ae4-afa2-84ad5084d199	ZL_SS_H9C2_20XH2O_Conf_StageII_PWP4_CellP_2x2_8St_20240614	Measurement 1	Evaluation5	PlateResults_Plate4.txt	Plate4
Plate4R07C08	7	8	1	0	409	4	0		0.4			Instrument	http://harmony-pc.pharmacy.ohio-state.edu/ODA/OdaService.asmx	b3d4c2da-a136-4ae4-afa2-84ad5084d199	ZL_SS_H9C2_20XH2O_Conf_StageII_PWP4_CellP_2x2_8St_20240614	Measurement 1	Evaluation5	PlateResults_Plate4.txt	Plate4
Plate4R07C09	7	9	1	0	496	4	0		0.4			Instrument	http://harmony-pc.pharmacy.ohio-state.edu/ODA/OdaService.asmx	b3d4c2da-a136-4ae4-afa2-84ad5084d199	ZL_SS_H9C2_20XH2O_Conf_StageII_PWP4_CellP_2x2_8St_20240614	Measurement 1	Evaluation5	PlateResults_Plate4.txt	Plate4
Plate4R07C10	7	10	1	0	468	4	0		0.4			Instrument	http://harmony-pc.pharmacy.ohio-state.edu/ODA/OdaService.asmx	b3d4c2da-a136-4ae4-afa2-84ad5084d199	ZL_SS_H9C2_20XH2O_Conf_StageII_PWP4_CellP_2x2_8St_20240614	Measurement 1	Evaluation5	PlateResults_Plate4.txt	Plate4
Plate4R07C11	7	11	1	0	507	4	0		0.4			Instrument	http://harmony-pc.pharmacy.ohio-state.edu/ODA/OdaService.asmx	b3d4c2da-a136-4ae4-afa2-84ad5084d199	ZL_SS_H9C2_20XH2O_Conf_StageII_PWP4_CellP_2x2_8St_20240614	Measurement 1	Evaluation5	PlateResults_Plate4.txt	Plate4
Plate4R07C12	7	12	1	0	455	4	0		0.4			Instrument	http://harmony-pc.pharmacy.ohio-state.edu/ODA/OdaService.asmx	b3d4c2da-a136-4ae4-afa2-84ad5084d199	ZL_SS_H9C2_20XH2O_Conf_StageII_PWP4_CellP_2x2_8St_20240614	Measurement 1	Evaluation5	PlateResults_Plate4.txt	Plate4
Plate4R07C13	7	13	1	0	478	4	0		0.4			Instrument	http://harmony-pc.pharmacy.ohio-state.edu/ODA/OdaService.asmx	b3d4c2da-a136-4ae4-afa2-84ad5084d199	ZL_SS_H9C2_20XH2O_Conf_StageII_PWP4_CellP_2x2_8St_20240614	Measurement 1	Evaluation5	PlateResults_Plate4.txt	Plate4
Plate4R07C14	7	14	1	0	437	4	0		0.4			Instrument	http://harmony-pc.pharmacy.ohio-state.edu/ODA/OdaService.asmx	b3d4c2da-a136-4ae4-afa2-84ad5084d199	ZL_SS_H9C2_20XH2O_Conf_StageII_PWP4_CellP_2x2_8St_20240614	Measurement 1	Evaluation5	PlateResults_Plate4.txt	Plate4
Plate4R07C15	7	15	1	0	434	4	0		0.4			Instrument	http://harmony-pc.pharmacy.ohio-state.edu/ODA/OdaService.asmx	b3d4c2da-a136-4ae4-afa2-84ad5084d199	ZL_SS_H9C2_20XH2O_Conf_StageII_PWP4_CellP_2x2_8St_20240614	Measurement 1	Evaluation5	PlateResults_Plate4.txt	Plate4
Plate4R07C16	7	16	1	0	490	4	0		0.4			Instrument	http://harmony-pc.pharmacy.ohio-state.edu/ODA/OdaService.asmx	b3d4c2da-a136-4ae4-afa2-84ad5084d199	ZL_SS_H9C2_20XH2O_Conf_StageII_PWP4_CellP_2x2_8St_20240614	Measurement 1	Evaluation5	PlateResults_Plate4.txt	Plate4
Plate4R07C17	7	17	1	0	430	4	0		0.4			Instrument	http://harmony-pc.pharmacy.ohio-state.edu/ODA/OdaService.asmx	b3d4c2da-a136-4ae4-afa2-84ad5084d199	ZL_SS_H9C2_20XH2O_Conf_StageII_PWP4_CellP_2x2_8St_20240614	Measurement 1	Evaluation5	PlateResults_Plate4.txt	Plate4
Plate4R07C18	7	18	1	0	434	4	0		0.4			Instrument	http://harmony-pc.pharmacy.ohio-state.edu/ODA/OdaService.asmx	b3d4c2da-a136-4ae4-afa2-84ad5084d199	ZL_SS_H9C2_20XH2O_Conf_StageII_PWP4_CellP_2x2_8St_20240614	Measurement 1	Evaluation5	PlateResults_Plate4.txt	Plate4
Plate4R07C19	7	19	1	0	281	4	0		0.4			Instrument	http://harmony-pc.pharmacy.ohio-state.edu/ODA/OdaService.asmx	b3d4c2da-a136-4ae4-afa2-84ad5084d199	ZL_SS_H9C2_20XH2O_Conf_StageII_PWP4_CellP_2x2_8St_20240614	Measurement 1	Evaluation5	PlateResults_Plate4.txt	Plate4
Plate4R07C20	7	20	1	0	479	4	0		0.4			Instrument	http://harmony-pc.pharmacy.ohio-state.edu/ODA/OdaService.asmx	b3d4c2da-a136-4ae4-afa2-84ad5084d199	ZL_SS_H9C2_20XH2O_Conf_StageII_PWP4_CellP_2x2_8St_20240614	Measurement 1	Evaluation5	PlateResults_Plate4.txt	Plate4
Plate4R07C21	7	21	1	0	454	4	0		0.4			Instrument	http://harmony-pc.pharmacy.ohio-state.edu/ODA/OdaService.asmx	b3d4c2da-a136-4ae4-afa2-84ad5084d199	ZL_SS_H9C2_20XH2O_Conf_StageII_PWP4_CellP_2x2_8St_20240614	Measurement 1	Evaluation5	PlateResults_Plate4.txt	Plate4
Plate4R07C22	7	22	1	0	397	4	0		0.4			Instrument	http://harmony-pc.pharmacy.ohio-state.edu/ODA/OdaService.asmx	b3d4c2da-a136-4ae4-afa2-84ad5084d199	ZL_SS_H9C2_20XH2O_Conf_StageII_PWP4_CellP_2x2_8St_20240614	Measurement 1	Evaluation5	PlateResults_Plate4.txt	Plate4
Plate4R07C23	7	23	1	0	309	4	0	Axit	0.0274348422496571			Instrument	http://harmony-pc.pharmacy.ohio-state.edu/ODA/OdaService.asmx	b3d4c2da-a136-4ae4-afa2-84ad5084d199	ZL_SS_H9C2_20XH2O_Conf_StageII_PWP4_CellP_2x2_8St_20240614	Measurement 1	Evaluation5	PlateResults_Plate4.txt	Plate4
Plate4R07C24	7	24	1	0	344	4	0	Axit	0.0274348422496571			Instrument	http://harmony-pc.pharmacy.ohio-state.edu/ODA/OdaService.asmx	b3d4c2da-a136-4ae4-afa2-84ad5084d199	ZL_SS_H9C2_20XH2O_Conf_StageII_PWP4_CellP_2x2_8St_20240614	Measurement 1	Evaluation5	PlateResults_Plate4.txt	Plate4
Plate4R08C01	8	1	1	0	279	4	0	DMSO	0.001			Instrument	http://harmony-pc.pharmacy.ohio-state.edu/ODA/OdaService.asmx	b3d4c2da-a136-4ae4-afa2-84ad5084d199	ZL_SS_H9C2_20XH2O_Conf_StageII_PWP4_CellP_2x2_8St_20240614	Measurement 1	Evaluation5	PlateResults_Plate4.txt	Plate4
Plate4R08C02	8	2	1	0	397	4	0	DMSO	0.001			Instrument	http://harmony-pc.pharmacy.ohio-state.edu/ODA/OdaService.asmx	b3d4c2da-a136-4ae4-afa2-84ad5084d199	ZL_SS_H9C2_20XH2O_Conf_StageII_PWP4_CellP_2x2_8St_20240614	Measurement 1	Evaluation5	PlateResults_Plate4.txt	Plate4
Plate4R08C03	8	3	1	0	384	4	0		0.4			Instrument	http://harmony-pc.pharmacy.ohio-state.edu/ODA/OdaService.asmx	b3d4c2da-a136-4ae4-afa2-84ad5084d199	ZL_SS_H9C2_20XH2O_Conf_StageII_PWP4_CellP_2x2_8St_20240614	Measurement 1	Evaluation5	PlateResults_Plate4.txt	Plate4
Plate4R08C04	8	4	1	0	406	4	0		0.4			Instrument	http://harmony-pc.pharmacy.ohio-state.edu/ODA/OdaService.asmx	b3d4c2da-a136-4ae4-afa2-84ad5084d199	ZL_SS_H9C2_20XH2O_Conf_StageII_PWP4_CellP_2x2_8St_20240614	Measurement 1	Evaluation5	PlateResults_Plate4.txt	Plate4
Plate4R08C05	8	5	1	0	388	4	0		0.4			Instrument	http://harmony-pc.pharmacy.ohio-state.edu/ODA/OdaService.asmx	b3d4c2da-a136-4ae4-afa2-84ad5084d199	ZL_SS_H9C2_20XH2O_Conf_StageII_PWP4_CellP_2x2_8St_20240614	Measurement 1	Evaluation5	PlateResults_Plate4.txt	Plate4
Plate4R08C06	8	6	1	0	467	4	0		0.4			Instrument	http://harmony-pc.pharmacy.ohio-state.edu/ODA/OdaService.asmx	b3d4c2da-a136-4ae4-afa2-84ad5084d199	ZL_SS_H9C2_20XH2O_Conf_StageII_PWP4_CellP_2x2_8St_20240614	Measurement 1	Evaluation5	PlateResults_Plate4.txt	Plate4
Plate4R08C07	8	7	1	0	524	4	0		0.4			Instrument	http://harmony-pc.pharmacy.ohio-state.edu/ODA/OdaService.asmx	b3d4c2da-a136-4ae4-afa2-84ad5084d199	ZL_SS_H9C2_20XH2O_Conf_StageII_PWP4_CellP_2x2_8St_20240614	Measurement 1	Evaluation5	PlateResults_Plate4.txt	Plate4
Plate4R08C08	8	8	1	0	365	4	0		0.4			Instrument	http://harmony-pc.pharmacy.ohio-state.edu/ODA/OdaService.asmx	b3d4c2da-a136-4ae4-afa2-84ad5084d199	ZL_SS_H9C2_20XH2O_Conf_StageII_PWP4_CellP_2x2_8St_20240614	Measurement 1	Evaluation5	PlateResults_Plate4.txt	Plate4
Plate4R08C09	8	9	1	0	463	4	0		0.4			Instrument	http://harmony-pc.pharmacy.ohio-state.edu/ODA/OdaService.asmx	b3d4c2da-a136-4ae4-afa2-84ad5084d199	ZL_SS_H9C2_20XH2O_Conf_StageII_PWP4_CellP_2x2_8St_20240614	Measurement 1	Evaluation5	PlateResults_Plate4.txt	Plate4
Plate4R08C10	8	10	1	0	455	4	0		0.4			Instrument	http://harmony-pc.pharmacy.ohio-state.edu/ODA/OdaService.asmx	b3d4c2da-a136-4ae4-afa2-84ad5084d199	ZL_SS_H9C2_20XH2O_Conf_StageII_PWP4_CellP_2x2_8St_20240614	Measurement 1	Evaluation5	PlateResults_Plate4.txt	Plate4
Plate4R08C11	8	11	1	0	505	4	0		0.4			Instrument	http://harmony-pc.pharmacy.ohio-state.edu/ODA/OdaService.asmx	b3d4c2da-a136-4ae4-afa2-84ad5084d199	ZL_SS_H9C2_20XH2O_Conf_StageII_PWP4_CellP_2x2_8St_20240614	Measurement 1	Evaluation5	PlateResults_Plate4.txt	Plate4
Plate4R08C12	8	12	1	0	395	4	0		0.4			Instrument	http://harmony-pc.pharmacy.ohio-state.edu/ODA/OdaService.asmx	b3d4c2da-a136-4ae4-afa2-84ad5084d199	ZL_SS_H9C2_20XH2O_Conf_StageII_PWP4_CellP_2x2_8St_20240614	Measurement 1	Evaluation5	PlateResults_Plate4.txt	Plate4
Plate4R08C13	8	13	1	0	505	4	0		0.4			Instrument	http://harmony-pc.pharmacy.ohio-state.edu/ODA/OdaService.asmx	b3d4c2da-a136-4ae4-afa2-84ad5084d199	ZL_SS_H9C2_20XH2O_Conf_StageII_PWP4_CellP_2x2_8St_20240614	Measurement 1	Evaluation5	PlateResults_Plate4.txt	Plate4
Plate4R08C14	8	14	1	0	491	4	0		0.4			Instrument	http://harmony-pc.pharmacy.ohio-state.edu/ODA/OdaService.asmx	b3d4c2da-a136-4ae4-afa2-84ad5084d199	ZL_SS_H9C2_20XH2O_Conf_StageII_PWP4_CellP_2x2_8St_20240614	Measurement 1	Evaluation5	PlateResults_Plate4.txt	Plate4
Plate4R08C15	8	15	1	0	421	4	0		0.4			Instrument	http://harmony-pc.pharmacy.ohio-state.edu/ODA/OdaService.asmx	b3d4c2da-a136-4ae4-afa2-84ad5084d199	ZL_SS_H9C2_20XH2O_Conf_StageII_PWP4_CellP_2x2_8St_20240614	Measurement 1	Evaluation5	PlateResults_Plate4.txt	Plate4
Plate4R08C16	8	16	1	0	424	4	0		0.4			Instrument	http://harmony-pc.pharmacy.ohio-state.edu/ODA/OdaService.asmx	b3d4c2da-a136-4ae4-afa2-84ad5084d199	ZL_SS_H9C2_20XH2O_Conf_StageII_PWP4_CellP_2x2_8St_20240614	Measurement 1	Evaluation5	PlateResults_Plate4.txt	Plate4
Plate4R08C17	8	17	1	1	444	4	0		0.4			Instrument	http://harmony-pc.pharmacy.ohio-state.edu/ODA/OdaService.asmx	b3d4c2da-a136-4ae4-afa2-84ad5084d199	ZL_SS_H9C2_20XH2O_Conf_StageII_PWP4_CellP_2x2_8St_20240614	Measurement 1	Evaluation5	PlateResults_Plate4.txt	Plate4
Plate4R08C18	8	18	1	0	515	4	0		0.4			Instrument	http://harmony-pc.pharmacy.ohio-state.edu/ODA/OdaService.asmx	b3d4c2da-a136-4ae4-afa2-84ad5084d199	ZL_SS_H9C2_20XH2O_Conf_StageII_PWP4_CellP_2x2_8St_20240614	Measurement 1	Evaluation5	PlateResults_Plate4.txt	Plate4
Plate4R08C19	8	19	1	0	481	4	0		0.4			Instrument	http://harmony-pc.pharmacy.ohio-state.edu/ODA/OdaService.asmx	b3d4c2da-a136-4ae4-afa2-84ad5084d199	ZL_SS_H9C2_20XH2O_Conf_StageII_PWP4_CellP_2x2_8St_20240614	Measurement 1	Evaluation5	PlateResults_Plate4.txt	Plate4
Plate4R08C20	8	20	1	0	435	4	0		0.4			Instrument	http://harmony-pc.pharmacy.ohio-state.edu/ODA/OdaService.asmx	b3d4c2da-a136-4ae4-afa2-84ad5084d199	ZL_SS_H9C2_20XH2O_Conf_StageII_PWP4_CellP_2x2_8St_20240614	Measurement 1	Evaluation5	PlateResults_Plate4.txt	Plate4
Plate4R08C21	8	21	1	0	374	4	0		0.4			Instrument	http://harmony-pc.pharmacy.ohio-state.edu/ODA/OdaService.asmx	b3d4c2da-a136-4ae4-afa2-84ad5084d199	ZL_SS_H9C2_20XH2O_Conf_StageII_PWP4_CellP_2x2_8St_20240614	Measurement 1	Evaluation5	PlateResults_Plate4.txt	Plate4
Plate4R08C22	8	22	1	0	356	4	0		0.4			Instrument	http://harmony-pc.pharmacy.ohio-state.edu/ODA/OdaService.asmx	b3d4c2da-a136-4ae4-afa2-84ad5084d199	ZL_SS_H9C2_20XH2O_Conf_StageII_PWP4_CellP_2x2_8St_20240614	Measurement 1	Evaluation5	PlateResults_Plate4.txt	Plate4
Plate4R08C23	8	23	1	0	329	4	0	Axit	0.00914494741655235			Instrument	http://harmony-pc.pharmacy.ohio-state.edu/ODA/OdaService.asmx	b3d4c2da-a136-4ae4-afa2-84ad5084d199	ZL_SS_H9C2_20XH2O_Conf_StageII_PWP4_CellP_2x2_8St_20240614	Measurement 1	Evaluation5	PlateResults_Plate4.txt	Plate4
Plate4R08C24	8	24	1	0	281	4	0	Axit	0.00914494741655235			Instrument	http://harmony-pc.pharmacy.ohio-state.edu/ODA/OdaService.asmx	b3d4c2da-a136-4ae4-afa2-84ad5084d199	ZL_SS_H9C2_20XH2O_Conf_StageII_PWP4_CellP_2x2_8St_20240614	Measurement 1	Evaluation5	PlateResults_Plate4.txt	Plate4
Plate4R09C01	9	1	1	0	54	4	0	Dacti	0.4			Instrument	http://harmony-pc.pharmacy.ohio-state.edu/ODA/OdaService.asmx	b3d4c2da-a136-4ae4-afa2-84ad5084d199	ZL_SS_H9C2_20XH2O_Conf_StageII_PWP4_CellP_2x2_8St_20240614	Measurement 1	Evaluation5	PlateResults_Plate4.txt	Plate4
Plate4R09C02	9	2	1	0	64	4	0	Dacti	0.4			Instrument	http://harmony-pc.pharmacy.ohio-state.edu/ODA/OdaService.asmx	b3d4c2da-a136-4ae4-afa2-84ad5084d199	ZL_SS_H9C2_20XH2O_Conf_StageII_PWP4_CellP_2x2_8St_20240614	Measurement 1	Evaluation5	PlateResults_Plate4.txt	Plate4
Plate4R09C03	9	3	1	0	437	4	0		0.4			Instrument	http://harmony-pc.pharmacy.ohio-state.edu/ODA/OdaService.asmx	b3d4c2da-a136-4ae4-afa2-84ad5084d199	ZL_SS_H9C2_20XH2O_Conf_StageII_PWP4_CellP_2x2_8St_20240614	Measurement 1	Evaluation5	PlateResults_Plate4.txt	Plate4
Plate4R09C04	9	4	1	0	470	4	0		0.4			Instrument	http://harmony-pc.pharmacy.ohio-state.edu/ODA/OdaService.asmx	b3d4c2da-a136-4ae4-afa2-84ad5084d199	ZL_SS_H9C2_20XH2O_Conf_StageII_PWP4_CellP_2x2_8St_20240614	Measurement 1	Evaluation5	PlateResults_Plate4.txt	Plate4
Plate4R09C05	9	5	1	0	517	4	0		0.4			Instrument	http://harmony-pc.pharmacy.ohio-state.edu/ODA/OdaService.asmx	b3d4c2da-a136-4ae4-afa2-84ad5084d199	ZL_SS_H9C2_20XH2O_Conf_StageII_PWP4_CellP_2x2_8St_20240614	Measurement 1	Evaluation5	PlateResults_Plate4.txt	Plate4
Plate4R09C06	9	6	1	0	433	4	0		0.4			Instrument	http://harmony-pc.pharmacy.ohio-state.edu/ODA/OdaService.asmx	b3d4c2da-a136-4ae4-afa2-84ad5084d199	ZL_SS_H9C2_20XH2O_Conf_StageII_PWP4_CellP_2x2_8St_20240614	Measurement 1	Evaluation5	PlateResults_Plate4.txt	Plate4
Plate4R09C07	9	7	1	0	474	4	0		0.4			Instrument	http://harmony-pc.pharmacy.ohio-state.edu/ODA/OdaService.asmx	b3d4c2da-a136-4ae4-afa2-84ad5084d199	ZL_SS_H9C2_20XH2O_Conf_StageII_PWP4_CellP_2x2_8St_20240614	Measurement 1	Evaluation5	PlateResults_Plate4.txt	Plate4
Plate4R09C08	9	8	1	0	417	4	0		0.4			Instrument	http://harmony-pc.pharmacy.ohio-state.edu/ODA/OdaService.asmx	b3d4c2da-a136-4ae4-afa2-84ad5084d199	ZL_SS_H9C2_20XH2O_Conf_StageII_PWP4_CellP_2x2_8St_20240614	Measurement 1	Evaluation5	PlateResults_Plate4.txt	Plate4
Plate4R09C09	9	9	1	0	466	4	0		0.4			Instrument	http://harmony-pc.pharmacy.ohio-state.edu/ODA/OdaService.asmx	b3d4c2da-a136-4ae4-afa2-84ad5084d199	ZL_SS_H9C2_20XH2O_Conf_StageII_PWP4_CellP_2x2_8St_20240614	Measurement 1	Evaluation5	PlateResults_Plate4.txt	Plate4
Plate4R09C10	9	10	1	0	473	4	0		0.4			Instrument	http://harmony-pc.pharmacy.ohio-state.edu/ODA/OdaService.asmx	b3d4c2da-a136-4ae4-afa2-84ad5084d199	ZL_SS_H9C2_20XH2O_Conf_StageII_PWP4_CellP_2x2_8St_20240614	Measurement 1	Evaluation5	PlateResults_Plate4.txt	Plate4
Plate4R09C11	9	11	1	0	480	4	0		0.4			Instrument	http://harmony-pc.pharmacy.ohio-state.edu/ODA/OdaService.asmx	b3d4c2da-a136-4ae4-afa2-84ad5084d199	ZL_SS_H9C2_20XH2O_Conf_StageII_PWP4_CellP_2x2_8St_20240614	Measurement 1	Evaluation5	PlateResults_Plate4.txt	Plate4
Plate4R09C12	9	12	1	0	449	4	0		0.4			Instrument	http://harmony-pc.pharmacy.ohio-state.edu/ODA/OdaService.asmx	b3d4c2da-a136-4ae4-afa2-84ad5084d199	ZL_SS_H9C2_20XH2O_Conf_StageII_PWP4_CellP_2x2_8St_20240614	Measurement 1	Evaluation5	PlateResults_Plate4.txt	Plate4
Plate4R09C13	9	13	1	0	441	4	0		0.4			Instrument	http://harmony-pc.pharmacy.ohio-state.edu/ODA/OdaService.asmx	b3d4c2da-a136-4ae4-afa2-84ad5084d199	ZL_SS_H9C2_20XH2O_Conf_StageII_PWP4_CellP_2x2_8St_20240614	Measurement 1	Evaluation5	PlateResults_Plate4.txt	Plate4
Plate4R09C14	9	14	1	0	504	4	0		0.4			Instrument	http://harmony-pc.pharmacy.ohio-state.edu/ODA/OdaService.asmx	b3d4c2da-a136-4ae4-afa2-84ad5084d199	ZL_SS_H9C2_20XH2O_Conf_StageII_PWP4_CellP_2x2_8St_20240614	Measurement 1	Evaluation5	PlateResults_Plate4.txt	Plate4
Plate4R09C15	9	15	1	0	532	4	0		0.4			Instrument	http://harmony-pc.pharmacy.ohio-state.edu/ODA/OdaService.asmx	b3d4c2da-a136-4ae4-afa2-84ad5084d199	ZL_SS_H9C2_20XH2O_Conf_StageII_PWP4_CellP_2x2_8St_20240614	Measurement 1	Evaluation5	PlateResults_Plate4.txt	Plate4
Plate4R09C16	9	16	1	0	434	4	0		0.4			Instrument	http://harmony-pc.pharmacy.ohio-state.edu/ODA/OdaService.asmx	b3d4c2da-a136-4ae4-afa2-84ad5084d199	ZL_SS_H9C2_20XH2O_Conf_StageII_PWP4_CellP_2x2_8St_20240614	Measurement 1	Evaluation5	PlateResults_Plate4.txt	Plate4
Plate4R09C17	9	17	1	0	479	4	0		0.4			Instrument	http://harmony-pc.pharmacy.ohio-state.edu/ODA/OdaService.asmx	b3d4c2da-a136-4ae4-afa2-84ad5084d199	ZL_SS_H9C2_20XH2O_Conf_StageII_PWP4_CellP_2x2_8St_20240614	Measurement 1	Evaluation5	PlateResults_Plate4.txt	Plate4
Plate4R09C18	9	18	1	0	441	4	0		0.4			Instrument	http://harmony-pc.pharmacy.ohio-state.edu/ODA/OdaService.asmx	b3d4c2da-a136-4ae4-afa2-84ad5084d199	ZL_SS_H9C2_20XH2O_Conf_StageII_PWP4_CellP_2x2_8St_20240614	Measurement 1	Evaluation5	PlateResults_Plate4.txt	Plate4
Plate4R09C19	9	19	1	0	486	4	0		0.4			Instrument	http://harmony-pc.pharmacy.ohio-state.edu/ODA/OdaService.asmx	b3d4c2da-a136-4ae4-afa2-84ad5084d199	ZL_SS_H9C2_20XH2O_Conf_StageII_PWP4_CellP_2x2_8St_20240614	Measurement 1	Evaluation5	PlateResults_Plate4.txt	Plate4
Plate4R09C20	9	20	1	0	487	4	0		0.4			Instrument	http://harmony-pc.pharmacy.ohio-state.edu/ODA/OdaService.asmx	b3d4c2da-a136-4ae4-afa2-84ad5084d199	ZL_SS_H9C2_20XH2O_Conf_StageII_PWP4_CellP_2x2_8St_20240614	Measurement 1	Evaluation5	PlateResults_Plate4.txt	Plate4
Plate4R09C21	9	21	1	0	329	4	0		0.4			Instrument	http://harmony-pc.pharmacy.ohio-state.edu/ODA/OdaService.asmx	b3d4c2da-a136-4ae4-afa2-84ad5084d199	ZL_SS_H9C2_20XH2O_Conf_StageII_PWP4_CellP_2x2_8St_20240614	Measurement 1	Evaluation5	PlateResults_Plate4.txt	Plate4
Plate4R09C22	9	22	1	0	353	4	0		0.4			Instrument	http://harmony-pc.pharmacy.ohio-state.edu/ODA/OdaService.asmx	b3d4c2da-a136-4ae4-afa2-84ad5084d199	ZL_SS_H9C2_20XH2O_Conf_StageII_PWP4_CellP_2x2_8St_20240614	Measurement 1	Evaluation5	PlateResults_Plate4.txt	Plate4
Plate4R09C23	9	23	1	0	88	4	0	Cabo	20			Instrument	http://harmony-pc.pharmacy.ohio-state.edu/ODA/OdaService.asmx	b3d4c2da-a136-4ae4-afa2-84ad5084d199	ZL_SS_H9C2_20XH2O_Conf_StageII_PWP4_CellP_2x2_8St_20240614	Measurement 1	Evaluation5	PlateResults_Plate4.txt	Plate4
Plate4R09C24	9	24	1	0	151	4	0	Cabo	20			Instrument	http://harmony-pc.pharmacy.ohio-state.edu/ODA/OdaService.asmx	b3d4c2da-a136-4ae4-afa2-84ad5084d199	ZL_SS_H9C2_20XH2O_Conf_StageII_PWP4_CellP_2x2_8St_20240614	Measurement 1	Evaluation5	PlateResults_Plate4.txt	Plate4
Plate4R10C01	10	1	1	0	70	4	0	Dacti	0.133333333333333			Instrument	http://harmony-pc.pharmacy.ohio-state.edu/ODA/OdaService.asmx	b3d4c2da-a136-4ae4-afa2-84ad5084d199	ZL_SS_H9C2_20XH2O_Conf_StageII_PWP4_CellP_2x2_8St_20240614	Measurement 1	Evaluation5	PlateResults_Plate4.txt	Plate4
Plate4R10C02	10	2	1	0	69	4	0	Dacti	0.133333333333333			Instrument	http://harmony-pc.pharmacy.ohio-state.edu/ODA/OdaService.asmx	b3d4c2da-a136-4ae4-afa2-84ad5084d199	ZL_SS_H9C2_20XH2O_Conf_StageII_PWP4_CellP_2x2_8St_20240614	Measurement 1	Evaluation5	PlateResults_Plate4.txt	Plate4
Plate4R10C03	10	3	1	0	344	4	0		0.4			Instrument	http://harmony-pc.pharmacy.ohio-state.edu/ODA/OdaService.asmx	b3d4c2da-a136-4ae4-afa2-84ad5084d199	ZL_SS_H9C2_20XH2O_Conf_StageII_PWP4_CellP_2x2_8St_20240614	Measurement 1	Evaluation5	PlateResults_Plate4.txt	Plate4
Plate4R10C04	10	4	1	0	402	4	0		0.4			Instrument	http://harmony-pc.pharmacy.ohio-state.edu/ODA/OdaService.asmx	b3d4c2da-a136-4ae4-afa2-84ad5084d199	ZL_SS_H9C2_20XH2O_Conf_StageII_PWP4_CellP_2x2_8St_20240614	Measurement 1	Evaluation5	PlateResults_Plate4.txt	Plate4
Plate4R10C05	10	5	1	0	406	4	0		0.4			Instrument	http://harmony-pc.pharmacy.ohio-state.edu/ODA/OdaService.asmx	b3d4c2da-a136-4ae4-afa2-84ad5084d199	ZL_SS_H9C2_20XH2O_Conf_StageII_PWP4_CellP_2x2_8St_20240614	Measurement 1	Evaluation5	PlateResults_Plate4.txt	Plate4
Plate4R10C06	10	6	1	0	448	4	0		0.4			Instrument	http://harmony-pc.pharmacy.ohio-state.edu/ODA/OdaService.asmx	b3d4c2da-a136-4ae4-afa2-84ad5084d199	ZL_SS_H9C2_20XH2O_Conf_StageII_PWP4_CellP_2x2_8St_20240614	Measurement 1	Evaluation5	PlateResults_Plate4.txt	Plate4
Plate4R10C07	10	7	1	0	412	4	0		0.4			Instrument	http://harmony-pc.pharmacy.ohio-state.edu/ODA/OdaService.asmx	b3d4c2da-a136-4ae4-afa2-84ad5084d199	ZL_SS_H9C2_20XH2O_Conf_StageII_PWP4_CellP_2x2_8St_20240614	Measurement 1	Evaluation5	PlateResults_Plate4.txt	Plate4
Plate4R10C08	10	8	1	0	431	4	0		0.4			Instrument	http://harmony-pc.pharmacy.ohio-state.edu/ODA/OdaService.asmx	b3d4c2da-a136-4ae4-afa2-84ad5084d199	ZL_SS_H9C2_20XH2O_Conf_StageII_PWP4_CellP_2x2_8St_20240614	Measurement 1	Evaluation5	PlateResults_Plate4.txt	Plate4
Plate4R10C09	10	9	1	0	469	4	0		0.4			Instrument	http://harmony-pc.pharmacy.ohio-state.edu/ODA/OdaService.asmx	b3d4c2da-a136-4ae4-afa2-84ad5084d199	ZL_SS_H9C2_20XH2O_Conf_StageII_PWP4_CellP_2x2_8St_20240614	Measurement 1	Evaluation5	PlateResults_Plate4.txt	Plate4
Plate4R10C10	10	10	1	0	470	4	0		0.4			Instrument	http://harmony-pc.pharmacy.ohio-state.edu/ODA/OdaService.asmx	b3d4c2da-a136-4ae4-afa2-84ad5084d199	ZL_SS_H9C2_20XH2O_Conf_StageII_PWP4_CellP_2x2_8St_20240614	Measurement 1	Evaluation5	PlateResults_Plate4.txt	Plate4
Plate4R10C11	10	11	1	0	375	4	0		0.4			Instrument	http://harmony-pc.pharmacy.ohio-state.edu/ODA/OdaService.asmx	b3d4c2da-a136-4ae4-afa2-84ad5084d199	ZL_SS_H9C2_20XH2O_Conf_StageII_PWP4_CellP_2x2_8St_20240614	Measurement 1	Evaluation5	PlateResults_Plate4.txt	Plate4
Plate4R10C12	10	12	1	0	467	4	0		0.4			Instrument	http://harmony-pc.pharmacy.ohio-state.edu/ODA/OdaService.asmx	b3d4c2da-a136-4ae4-afa2-84ad5084d199	ZL_SS_H9C2_20XH2O_Conf_StageII_PWP4_CellP_2x2_8St_20240614	Measurement 1	Evaluation5	PlateResults_Plate4.txt	Plate4
Plate4R10C13	10	13	1	0	436	4	0		0.4			Instrument	http://harmony-pc.pharmacy.ohio-state.edu/ODA/OdaService.asmx	b3d4c2da-a136-4ae4-afa2-84ad5084d199	ZL_SS_H9C2_20XH2O_Conf_StageII_PWP4_CellP_2x2_8St_20240614	Measurement 1	Evaluation5	PlateResults_Plate4.txt	Plate4
Plate4R10C14	10	14	1	0	406	4	0		0.4			Instrument	http://harmony-pc.pharmacy.ohio-state.edu/ODA/OdaService.asmx	b3d4c2da-a136-4ae4-afa2-84ad5084d199	ZL_SS_H9C2_20XH2O_Conf_StageII_PWP4_CellP_2x2_8St_20240614	Measurement 1	Evaluation5	PlateResults_Plate4.txt	Plate4
Plate4R10C15	10	15	1	0	398	4	0		0.4			Instrument	http://harmony-pc.pharmacy.ohio-state.edu/ODA/OdaService.asmx	b3d4c2da-a136-4ae4-afa2-84ad5084d199	ZL_SS_H9C2_20XH2O_Conf_StageII_PWP4_CellP_2x2_8St_20240614	Measurement 1	Evaluation5	PlateResults_Plate4.txt	Plate4
Plate4R10C16	10	16	1	0	513	4	0		0.4			Instrument	http://harmony-pc.pharmacy.ohio-state.edu/ODA/OdaService.asmx	b3d4c2da-a136-4ae4-afa2-84ad5084d199	ZL_SS_H9C2_20XH2O_Conf_StageII_PWP4_CellP_2x2_8St_20240614	Measurement 1	Evaluation5	PlateResults_Plate4.txt	Plate4
Plate4R10C17	10	17	1	0	446	4	0		0.4			Instrument	http://harmony-pc.pharmacy.ohio-state.edu/ODA/OdaService.asmx	b3d4c2da-a136-4ae4-afa2-84ad5084d199	ZL_SS_H9C2_20XH2O_Conf_StageII_PWP4_CellP_2x2_8St_20240614	Measurement 1	Evaluation5	PlateResults_Plate4.txt	Plate4
Plate4R10C18	10	18	1	0	346	4	0		0.4			Instrument	http://harmony-pc.pharmacy.ohio-state.edu/ODA/OdaService.asmx	b3d4c2da-a136-4ae4-afa2-84ad5084d199	ZL_SS_H9C2_20XH2O_Conf_StageII_PWP4_CellP_2x2_8St_20240614	Measurement 1	Evaluation5	PlateResults_Plate4.txt	Plate4
Plate4R10C19	10	19	1	2	422	4	0		0.4			Instrument	http://harmony-pc.pharmacy.ohio-state.edu/ODA/OdaService.asmx	b3d4c2da-a136-4ae4-afa2-84ad5084d199	ZL_SS_H9C2_20XH2O_Conf_StageII_PWP4_CellP_2x2_8St_20240614	Measurement 1	Evaluation5	PlateResults_Plate4.txt	Plate4
Plate4R10C20	10	20	1	0	427	4	0		0.4			Instrument	http://harmony-pc.pharmacy.ohio-state.edu/ODA/OdaService.asmx	b3d4c2da-a136-4ae4-afa2-84ad5084d199	ZL_SS_H9C2_20XH2O_Conf_StageII_PWP4_CellP_2x2_8St_20240614	Measurement 1	Evaluation5	PlateResults_Plate4.txt	Plate4
Plate4R10C21	10	21	1	0	464	4	0		0.4			Instrument	http://harmony-pc.pharmacy.ohio-state.edu/ODA/OdaService.asmx	b3d4c2da-a136-4ae4-afa2-84ad5084d199	ZL_SS_H9C2_20XH2O_Conf_StageII_PWP4_CellP_2x2_8St_20240614	Measurement 1	Evaluation5	PlateResults_Plate4.txt	Plate4
Plate4R10C22	10	22	1	0	429	4	0		0.4			Instrument	http://harmony-pc.pharmacy.ohio-state.edu/ODA/OdaService.asmx	b3d4c2da-a136-4ae4-afa2-84ad5084d199	ZL_SS_H9C2_20XH2O_Conf_StageII_PWP4_CellP_2x2_8St_20240614	Measurement 1	Evaluation5	PlateResults_Plate4.txt	Plate4
Plate4R10C23	10	23	1	0	226	4	0	Cabo	6.66666666666667			Instrument	http://harmony-pc.pharmacy.ohio-state.edu/ODA/OdaService.asmx	b3d4c2da-a136-4ae4-afa2-84ad5084d199	ZL_SS_H9C2_20XH2O_Conf_StageII_PWP4_CellP_2x2_8St_20240614	Measurement 1	Evaluation5	PlateResults_Plate4.txt	Plate4
Plate4R10C24	10	24	1	0	233	4	0	Cabo	6.66666666666667			Instrument	http://harmony-pc.pharmacy.ohio-state.edu/ODA/OdaService.asmx	b3d4c2da-a136-4ae4-afa2-84ad5084d199	ZL_SS_H9C2_20XH2O_Conf_StageII_PWP4_CellP_2x2_8St_20240614	Measurement 1	Evaluation5	PlateResults_Plate4.txt	Plate4
Plate4R11C01	11	1	1	0	70	4	0	Dacti	0.0444444444444444			Instrument	http://harmony-pc.pharmacy.ohio-state.edu/ODA/OdaService.asmx	b3d4c2da-a136-4ae4-afa2-84ad5084d199	ZL_SS_H9C2_20XH2O_Conf_StageII_PWP4_CellP_2x2_8St_20240614	Measurement 1	Evaluation5	PlateResults_Plate4.txt	Plate4
Plate4R11C02	11	2	1	0	68	4	0	Dacti	0.0444444444444444			Instrument	http://harmony-pc.pharmacy.ohio-state.edu/ODA/OdaService.asmx	b3d4c2da-a136-4ae4-afa2-84ad5084d199	ZL_SS_H9C2_20XH2O_Conf_StageII_PWP4_CellP_2x2_8St_20240614	Measurement 1	Evaluation5	PlateResults_Plate4.txt	Plate4
Plate4R11C03	11	3	1	0	374	4	0		0.4			Instrument	http://harmony-pc.pharmacy.ohio-state.edu/ODA/OdaService.asmx	b3d4c2da-a136-4ae4-afa2-84ad5084d199	ZL_SS_H9C2_20XH2O_Conf_StageII_PWP4_CellP_2x2_8St_20240614	Measurement 1	Evaluation5	PlateResults_Plate4.txt	Plate4
Plate4R11C04	11	4	1	0	381	4	0		0.4			Instrument	http://harmony-pc.pharmacy.ohio-state.edu/ODA/OdaService.asmx	b3d4c2da-a136-4ae4-afa2-84ad5084d199	ZL_SS_H9C2_20XH2O_Conf_StageII_PWP4_CellP_2x2_8St_20240614	Measurement 1	Evaluation5	PlateResults_Plate4.txt	Plate4
Plate4R11C05	11	5	1	0	452	4	0		0.4			Instrument	http://harmony-pc.pharmacy.ohio-state.edu/ODA/OdaService.asmx	b3d4c2da-a136-4ae4-afa2-84ad5084d199	ZL_SS_H9C2_20XH2O_Conf_StageII_PWP4_CellP_2x2_8St_20240614	Measurement 1	Evaluation5	PlateResults_Plate4.txt	Plate4
Plate4R11C06	11	6	1	0	399	4	0		0.4			Instrument	http://harmony-pc.pharmacy.ohio-state.edu/ODA/OdaService.asmx	b3d4c2da-a136-4ae4-afa2-84ad5084d199	ZL_SS_H9C2_20XH2O_Conf_StageII_PWP4_CellP_2x2_8St_20240614	Measurement 1	Evaluation5	PlateResults_Plate4.txt	Plate4
Plate4R11C07	11	7	1	0	399	4	0		0.4			Instrument	http://harmony-pc.pharmacy.ohio-state.edu/ODA/OdaService.asmx	b3d4c2da-a136-4ae4-afa2-84ad5084d199	ZL_SS_H9C2_20XH2O_Conf_StageII_PWP4_CellP_2x2_8St_20240614	Measurement 1	Evaluation5	PlateResults_Plate4.txt	Plate4
Plate4R11C08	11	8	1	0	427	4	0		0.4			Instrument	http://harmony-pc.pharmacy.ohio-state.edu/ODA/OdaService.asmx	b3d4c2da-a136-4ae4-afa2-84ad5084d199	ZL_SS_H9C2_20XH2O_Conf_StageII_PWP4_CellP_2x2_8St_20240614	Measurement 1	Evaluation5	PlateResults_Plate4.txt	Plate4
Plate4R11C09	11	9	1	0	411	4	0		0.4			Instrument	http://harmony-pc.pharmacy.ohio-state.edu/ODA/OdaService.asmx	b3d4c2da-a136-4ae4-afa2-84ad5084d199	ZL_SS_H9C2_20XH2O_Conf_StageII_PWP4_CellP_2x2_8St_20240614	Measurement 1	Evaluation5	PlateResults_Plate4.txt	Plate4
Plate4R11C10	11	10	1	0	470	4	0		0.4			Instrument	http://harmony-pc.pharmacy.ohio-state.edu/ODA/OdaService.asmx	b3d4c2da-a136-4ae4-afa2-84ad5084d199	ZL_SS_H9C2_20XH2O_Conf_StageII_PWP4_CellP_2x2_8St_20240614	Measurement 1	Evaluation5	PlateResults_Plate4.txt	Plate4
Plate4R11C11	11	11	1	0	437	4	0		0.4			Instrument	http://harmony-pc.pharmacy.ohio-state.edu/ODA/OdaService.asmx	b3d4c2da-a136-4ae4-afa2-84ad5084d199	ZL_SS_H9C2_20XH2O_Conf_StageII_PWP4_CellP_2x2_8St_20240614	Measurement 1	Evaluation5	PlateResults_Plate4.txt	Plate4
Plate4R11C12	11	12	1	0	381	4	0		0.4			Instrument	http://harmony-pc.pharmacy.ohio-state.edu/ODA/OdaService.asmx	b3d4c2da-a136-4ae4-afa2-84ad5084d199	ZL_SS_H9C2_20XH2O_Conf_StageII_PWP4_CellP_2x2_8St_20240614	Measurement 1	Evaluation5	PlateResults_Plate4.txt	Plate4
Plate4R11C13	11	13	1	0	449	4	0		0.4			Instrument	http://harmony-pc.pharmacy.ohio-state.edu/ODA/OdaService.asmx	b3d4c2da-a136-4ae4-afa2-84ad5084d199	ZL_SS_H9C2_20XH2O_Conf_StageII_PWP4_CellP_2x2_8St_20240614	Measurement 1	Evaluation5	PlateResults_Plate4.txt	Plate4
Plate4R11C14	11	14	1	0	420	4	0		0.4			Instrument	http://harmony-pc.pharmacy.ohio-state.edu/ODA/OdaService.asmx	b3d4c2da-a136-4ae4-afa2-84ad5084d199	ZL_SS_H9C2_20XH2O_Conf_StageII_PWP4_CellP_2x2_8St_20240614	Measurement 1	Evaluation5	PlateResults_Plate4.txt	Plate4
Plate4R11C15	11	15	1	0	455	4	0		0.4			Instrument	http://harmony-pc.pharmacy.ohio-state.edu/ODA/OdaService.asmx	b3d4c2da-a136-4ae4-afa2-84ad5084d199	ZL_SS_H9C2_20XH2O_Conf_StageII_PWP4_CellP_2x2_8St_20240614	Measurement 1	Evaluation5	PlateResults_Plate4.txt	Plate4
Plate4R11C16	11	16	1	0	406	4	0		0.4			Instrument	http://harmony-pc.pharmacy.ohio-state.edu/ODA/OdaService.asmx	b3d4c2da-a136-4ae4-afa2-84ad5084d199	ZL_SS_H9C2_20XH2O_Conf_StageII_PWP4_CellP_2x2_8St_20240614	Measurement 1	Evaluation5	PlateResults_Plate4.txt	Plate4
Plate4R11C17	11	17	1	0	376	4	0		0.4			Instrument	http://harmony-pc.pharmacy.ohio-state.edu/ODA/OdaService.asmx	b3d4c2da-a136-4ae4-afa2-84ad5084d199	ZL_SS_H9C2_20XH2O_Conf_StageII_PWP4_CellP_2x2_8St_20240614	Measurement 1	Evaluation5	PlateResults_Plate4.txt	Plate4
Plate4R11C18	11	18	1	0	443	4	0		0.4			Instrument	http://harmony-pc.pharmacy.ohio-state.edu/ODA/OdaService.asmx	b3d4c2da-a136-4ae4-afa2-84ad5084d199	ZL_SS_H9C2_20XH2O_Conf_StageII_PWP4_CellP_2x2_8St_20240614	Measurement 1	Evaluation5	PlateResults_Plate4.txt	Plate4
Plate4R11C19	11	19	1	0	448	4	0		0.4			Instrument	http://harmony-pc.pharmacy.ohio-state.edu/ODA/OdaService.asmx	b3d4c2da-a136-4ae4-afa2-84ad5084d199	ZL_SS_H9C2_20XH2O_Conf_StageII_PWP4_CellP_2x2_8St_20240614	Measurement 1	Evaluation5	PlateResults_Plate4.txt	Plate4
Plate4R11C20	11	20	1	0	427	4	0		0.4			Instrument	http://harmony-pc.pharmacy.ohio-state.edu/ODA/OdaService.asmx	b3d4c2da-a136-4ae4-afa2-84ad5084d199	ZL_SS_H9C2_20XH2O_Conf_StageII_PWP4_CellP_2x2_8St_20240614	Measurement 1	Evaluation5	PlateResults_Plate4.txt	Plate4
Plate4R11C21	11	21	1	0	386	4	0		0.4			Instrument	http://harmony-pc.pharmacy.ohio-state.edu/ODA/OdaService.asmx	b3d4c2da-a136-4ae4-afa2-84ad5084d199	ZL_SS_H9C2_20XH2O_Conf_StageII_PWP4_CellP_2x2_8St_20240614	Measurement 1	Evaluation5	PlateResults_Plate4.txt	Plate4
Plate4R11C22	11	22	1	0	395	4	0		0.4			Instrument	http://harmony-pc.pharmacy.ohio-state.edu/ODA/OdaService.asmx	b3d4c2da-a136-4ae4-afa2-84ad5084d199	ZL_SS_H9C2_20XH2O_Conf_StageII_PWP4_CellP_2x2_8St_20240614	Measurement 1	Evaluation5	PlateResults_Plate4.txt	Plate4
Plate4R11C23	11	23	1	0	235	4	0	Cabo	2.22222222222222			Instrument	http://harmony-pc.pharmacy.ohio-state.edu/ODA/OdaService.asmx	b3d4c2da-a136-4ae4-afa2-84ad5084d199	ZL_SS_H9C2_20XH2O_Conf_StageII_PWP4_CellP_2x2_8St_20240614	Measurement 1	Evaluation5	PlateResults_Plate4.txt	Plate4
Plate4R11C24	11	24	1	0	257	4	0	Cabo	2.22222222222222			Instrument	http://harmony-pc.pharmacy.ohio-state.edu/ODA/OdaService.asmx	b3d4c2da-a136-4ae4-afa2-84ad5084d199	ZL_SS_H9C2_20XH2O_Conf_StageII_PWP4_CellP_2x2_8St_20240614	Measurement 1	Evaluation5	PlateResults_Plate4.txt	Plate4
Plate4R12C01	12	1	1	0	44	4	0	Dacti	0.0148148148148148			Instrument	http://harmony-pc.pharmacy.ohio-state.edu/ODA/OdaService.asmx	b3d4c2da-a136-4ae4-afa2-84ad5084d199	ZL_SS_H9C2_20XH2O_Conf_StageII_PWP4_CellP_2x2_8St_20240614	Measurement 1	Evaluation5	PlateResults_Plate4.txt	Plate4
Plate4R12C02	12	2	1	0	36	4	0	Dacti	0.0148148148148148			Instrument	http://harmony-pc.pharmacy.ohio-state.edu/ODA/OdaService.asmx	b3d4c2da-a136-4ae4-afa2-84ad5084d199	ZL_SS_H9C2_20XH2O_Conf_StageII_PWP4_CellP_2x2_8St_20240614	Measurement 1	Evaluation5	PlateResults_Plate4.txt	Plate4
Plate4R12C03	12	3	1	0	136	4	0		0.4			Instrument	http://harmony-pc.pharmacy.ohio-state.edu/ODA/OdaService.asmx	b3d4c2da-a136-4ae4-afa2-84ad5084d199	ZL_SS_H9C2_20XH2O_Conf_StageII_PWP4_CellP_2x2_8St_20240614	Measurement 1	Evaluation5	PlateResults_Plate4.txt	Plate4
Plate4R12C04	12	4	1	0	356	4	0		0.4			Instrument	http://harmony-pc.pharmacy.ohio-state.edu/ODA/OdaService.asmx	b3d4c2da-a136-4ae4-afa2-84ad5084d199	ZL_SS_H9C2_20XH2O_Conf_StageII_PWP4_CellP_2x2_8St_20240614	Measurement 1	Evaluation5	PlateResults_Plate4.txt	Plate4
Plate4R12C05	12	5	1	0	362	4	0		0.4			Instrument	http://harmony-pc.pharmacy.ohio-state.edu/ODA/OdaService.asmx	b3d4c2da-a136-4ae4-afa2-84ad5084d199	ZL_SS_H9C2_20XH2O_Conf_StageII_PWP4_CellP_2x2_8St_20240614	Measurement 1	Evaluation5	PlateResults_Plate4.txt	Plate4
Plate4R12C06	12	6	1	0	387	4	0		0.4			Instrument	http://harmony-pc.pharmacy.ohio-state.edu/ODA/OdaService.asmx	b3d4c2da-a136-4ae4-afa2-84ad5084d199	ZL_SS_H9C2_20XH2O_Conf_StageII_PWP4_CellP_2x2_8St_20240614	Measurement 1	Evaluation5	PlateResults_Plate4.txt	Plate4
Plate4R12C07	12	7	1	0	457	4	0		0.4			Instrument	http://harmony-pc.pharmacy.ohio-state.edu/ODA/OdaService.asmx	b3d4c2da-a136-4ae4-afa2-84ad5084d199	ZL_SS_H9C2_20XH2O_Conf_StageII_PWP4_CellP_2x2_8St_20240614	Measurement 1	Evaluation5	PlateResults_Plate4.txt	Plate4
Plate4R12C08	12	8	1	0	412	4	0		0.4			Instrument	http://harmony-pc.pharmacy.ohio-state.edu/ODA/OdaService.asmx	b3d4c2da-a136-4ae4-afa2-84ad5084d199	ZL_SS_H9C2_20XH2O_Conf_StageII_PWP4_CellP_2x2_8St_20240614	Measurement 1	Evaluation5	PlateResults_Plate4.txt	Plate4
Plate4R12C09	12	9	1	0	357	4	0		0.4			Instrument	http://harmony-pc.pharmacy.ohio-state.edu/ODA/OdaService.asmx	b3d4c2da-a136-4ae4-afa2-84ad5084d199	ZL_SS_H9C2_20XH2O_Conf_StageII_PWP4_CellP_2x2_8St_20240614	Measurement 1	Evaluation5	PlateResults_Plate4.txt	Plate4
Plate4R12C10	12	10	1	0	347	4	0		0.4			Instrument	http://harmony-pc.pharmacy.ohio-state.edu/ODA/OdaService.asmx	b3d4c2da-a136-4ae4-afa2-84ad5084d199	ZL_SS_H9C2_20XH2O_Conf_StageII_PWP4_CellP_2x2_8St_20240614	Measurement 1	Evaluation5	PlateResults_Plate4.txt	Plate4
Plate4R12C11	12	11	1	0	416	4	0		0.4			Instrument	http://harmony-pc.pharmacy.ohio-state.edu/ODA/OdaService.asmx	b3d4c2da-a136-4ae4-afa2-84ad5084d199	ZL_SS_H9C2_20XH2O_Conf_StageII_PWP4_CellP_2x2_8St_20240614	Measurement 1	Evaluation5	PlateResults_Plate4.txt	Plate4
Plate4R12C12	12	12	1	0	441	4	0		0.4			Instrument	http://harmony-pc.pharmacy.ohio-state.edu/ODA/OdaService.asmx	b3d4c2da-a136-4ae4-afa2-84ad5084d199	ZL_SS_H9C2_20XH2O_Conf_StageII_PWP4_CellP_2x2_8St_20240614	Measurement 1	Evaluation5	PlateResults_Plate4.txt	Plate4
Plate4R12C13	12	13	1	0	381	4	0		0.4			Instrument	http://harmony-pc.pharmacy.ohio-state.edu/ODA/OdaService.asmx	b3d4c2da-a136-4ae4-afa2-84ad5084d199	ZL_SS_H9C2_20XH2O_Conf_StageII_PWP4_CellP_2x2_8St_20240614	Measurement 1	Evaluation5	PlateResults_Plate4.txt	Plate4
Plate4R12C14	12	14	1	0	402	4	0		0.4			Instrument	http://harmony-pc.pharmacy.ohio-state.edu/ODA/OdaService.asmx	b3d4c2da-a136-4ae4-afa2-84ad5084d199	ZL_SS_H9C2_20XH2O_Conf_StageII_PWP4_CellP_2x2_8St_20240614	Measurement 1	Evaluation5	PlateResults_Plate4.txt	Plate4
Plate4R12C15	12	15	1	0	399	4	0		0.4			Instrument	http://harmony-pc.pharmacy.ohio-state.edu/ODA/OdaService.asmx	b3d4c2da-a136-4ae4-afa2-84ad5084d199	ZL_SS_H9C2_20XH2O_Conf_StageII_PWP4_CellP_2x2_8St_20240614	Measurement 1	Evaluation5	PlateResults_Plate4.txt	Plate4
Plate4R12C16	12	16	1	0	388	4	0		0.4			Instrument	http://harmony-pc.pharmacy.ohio-state.edu/ODA/OdaService.asmx	b3d4c2da-a136-4ae4-afa2-84ad5084d199	ZL_SS_H9C2_20XH2O_Conf_StageII_PWP4_CellP_2x2_8St_20240614	Measurement 1	Evaluation5	PlateResults_Plate4.txt	Plate4
Plate4R12C17	12	17	1	0	397	4	0		0.4			Instrument	http://harmony-pc.pharmacy.ohio-state.edu/ODA/OdaService.asmx	b3d4c2da-a136-4ae4-afa2-84ad5084d199	ZL_SS_H9C2_20XH2O_Conf_StageII_PWP4_CellP_2x2_8St_20240614	Measurement 1	Evaluation5	PlateResults_Plate4.txt	Plate4
Plate4R12C18	12	18	1	0	449	4	0		0.4			Instrument	http://harmony-pc.pharmacy.ohio-state.edu/ODA/OdaService.asmx	b3d4c2da-a136-4ae4-afa2-84ad5084d199	ZL_SS_H9C2_20XH2O_Conf_StageII_PWP4_CellP_2x2_8St_20240614	Measurement 1	Evaluation5	PlateResults_Plate4.txt	Plate4
Plate4R12C19	12	19	1	0	452	4	0		0.4			Instrument	http://harmony-pc.pharmacy.ohio-state.edu/ODA/OdaService.asmx	b3d4c2da-a136-4ae4-afa2-84ad5084d199	ZL_SS_H9C2_20XH2O_Conf_StageII_PWP4_CellP_2x2_8St_20240614	Measurement 1	Evaluation5	PlateResults_Plate4.txt	Plate4
Plate4R12C20	12	20	1	0	469	4	0		0.4			Instrument	http://harmony-pc.pharmacy.ohio-state.edu/ODA/OdaService.asmx	b3d4c2da-a136-4ae4-afa2-84ad5084d199	ZL_SS_H9C2_20XH2O_Conf_StageII_PWP4_CellP_2x2_8St_20240614	Measurement 1	Evaluation5	PlateResults_Plate4.txt	Plate4
Plate4R12C21	12	21	1	0	319	4	0		0.4			Instrument	http://harmony-pc.pharmacy.ohio-state.edu/ODA/OdaService.asmx	b3d4c2da-a136-4ae4-afa2-84ad5084d199	ZL_SS_H9C2_20XH2O_Conf_StageII_PWP4_CellP_2x2_8St_20240614	Measurement 1	Evaluation5	PlateResults_Plate4.txt	Plate4
Plate4R12C22	12	22	1	0	374	4	0		0.4			Instrument	http://harmony-pc.pharmacy.ohio-state.edu/ODA/OdaService.asmx	b3d4c2da-a136-4ae4-afa2-84ad5084d199	ZL_SS_H9C2_20XH2O_Conf_StageII_PWP4_CellP_2x2_8St_20240614	Measurement 1	Evaluation5	PlateResults_Plate4.txt	Plate4
Plate4R12C23	12	23	1	0	300	4	0	Cabo	0.740740740740741			Instrument	http://harmony-pc.pharmacy.ohio-state.edu/ODA/OdaService.asmx	b3d4c2da-a136-4ae4-afa2-84ad5084d199	ZL_SS_H9C2_20XH2O_Conf_StageII_PWP4_CellP_2x2_8St_20240614	Measurement 1	Evaluation5	PlateResults_Plate4.txt	Plate4
Plate4R12C24	12	24	1	0	192	4	0	Cabo	0.740740740740741			Instrument	http://harmony-pc.pharmacy.ohio-state.edu/ODA/OdaService.asmx	b3d4c2da-a136-4ae4-afa2-84ad5084d199	ZL_SS_H9C2_20XH2O_Conf_StageII_PWP4_CellP_2x2_8St_20240614	Measurement 1	Evaluation5	PlateResults_Plate4.txt	Plate4
Plate4R13C01	13	1	1	0	66	4	0	Dacti	0.00493827160493827			Instrument	http://harmony-pc.pharmacy.ohio-state.edu/ODA/OdaService.asmx	b3d4c2da-a136-4ae4-afa2-84ad5084d199	ZL_SS_H9C2_20XH2O_Conf_StageII_PWP4_CellP_2x2_8St_20240614	Measurement 1	Evaluation5	PlateResults_Plate4.txt	Plate4
Plate4R13C02	13	2	1	0	78	4	0	Dacti	0.00493827160493827			Instrument	http://harmony-pc.pharmacy.ohio-state.edu/ODA/OdaService.asmx	b3d4c2da-a136-4ae4-afa2-84ad5084d199	ZL_SS_H9C2_20XH2O_Conf_StageII_PWP4_CellP_2x2_8St_20240614	Measurement 1	Evaluation5	PlateResults_Plate4.txt	Plate4
Plate4R13C03	13	3	1	0	361	4	0		0.4			Instrument	http://harmony-pc.pharmacy.ohio-state.edu/ODA/OdaService.asmx	b3d4c2da-a136-4ae4-afa2-84ad5084d199	ZL_SS_H9C2_20XH2O_Conf_StageII_PWP4_CellP_2x2_8St_20240614	Measurement 1	Evaluation5	PlateResults_Plate4.txt	Plate4
Plate4R13C04	13	4	1	0	355	4	0		0.4			Instrument	http://harmony-pc.pharmacy.ohio-state.edu/ODA/OdaService.asmx	b3d4c2da-a136-4ae4-afa2-84ad5084d199	ZL_SS_H9C2_20XH2O_Conf_StageII_PWP4_CellP_2x2_8St_20240614	Measurement 1	Evaluation5	PlateResults_Plate4.txt	Plate4
Plate4R13C05	13	5	1	0	462	4	0		0.4			Instrument	http://harmony-pc.pharmacy.ohio-state.edu/ODA/OdaService.asmx	b3d4c2da-a136-4ae4-afa2-84ad5084d199	ZL_SS_H9C2_20XH2O_Conf_StageII_PWP4_CellP_2x2_8St_20240614	Measurement 1	Evaluation5	PlateResults_Plate4.txt	Plate4
Plate4R13C06	13	6	1	0	506	4	0		0.4			Instrument	http://harmony-pc.pharmacy.ohio-state.edu/ODA/OdaService.asmx	b3d4c2da-a136-4ae4-afa2-84ad5084d199	ZL_SS_H9C2_20XH2O_Conf_StageII_PWP4_CellP_2x2_8St_20240614	Measurement 1	Evaluation5	PlateResults_Plate4.txt	Plate4
Plate4R13C07	13	7	1	0	438	4	0		0.4			Instrument	http://harmony-pc.pharmacy.ohio-state.edu/ODA/OdaService.asmx	b3d4c2da-a136-4ae4-afa2-84ad5084d199	ZL_SS_H9C2_20XH2O_Conf_StageII_PWP4_CellP_2x2_8St_20240614	Measurement 1	Evaluation5	PlateResults_Plate4.txt	Plate4
Plate4R13C08	13	8	1	0	459	4	0		0.4			Instrument	http://harmony-pc.pharmacy.ohio-state.edu/ODA/OdaService.asmx	b3d4c2da-a136-4ae4-afa2-84ad5084d199	ZL_SS_H9C2_20XH2O_Conf_StageII_PWP4_CellP_2x2_8St_20240614	Measurement 1	Evaluation5	PlateResults_Plate4.txt	Plate4
Plate4R13C09	13	9	1	0	484	4	0		0.4			Instrument	http://harmony-pc.pharmacy.ohio-state.edu/ODA/OdaService.asmx	b3d4c2da-a136-4ae4-afa2-84ad5084d199	ZL_SS_H9C2_20XH2O_Conf_StageII_PWP4_CellP_2x2_8St_20240614	Measurement 1	Evaluation5	PlateResults_Plate4.txt	Plate4
Plate4R13C10	13	10	1	0	395	4	0		0.4			Instrument	http://harmony-pc.pharmacy.ohio-state.edu/ODA/OdaService.asmx	b3d4c2da-a136-4ae4-afa2-84ad5084d199	ZL_SS_H9C2_20XH2O_Conf_StageII_PWP4_CellP_2x2_8St_20240614	Measurement 1	Evaluation5	PlateResults_Plate4.txt	Plate4
Plate4R13C11	13	11	1	0	467	4	0		0.4			Instrument	http://harmony-pc.pharmacy.ohio-state.edu/ODA/OdaService.asmx	b3d4c2da-a136-4ae4-afa2-84ad5084d199	ZL_SS_H9C2_20XH2O_Conf_StageII_PWP4_CellP_2x2_8St_20240614	Measurement 1	Evaluation5	PlateResults_Plate4.txt	Plate4
Plate4R13C12	13	12	1	0	459	4	0		0.4			Instrument	http://harmony-pc.pharmacy.ohio-state.edu/ODA/OdaService.asmx	b3d4c2da-a136-4ae4-afa2-84ad5084d199	ZL_SS_H9C2_20XH2O_Conf_StageII_PWP4_CellP_2x2_8St_20240614	Measurement 1	Evaluation5	PlateResults_Plate4.txt	Plate4
Plate4R13C13	13	13	1	0	399	4	0		0.4			Instrument	http://harmony-pc.pharmacy.ohio-state.edu/ODA/OdaService.asmx	b3d4c2da-a136-4ae4-afa2-84ad5084d199	ZL_SS_H9C2_20XH2O_Conf_StageII_PWP4_CellP_2x2_8St_20240614	Measurement 1	Evaluation5	PlateResults_Plate4.txt	Plate4
Plate4R13C14	13	14	1	0	469	4	0		0.4			Instrument	http://harmony-pc.pharmacy.ohio-state.edu/ODA/OdaService.asmx	b3d4c2da-a136-4ae4-afa2-84ad5084d199	ZL_SS_H9C2_20XH2O_Conf_StageII_PWP4_CellP_2x2_8St_20240614	Measurement 1	Evaluation5	PlateResults_Plate4.txt	Plate4
Plate4R13C15	13	15	1	0	390	4	0		0.4			Instrument	http://harmony-pc.pharmacy.ohio-state.edu/ODA/OdaService.asmx	b3d4c2da-a136-4ae4-afa2-84ad5084d199	ZL_SS_H9C2_20XH2O_Conf_StageII_PWP4_CellP_2x2_8St_20240614	Measurement 1	Evaluation5	PlateResults_Plate4.txt	Plate4
Plate4R13C16	13	16	1	0	462	4	0		0.4			Instrument	http://harmony-pc.pharmacy.ohio-state.edu/ODA/OdaService.asmx	b3d4c2da-a136-4ae4-afa2-84ad5084d199	ZL_SS_H9C2_20XH2O_Conf_StageII_PWP4_CellP_2x2_8St_20240614	Measurement 1	Evaluation5	PlateResults_Plate4.txt	Plate4
Plate4R13C17	13	17	1	0	447	4	0		0.4			Instrument	http://harmony-pc.pharmacy.ohio-state.edu/ODA/OdaService.asmx	b3d4c2da-a136-4ae4-afa2-84ad5084d199	ZL_SS_H9C2_20XH2O_Conf_StageII_PWP4_CellP_2x2_8St_20240614	Measurement 1	Evaluation5	PlateResults_Plate4.txt	Plate4
Plate4R13C18	13	18	1	0	412	4	0		0.4			Instrument	http://harmony-pc.pharmacy.ohio-state.edu/ODA/OdaService.asmx	b3d4c2da-a136-4ae4-afa2-84ad5084d199	ZL_SS_H9C2_20XH2O_Conf_StageII_PWP4_CellP_2x2_8St_20240614	Measurement 1	Evaluation5	PlateResults_Plate4.txt	Plate4
Plate4R13C19	13	19	1	6	412	4	0		0.4			Instrument	http://harmony-pc.pharmacy.ohio-state.edu/ODA/OdaService.asmx	b3d4c2da-a136-4ae4-afa2-84ad5084d199	ZL_SS_H9C2_20XH2O_Conf_StageII_PWP4_CellP_2x2_8St_20240614	Measurement 1	Evaluation5	PlateResults_Plate4.txt	Plate4
Plate4R13C20	13	20	1	0	458	4	0		0.4			Instrument	http://harmony-pc.pharmacy.ohio-state.edu/ODA/OdaService.asmx	b3d4c2da-a136-4ae4-afa2-84ad5084d199	ZL_SS_H9C2_20XH2O_Conf_StageII_PWP4_CellP_2x2_8St_20240614	Measurement 1	Evaluation5	PlateResults_Plate4.txt	Plate4
Plate4R13C21	13	21	1	0	318	4	0		0.4			Instrument	http://harmony-pc.pharmacy.ohio-state.edu/ODA/OdaService.asmx	b3d4c2da-a136-4ae4-afa2-84ad5084d199	ZL_SS_H9C2_20XH2O_Conf_StageII_PWP4_CellP_2x2_8St_20240614	Measurement 1	Evaluation5	PlateResults_Plate4.txt	Plate4
Plate4R13C22	13	22	1	0	120	4	0		0.4			Instrument	http://harmony-pc.pharmacy.ohio-state.edu/ODA/OdaService.asmx	b3d4c2da-a136-4ae4-afa2-84ad5084d199	ZL_SS_H9C2_20XH2O_Conf_StageII_PWP4_CellP_2x2_8St_20240614	Measurement 1	Evaluation5	PlateResults_Plate4.txt	Plate4
Plate4R13C23	13	23	1	0	258	4	0	Cabo	0.246913580246914			Instrument	http://harmony-pc.pharmacy.ohio-state.edu/ODA/OdaService.asmx	b3d4c2da-a136-4ae4-afa2-84ad5084d199	ZL_SS_H9C2_20XH2O_Conf_StageII_PWP4_CellP_2x2_8St_20240614	Measurement 1	Evaluation5	PlateResults_Plate4.txt	Plate4
Plate4R13C24	13	24	1	0	285	4	0	Cabo	0.246913580246914			Instrument	http://harmony-pc.pharmacy.ohio-state.edu/ODA/OdaService.asmx	b3d4c2da-a136-4ae4-afa2-84ad5084d199	ZL_SS_H9C2_20XH2O_Conf_StageII_PWP4_CellP_2x2_8St_20240614	Measurement 1	Evaluation5	PlateResults_Plate4.txt	Plate4
Plate4R14C01	14	1	1	0	116	4	0	Dacti	0.00164609053497942			Instrument	http://harmony-pc.pharmacy.ohio-state.edu/ODA/OdaService.asmx	b3d4c2da-a136-4ae4-afa2-84ad5084d199	ZL_SS_H9C2_20XH2O_Conf_StageII_PWP4_CellP_2x2_8St_20240614	Measurement 1	Evaluation5	PlateResults_Plate4.txt	Plate4
Plate4R14C02	14	2	1	0	116	4	0	Dacti	0.00164609053497942			Instrument	http://harmony-pc.pharmacy.ohio-state.edu/ODA/OdaService.asmx	b3d4c2da-a136-4ae4-afa2-84ad5084d199	ZL_SS_H9C2_20XH2O_Conf_StageII_PWP4_CellP_2x2_8St_20240614	Measurement 1	Evaluation5	PlateResults_Plate4.txt	Plate4
Plate4R14C03	14	3	1	0	308	4	0		0.4			Instrument	http://harmony-pc.pharmacy.ohio-state.edu/ODA/OdaService.asmx	b3d4c2da-a136-4ae4-afa2-84ad5084d199	ZL_SS_H9C2_20XH2O_Conf_StageII_PWP4_CellP_2x2_8St_20240614	Measurement 1	Evaluation5	PlateResults_Plate4.txt	Plate4
Plate4R14C04	14	4	1	0	30	4	0		0.4			Instrument	http://harmony-pc.pharmacy.ohio-state.edu/ODA/OdaService.asmx	b3d4c2da-a136-4ae4-afa2-84ad5084d199	ZL_SS_H9C2_20XH2O_Conf_StageII_PWP4_CellP_2x2_8St_20240614	Measurement 1	Evaluation5	PlateResults_Plate4.txt	Plate4
Plate4R14C05	14	5	1	0	391	4	0		0.4			Instrument	http://harmony-pc.pharmacy.ohio-state.edu/ODA/OdaService.asmx	b3d4c2da-a136-4ae4-afa2-84ad5084d199	ZL_SS_H9C2_20XH2O_Conf_StageII_PWP4_CellP_2x2_8St_20240614	Measurement 1	Evaluation5	PlateResults_Plate4.txt	Plate4
Plate4R14C06	14	6	1	0	294	4	0		0.4			Instrument	http://harmony-pc.pharmacy.ohio-state.edu/ODA/OdaService.asmx	b3d4c2da-a136-4ae4-afa2-84ad5084d199	ZL_SS_H9C2_20XH2O_Conf_StageII_PWP4_CellP_2x2_8St_20240614	Measurement 1	Evaluation5	PlateResults_Plate4.txt	Plate4
Plate4R14C07	14	7	1	0	96	4	0		0.4			Instrument	http://harmony-pc.pharmacy.ohio-state.edu/ODA/OdaService.asmx	b3d4c2da-a136-4ae4-afa2-84ad5084d199	ZL_SS_H9C2_20XH2O_Conf_StageII_PWP4_CellP_2x2_8St_20240614	Measurement 1	Evaluation5	PlateResults_Plate4.txt	Plate4
Plate4R14C08	14	8	1	0	515	4	0		0.4			Instrument	http://harmony-pc.pharmacy.ohio-state.edu/ODA/OdaService.asmx	b3d4c2da-a136-4ae4-afa2-84ad5084d199	ZL_SS_H9C2_20XH2O_Conf_StageII_PWP4_CellP_2x2_8St_20240614	Measurement 1	Evaluation5	PlateResults_Plate4.txt	Plate4
Plate4R14C09	14	9	1	0	334	4	0		0.4			Instrument	http://harmony-pc.pharmacy.ohio-state.edu/ODA/OdaService.asmx	b3d4c2da-a136-4ae4-afa2-84ad5084d199	ZL_SS_H9C2_20XH2O_Conf_StageII_PWP4_CellP_2x2_8St_20240614	Measurement 1	Evaluation5	PlateResults_Plate4.txt	Plate4
Plate4R14C10	14	10	1	0	421	4	0		0.4			Instrument	http://harmony-pc.pharmacy.ohio-state.edu/ODA/OdaService.asmx	b3d4c2da-a136-4ae4-afa2-84ad5084d199	ZL_SS_H9C2_20XH2O_Conf_StageII_PWP4_CellP_2x2_8St_20240614	Measurement 1	Evaluation5	PlateResults_Plate4.txt	Plate4
Plate4R14C11	14	11	1	0	353	4	0		0.4			Instrument	http://harmony-pc.pharmacy.ohio-state.edu/ODA/OdaService.asmx	b3d4c2da-a136-4ae4-afa2-84ad5084d199	ZL_SS_H9C2_20XH2O_Conf_StageII_PWP4_CellP_2x2_8St_20240614	Measurement 1	Evaluation5	PlateResults_Plate4.txt	Plate4
Plate4R14C12	14	12	1	0	319	4	0		0.4			Instrument	http://harmony-pc.pharmacy.ohio-state.edu/ODA/OdaService.asmx	b3d4c2da-a136-4ae4-afa2-84ad5084d199	ZL_SS_H9C2_20XH2O_Conf_StageII_PWP4_CellP_2x2_8St_20240614	Measurement 1	Evaluation5	PlateResults_Plate4.txt	Plate4
Plate4R14C13	14	13	1	0	411	4	0		0.4			Instrument	http://harmony-pc.pharmacy.ohio-state.edu/ODA/OdaService.asmx	b3d4c2da-a136-4ae4-afa2-84ad5084d199	ZL_SS_H9C2_20XH2O_Conf_StageII_PWP4_CellP_2x2_8St_20240614	Measurement 1	Evaluation5	PlateResults_Plate4.txt	Plate4
Plate4R14C14	14	14	1	0	373	4	0		0.4			Instrument	http://harmony-pc.pharmacy.ohio-state.edu/ODA/OdaService.asmx	b3d4c2da-a136-4ae4-afa2-84ad5084d199	ZL_SS_H9C2_20XH2O_Conf_StageII_PWP4_CellP_2x2_8St_20240614	Measurement 1	Evaluation5	PlateResults_Plate4.txt	Plate4
Plate4R14C15	14	15	1	0	110	4	0		0.4			Instrument	http://harmony-pc.pharmacy.ohio-state.edu/ODA/OdaService.asmx	b3d4c2da-a136-4ae4-afa2-84ad5084d199	ZL_SS_H9C2_20XH2O_Conf_StageII_PWP4_CellP_2x2_8St_20240614	Measurement 1	Evaluation5	PlateResults_Plate4.txt	Plate4
Plate4R14C16	14	16	1	0	393	4	0		0.4			Instrument	http://harmony-pc.pharmacy.ohio-state.edu/ODA/OdaService.asmx	b3d4c2da-a136-4ae4-afa2-84ad5084d199	ZL_SS_H9C2_20XH2O_Conf_StageII_PWP4_CellP_2x2_8St_20240614	Measurement 1	Evaluation5	PlateResults_Plate4.txt	Plate4
Plate4R14C17	14	17	1	0	408	4	0		0.4			Instrument	http://harmony-pc.pharmacy.ohio-state.edu/ODA/OdaService.asmx	b3d4c2da-a136-4ae4-afa2-84ad5084d199	ZL_SS_H9C2_20XH2O_Conf_StageII_PWP4_CellP_2x2_8St_20240614	Measurement 1	Evaluation5	PlateResults_Plate4.txt	Plate4
Plate4R14C18	14	18	1	0	353	4	0		0.4			Instrument	http://harmony-pc.pharmacy.ohio-state.edu/ODA/OdaService.asmx	b3d4c2da-a136-4ae4-afa2-84ad5084d199	ZL_SS_H9C2_20XH2O_Conf_StageII_PWP4_CellP_2x2_8St_20240614	Measurement 1	Evaluation5	PlateResults_Plate4.txt	Plate4
Plate4R14C19	14	19	1	0	346	4	0		0.4			Instrument	http://harmony-pc.pharmacy.ohio-state.edu/ODA/OdaService.asmx	b3d4c2da-a136-4ae4-afa2-84ad5084d199	ZL_SS_H9C2_20XH2O_Conf_StageII_PWP4_CellP_2x2_8St_20240614	Measurement 1	Evaluation5	PlateResults_Plate4.txt	Plate4
Plate4R14C20	14	20	1	0	319	4	0		0.4			Instrument	http://harmony-pc.pharmacy.ohio-state.edu/ODA/OdaService.asmx	b3d4c2da-a136-4ae4-afa2-84ad5084d199	ZL_SS_H9C2_20XH2O_Conf_StageII_PWP4_CellP_2x2_8St_20240614	Measurement 1	Evaluation5	PlateResults_Plate4.txt	Plate4
Plate4R14C21	14	21	1	0	374	4	0		0.4			Instrument	http://harmony-pc.pharmacy.ohio-state.edu/ODA/OdaService.asmx	b3d4c2da-a136-4ae4-afa2-84ad5084d199	ZL_SS_H9C2_20XH2O_Conf_StageII_PWP4_CellP_2x2_8St_20240614	Measurement 1	Evaluation5	PlateResults_Plate4.txt	Plate4
Plate4R14C22	14	22	1	0	340	4	0		0.4			Instrument	http://harmony-pc.pharmacy.ohio-state.edu/ODA/OdaService.asmx	b3d4c2da-a136-4ae4-afa2-84ad5084d199	ZL_SS_H9C2_20XH2O_Conf_StageII_PWP4_CellP_2x2_8St_20240614	Measurement 1	Evaluation5	PlateResults_Plate4.txt	Plate4
Plate4R14C23	14	23	1	0	313	4	0	Cabo	0.0823045267489712			Instrument	http://harmony-pc.pharmacy.ohio-state.edu/ODA/OdaService.asmx	b3d4c2da-a136-4ae4-afa2-84ad5084d199	ZL_SS_H9C2_20XH2O_Conf_StageII_PWP4_CellP_2x2_8St_20240614	Measurement 1	Evaluation5	PlateResults_Plate4.txt	Plate4
Plate4R14C24	14	24	1	0	288	4	0	Cabo	0.0823045267489712			Instrument	http://harmony-pc.pharmacy.ohio-state.edu/ODA/OdaService.asmx	b3d4c2da-a136-4ae4-afa2-84ad5084d199	ZL_SS_H9C2_20XH2O_Conf_StageII_PWP4_CellP_2x2_8St_20240614	Measurement 1	Evaluation5	PlateResults_Plate4.txt	Plate4
Plate4R15C01	15	1	1	0	177	4	0	Dacti	5.4869684499314e-4			Instrument	http://harmony-pc.pharmacy.ohio-state.edu/ODA/OdaService.asmx	b3d4c2da-a136-4ae4-afa2-84ad5084d199	ZL_SS_H9C2_20XH2O_Conf_StageII_PWP4_CellP_2x2_8St_20240614	Measurement 1	Evaluation5	PlateResults_Plate4.txt	Plate4
Plate4R15C02	15	2	1	0	206	4	0	Dacti	5.4869684499314e-4			Instrument	http://harmony-pc.pharmacy.ohio-state.edu/ODA/OdaService.asmx	b3d4c2da-a136-4ae4-afa2-84ad5084d199	ZL_SS_H9C2_20XH2O_Conf_StageII_PWP4_CellP_2x2_8St_20240614	Measurement 1	Evaluation5	PlateResults_Plate4.txt	Plate4
Plate4R15C03	15	3	1	0	290	4	0		0.4			Instrument	http://harmony-pc.pharmacy.ohio-state.edu/ODA/OdaService.asmx	b3d4c2da-a136-4ae4-afa2-84ad5084d199	ZL_SS_H9C2_20XH2O_Conf_StageII_PWP4_CellP_2x2_8St_20240614	Measurement 1	Evaluation5	PlateResults_Plate4.txt	Plate4
Plate4R15C04	15	4	1	0	331	4	0		0.4			Instrument	http://harmony-pc.pharmacy.ohio-state.edu/ODA/OdaService.asmx	b3d4c2da-a136-4ae4-afa2-84ad5084d199	ZL_SS_H9C2_20XH2O_Conf_StageII_PWP4_CellP_2x2_8St_20240614	Measurement 1	Evaluation5	PlateResults_Plate4.txt	Plate4
Plate4R15C05	15	5	1	0	373	4	0		0.4			Instrument	http://harmony-pc.pharmacy.ohio-state.edu/ODA/OdaService.asmx	b3d4c2da-a136-4ae4-afa2-84ad5084d199	ZL_SS_H9C2_20XH2O_Conf_StageII_PWP4_CellP_2x2_8St_20240614	Measurement 1	Evaluation5	PlateResults_Plate4.txt	Plate4
Plate4R15C06	15	6	1	0	269	4	0		0.4			Instrument	http://harmony-pc.pharmacy.ohio-state.edu/ODA/OdaService.asmx	b3d4c2da-a136-4ae4-afa2-84ad5084d199	ZL_SS_H9C2_20XH2O_Conf_StageII_PWP4_CellP_2x2_8St_20240614	Measurement 1	Evaluation5	PlateResults_Plate4.txt	Plate4
Plate4R15C07	15	7	1	0	354	4	0		0.4			Instrument	http://harmony-pc.pharmacy.ohio-state.edu/ODA/OdaService.asmx	b3d4c2da-a136-4ae4-afa2-84ad5084d199	ZL_SS_H9C2_20XH2O_Conf_StageII_PWP4_CellP_2x2_8St_20240614	Measurement 1	Evaluation5	PlateResults_Plate4.txt	Plate4
Plate4R15C08	15	8	1	0	358	4	0		0.4			Instrument	http://harmony-pc.pharmacy.ohio-state.edu/ODA/OdaService.asmx	b3d4c2da-a136-4ae4-afa2-84ad5084d199	ZL_SS_H9C2_20XH2O_Conf_StageII_PWP4_CellP_2x2_8St_20240614	Measurement 1	Evaluation5	PlateResults_Plate4.txt	Plate4
Plate4R15C09	15	9	1	0	374	4	0		0.4			Instrument	http://harmony-pc.pharmacy.ohio-state.edu/ODA/OdaService.asmx	b3d4c2da-a136-4ae4-afa2-84ad5084d199	ZL_SS_H9C2_20XH2O_Conf_StageII_PWP4_CellP_2x2_8St_20240614	Measurement 1	Evaluation5	PlateResults_Plate4.txt	Plate4
Plate4R15C10	15	10	1	0	376	4	0		0.4			Instrument	http://harmony-pc.pharmacy.ohio-state.edu/ODA/OdaService.asmx	b3d4c2da-a136-4ae4-afa2-84ad5084d199	ZL_SS_H9C2_20XH2O_Conf_StageII_PWP4_CellP_2x2_8St_20240614	Measurement 1	Evaluation5	PlateResults_Plate4.txt	Plate4
Plate4R15C11	15	11	1	0	307	4	0		0.4			Instrument	http://harmony-pc.pharmacy.ohio-state.edu/ODA/OdaService.asmx	b3d4c2da-a136-4ae4-afa2-84ad5084d199	ZL_SS_H9C2_20XH2O_Conf_StageII_PWP4_CellP_2x2_8St_20240614	Measurement 1	Evaluation5	PlateResults_Plate4.txt	Plate4
Plate4R15C12	15	12	1	0	261	4	0		0.4			Instrument	http://harmony-pc.pharmacy.ohio-state.edu/ODA/OdaService.asmx	b3d4c2da-a136-4ae4-afa2-84ad5084d199	ZL_SS_H9C2_20XH2O_Conf_StageII_PWP4_CellP_2x2_8St_20240614	Measurement 1	Evaluation5	PlateResults_Plate4.txt	Plate4
Plate4R15C13	15	13	1	0	430	4	0		0.4			Instrument	http://harmony-pc.pharmacy.ohio-state.edu/ODA/OdaService.asmx	b3d4c2da-a136-4ae4-afa2-84ad5084d199	ZL_SS_H9C2_20XH2O_Conf_StageII_PWP4_CellP_2x2_8St_20240614	Measurement 1	Evaluation5	PlateResults_Plate4.txt	Plate4
Plate4R15C14	15	14	1	0	339	4	0		0.4			Instrument	http://harmony-pc.pharmacy.ohio-state.edu/ODA/OdaService.asmx	b3d4c2da-a136-4ae4-afa2-84ad5084d199	ZL_SS_H9C2_20XH2O_Conf_StageII_PWP4_CellP_2x2_8St_20240614	Measurement 1	Evaluation5	PlateResults_Plate4.txt	Plate4
Plate4R15C15	15	15	1	1	208	4	0		0.4			Instrument	http://harmony-pc.pharmacy.ohio-state.edu/ODA/OdaService.asmx	b3d4c2da-a136-4ae4-afa2-84ad5084d199	ZL_SS_H9C2_20XH2O_Conf_StageII_PWP4_CellP_2x2_8St_20240614	Measurement 1	Evaluation5	PlateResults_Plate4.txt	Plate4
Plate4R15C16	15	16	1	0	362	4	0		0.4			Instrument	http://harmony-pc.pharmacy.ohio-state.edu/ODA/OdaService.asmx	b3d4c2da-a136-4ae4-afa2-84ad5084d199	ZL_SS_H9C2_20XH2O_Conf_StageII_PWP4_CellP_2x2_8St_20240614	Measurement 1	Evaluation5	PlateResults_Plate4.txt	Plate4
Plate4R15C17	15	17	1	0	366	4	0		0.4			Instrument	http://harmony-pc.pharmacy.ohio-state.edu/ODA/OdaService.asmx	b3d4c2da-a136-4ae4-afa2-84ad5084d199	ZL_SS_H9C2_20XH2O_Conf_StageII_PWP4_CellP_2x2_8St_20240614	Measurement 1	Evaluation5	PlateResults_Plate4.txt	Plate4
Plate4R15C18	15	18	1	0	345	4	0		0.4			Instrument	http://harmony-pc.pharmacy.ohio-state.edu/ODA/OdaService.asmx	b3d4c2da-a136-4ae4-afa2-84ad5084d199	ZL_SS_H9C2_20XH2O_Conf_StageII_PWP4_CellP_2x2_8St_20240614	Measurement 1	Evaluation5	PlateResults_Plate4.txt	Plate4
Plate4R15C19	15	19	1	0	416	4	0		0.4			Instrument	http://harmony-pc.pharmacy.ohio-state.edu/ODA/OdaService.asmx	b3d4c2da-a136-4ae4-afa2-84ad5084d199	ZL_SS_H9C2_20XH2O_Conf_StageII_PWP4_CellP_2x2_8St_20240614	Measurement 1	Evaluation5	PlateResults_Plate4.txt	Plate4
Plate4R15C20	15	20	1	0	355	4	0		0.4			Instrument	http://harmony-pc.pharmacy.ohio-state.edu/ODA/OdaService.asmx	b3d4c2da-a136-4ae4-afa2-84ad5084d199	ZL_SS_H9C2_20XH2O_Conf_StageII_PWP4_CellP_2x2_8St_20240614	Measurement 1	Evaluation5	PlateResults_Plate4.txt	Plate4
Plate4R15C21	15	21	1	0	171	4	0		0.4			Instrument	http://harmony-pc.pharmacy.ohio-state.edu/ODA/OdaService.asmx	b3d4c2da-a136-4ae4-afa2-84ad5084d199	ZL_SS_H9C2_20XH2O_Conf_StageII_PWP4_CellP_2x2_8St_20240614	Measurement 1	Evaluation5	PlateResults_Plate4.txt	Plate4
Plate4R15C22	15	22	1	0	303	4	0		0.4			Instrument	http://harmony-pc.pharmacy.ohio-state.edu/ODA/OdaService.asmx	b3d4c2da-a136-4ae4-afa2-84ad5084d199	ZL_SS_H9C2_20XH2O_Conf_StageII_PWP4_CellP_2x2_8St_20240614	Measurement 1	Evaluation5	PlateResults_Plate4.txt	Plate4
Plate4R15C23	15	23	1	0	341	4	0	Cabo	0.0274348422496571			Instrument	http://harmony-pc.pharmacy.ohio-state.edu/ODA/OdaService.asmx	b3d4c2da-a136-4ae4-afa2-84ad5084d199	ZL_SS_H9C2_20XH2O_Conf_StageII_PWP4_CellP_2x2_8St_20240614	Measurement 1	Evaluation5	PlateResults_Plate4.txt	Plate4
Plate4R15C24	15	24	1	0	352	4	0	Cabo	0.0274348422496571			Instrument	http://harmony-pc.pharmacy.ohio-state.edu/ODA/OdaService.asmx	b3d4c2da-a136-4ae4-afa2-84ad5084d199	ZL_SS_H9C2_20XH2O_Conf_StageII_PWP4_CellP_2x2_8St_20240614	Measurement 1	Evaluation5	PlateResults_Plate4.txt	Plate4
Plate4R16C01	16	1	1	0	305	4	0	Dacti	1.8289894833104e-4			Instrument	http://harmony-pc.pharmacy.ohio-state.edu/ODA/OdaService.asmx	b3d4c2da-a136-4ae4-afa2-84ad5084d199	ZL_SS_H9C2_20XH2O_Conf_StageII_PWP4_CellP_2x2_8St_20240614	Measurement 1	Evaluation5	PlateResults_Plate4.txt	Plate4
Plate4R16C02	16	2	1	0	247	4	0	Dacti	1.8289894833104e-4			Instrument	http://harmony-pc.pharmacy.ohio-state.edu/ODA/OdaService.asmx	b3d4c2da-a136-4ae4-afa2-84ad5084d199	ZL_SS_H9C2_20XH2O_Conf_StageII_PWP4_CellP_2x2_8St_20240614	Measurement 1	Evaluation5	PlateResults_Plate4.txt	Plate4
Plate4R16C03	16	3	1	0	301	4	0		0.4			Instrument	http://harmony-pc.pharmacy.ohio-state.edu/ODA/OdaService.asmx	b3d4c2da-a136-4ae4-afa2-84ad5084d199	ZL_SS_H9C2_20XH2O_Conf_StageII_PWP4_CellP_2x2_8St_20240614	Measurement 1	Evaluation5	PlateResults_Plate4.txt	Plate4
Plate4R16C04	16	4	1	0	279	4	0		0.4			Instrument	http://harmony-pc.pharmacy.ohio-state.edu/ODA/OdaService.asmx	b3d4c2da-a136-4ae4-afa2-84ad5084d199	ZL_SS_H9C2_20XH2O_Conf_StageII_PWP4_CellP_2x2_8St_20240614	Measurement 1	Evaluation5	PlateResults_Plate4.txt	Plate4
Plate4R16C05	16	5	1	0	264	4	0		0.4			Instrument	http://harmony-pc.pharmacy.ohio-state.edu/ODA/OdaService.asmx	b3d4c2da-a136-4ae4-afa2-84ad5084d199	ZL_SS_H9C2_20XH2O_Conf_StageII_PWP4_CellP_2x2_8St_20240614	Measurement 1	Evaluation5	PlateResults_Plate4.txt	Plate4
Plate4R16C06	16	6	1	0	272	4	0		0.4			Instrument	http://harmony-pc.pharmacy.ohio-state.edu/ODA/OdaService.asmx	b3d4c2da-a136-4ae4-afa2-84ad5084d199	ZL_SS_H9C2_20XH2O_Conf_StageII_PWP4_CellP_2x2_8St_20240614	Measurement 1	Evaluation5	PlateResults_Plate4.txt	Plate4
Plate4R16C07	16	7	1	0	283	4	0		0.4			Instrument	http://harmony-pc.pharmacy.ohio-state.edu/ODA/OdaService.asmx	b3d4c2da-a136-4ae4-afa2-84ad5084d199	ZL_SS_H9C2_20XH2O_Conf_StageII_PWP4_CellP_2x2_8St_20240614	Measurement 1	Evaluation5	PlateResults_Plate4.txt	Plate4
Plate4R16C08	16	8	1	0	206	4	0		0.4			Instrument	http://harmony-pc.pharmacy.ohio-state.edu/ODA/OdaService.asmx	b3d4c2da-a136-4ae4-afa2-84ad5084d199	ZL_SS_H9C2_20XH2O_Conf_StageII_PWP4_CellP_2x2_8St_20240614	Measurement 1	Evaluation5	PlateResults_Plate4.txt	Plate4
Plate4R16C09	16	9	1	0	346	4	0		0.4			Instrument	http://harmony-pc.pharmacy.ohio-state.edu/ODA/OdaService.asmx	b3d4c2da-a136-4ae4-afa2-84ad5084d199	ZL_SS_H9C2_20XH2O_Conf_StageII_PWP4_CellP_2x2_8St_20240614	Measurement 1	Evaluation5	PlateResults_Plate4.txt	Plate4
Plate4R16C10	16	10	1	0	411	4	0		0.4			Instrument	http://harmony-pc.pharmacy.ohio-state.edu/ODA/OdaService.asmx	b3d4c2da-a136-4ae4-afa2-84ad5084d199	ZL_SS_H9C2_20XH2O_Conf_StageII_PWP4_CellP_2x2_8St_20240614	Measurement 1	Evaluation5	PlateResults_Plate4.txt	Plate4
Plate4R16C11	16	11	1	0	362	4	0		0.4			Instrument	http://harmony-pc.pharmacy.ohio-state.edu/ODA/OdaService.asmx	b3d4c2da-a136-4ae4-afa2-84ad5084d199	ZL_SS_H9C2_20XH2O_Conf_StageII_PWP4_CellP_2x2_8St_20240614	Measurement 1	Evaluation5	PlateResults_Plate4.txt	Plate4
Plate4R16C12	16	12	1	0	320	4	0		0.4			Instrument	http://harmony-pc.pharmacy.ohio-state.edu/ODA/OdaService.asmx	b3d4c2da-a136-4ae4-afa2-84ad5084d199	ZL_SS_H9C2_20XH2O_Conf_StageII_PWP4_CellP_2x2_8St_20240614	Measurement 1	Evaluation5	PlateResults_Plate4.txt	Plate4
Plate4R16C13	16	13	1	0	375	4	0		0.4			Instrument	http://harmony-pc.pharmacy.ohio-state.edu/ODA/OdaService.asmx	b3d4c2da-a136-4ae4-afa2-84ad5084d199	ZL_SS_H9C2_20XH2O_Conf_StageII_PWP4_CellP_2x2_8St_20240614	Measurement 1	Evaluation5	PlateResults_Plate4.txt	Plate4
Plate4R16C14	16	14	1	0	319	4	0		0.4			Instrument	http://harmony-pc.pharmacy.ohio-state.edu/ODA/OdaService.asmx	b3d4c2da-a136-4ae4-afa2-84ad5084d199	ZL_SS_H9C2_20XH2O_Conf_StageII_PWP4_CellP_2x2_8St_20240614	Measurement 1	Evaluation5	PlateResults_Plate4.txt	Plate4
Plate4R16C15	16	15	1	0	337	4	0		0.4			Instrument	http://harmony-pc.pharmacy.ohio-state.edu/ODA/OdaService.asmx	b3d4c2da-a136-4ae4-afa2-84ad5084d199	ZL_SS_H9C2_20XH2O_Conf_StageII_PWP4_CellP_2x2_8St_20240614	Measurement 1	Evaluation5	PlateResults_Plate4.txt	Plate4
Plate4R16C16	16	16	1	0	298	4	0		0.4			Instrument	http://harmony-pc.pharmacy.ohio-state.edu/ODA/OdaService.asmx	b3d4c2da-a136-4ae4-afa2-84ad5084d199	ZL_SS_H9C2_20XH2O_Conf_StageII_PWP4_CellP_2x2_8St_20240614	Measurement 1	Evaluation5	PlateResults_Plate4.txt	Plate4
Plate4R16C17	16	17	1	0	261	4	0		0.4			Instrument	http://harmony-pc.pharmacy.ohio-state.edu/ODA/OdaService.asmx	b3d4c2da-a136-4ae4-afa2-84ad5084d199	ZL_SS_H9C2_20XH2O_Conf_StageII_PWP4_CellP_2x2_8St_20240614	Measurement 1	Evaluation5	PlateResults_Plate4.txt	Plate4
Plate4R16C18	16	18	1	0	239	4	0		0.4			Instrument	http://harmony-pc.pharmacy.ohio-state.edu/ODA/OdaService.asmx	b3d4c2da-a136-4ae4-afa2-84ad5084d199	ZL_SS_H9C2_20XH2O_Conf_StageII_PWP4_CellP_2x2_8St_20240614	Measurement 1	Evaluation5	PlateResults_Plate4.txt	Plate4
Plate4R16C19	16	19	1	0	294	4	0		0.4			Instrument	http://harmony-pc.pharmacy.ohio-state.edu/ODA/OdaService.asmx	b3d4c2da-a136-4ae4-afa2-84ad5084d199	ZL_SS_H9C2_20XH2O_Conf_StageII_PWP4_CellP_2x2_8St_20240614	Measurement 1	Evaluation5	PlateResults_Plate4.txt	Plate4
Plate4R16C20	16	20	1	0	308	4	0		0.4			Instrument	http://harmony-pc.pharmacy.ohio-state.edu/ODA/OdaService.asmx	b3d4c2da-a136-4ae4-afa2-84ad5084d199	ZL_SS_H9C2_20XH2O_Conf_StageII_PWP4_CellP_2x2_8St_20240614	Measurement 1	Evaluation5	PlateResults_Plate4.txt	Plate4
Plate4R16C21	16	21	1	0	331	4	0		0.4			Instrument	http://harmony-pc.pharmacy.ohio-state.edu/ODA/OdaService.asmx	b3d4c2da-a136-4ae4-afa2-84ad5084d199	ZL_SS_H9C2_20XH2O_Conf_StageII_PWP4_CellP_2x2_8St_20240614	Measurement 1	Evaluation5	PlateResults_Plate4.txt	Plate4
Plate4R16C22	16	22	1	0	340	4	0		0.4			Instrument	http://harmony-pc.pharmacy.ohio-state.edu/ODA/OdaService.asmx	b3d4c2da-a136-4ae4-afa2-84ad5084d199	ZL_SS_H9C2_20XH2O_Conf_StageII_PWP4_CellP_2x2_8St_20240614	Measurement 1	Evaluation5	PlateResults_Plate4.txt	Plate4
Plate4R16C23	16	23	1	0	377	4	0	Cabo	0.00914494741655235			Instrument	http://harmony-pc.pharmacy.ohio-state.edu/ODA/OdaService.asmx	b3d4c2da-a136-4ae4-afa2-84ad5084d199	ZL_SS_H9C2_20XH2O_Conf_StageII_PWP4_CellP_2x2_8St_20240614	Measurement 1	Evaluation5	PlateResults_Plate4.txt	Plate4
Plate4R16C24	16	24	1	0	377	4	0	Cabo	0.00914494741655235			Instrument	http://harmony-pc.pharmacy.ohio-state.edu/ODA/OdaService.asmx	b3d4c2da-a136-4ae4-afa2-84ad5084d199	ZL_SS_H9C2_20XH2O_Conf_StageII_PWP4_CellP_2x2_8St_20240614	Measurement 1	Evaluation5	PlateResults_Plate4.txt	Plate4
Plate5R01C01	1	1	1	0	413	4	0	DMSO	0.001			Instrument	http://harmony-pc.pharmacy.ohio-state.edu/ODA/OdaService.asmx	9e3b3138-fde2-4afd-8a8d-2822c23a5a10	ZL_SS_H9C2_20XH2O_Conf_StageII_PWP5_CellP_2x2_8St_20240614	Measurement 1	Evaluation5	PlateResults_Plate5.txt	Plate5
Plate5R01C02	1	2	1	0	385	4	0	DMSO	0.001			Instrument	http://harmony-pc.pharmacy.ohio-state.edu/ODA/OdaService.asmx	9e3b3138-fde2-4afd-8a8d-2822c23a5a10	ZL_SS_H9C2_20XH2O_Conf_StageII_PWP5_CellP_2x2_8St_20240614	Measurement 1	Evaluation5	PlateResults_Plate5.txt	Plate5
Plate5R01C03	1	3	1	0	361	4	0		0.4			Instrument	http://harmony-pc.pharmacy.ohio-state.edu/ODA/OdaService.asmx	9e3b3138-fde2-4afd-8a8d-2822c23a5a10	ZL_SS_H9C2_20XH2O_Conf_StageII_PWP5_CellP_2x2_8St_20240614	Measurement 1	Evaluation5	PlateResults_Plate5.txt	Plate5
Plate5R01C04	1	4	1	0	406	4	0		0.4			Instrument	http://harmony-pc.pharmacy.ohio-state.edu/ODA/OdaService.asmx	9e3b3138-fde2-4afd-8a8d-2822c23a5a10	ZL_SS_H9C2_20XH2O_Conf_StageII_PWP5_CellP_2x2_8St_20240614	Measurement 1	Evaluation5	PlateResults_Plate5.txt	Plate5
Plate5R01C05	1	5	1	0	471	4	0		0.4			Instrument	http://harmony-pc.pharmacy.ohio-state.edu/ODA/OdaService.asmx	9e3b3138-fde2-4afd-8a8d-2822c23a5a10	ZL_SS_H9C2_20XH2O_Conf_StageII_PWP5_CellP_2x2_8St_20240614	Measurement 1	Evaluation5	PlateResults_Plate5.txt	Plate5
Plate5R01C06	1	6	1	0	446	4	0		0.4			Instrument	http://harmony-pc.pharmacy.ohio-state.edu/ODA/OdaService.asmx	9e3b3138-fde2-4afd-8a8d-2822c23a5a10	ZL_SS_H9C2_20XH2O_Conf_StageII_PWP5_CellP_2x2_8St_20240614	Measurement 1	Evaluation5	PlateResults_Plate5.txt	Plate5
Plate5R01C07	1	7	1	0	390	4	0		0.4			Instrument	http://harmony-pc.pharmacy.ohio-state.edu/ODA/OdaService.asmx	9e3b3138-fde2-4afd-8a8d-2822c23a5a10	ZL_SS_H9C2_20XH2O_Conf_StageII_PWP5_CellP_2x2_8St_20240614	Measurement 1	Evaluation5	PlateResults_Plate5.txt	Plate5
Plate5R01C08	1	8	1	0	426	4	0		0.4			Instrument	http://harmony-pc.pharmacy.ohio-state.edu/ODA/OdaService.asmx	9e3b3138-fde2-4afd-8a8d-2822c23a5a10	ZL_SS_H9C2_20XH2O_Conf_StageII_PWP5_CellP_2x2_8St_20240614	Measurement 1	Evaluation5	PlateResults_Plate5.txt	Plate5
Plate5R01C09	1	9	1	0	337	4	0		0.4			Instrument	http://harmony-pc.pharmacy.ohio-state.edu/ODA/OdaService.asmx	9e3b3138-fde2-4afd-8a8d-2822c23a5a10	ZL_SS_H9C2_20XH2O_Conf_StageII_PWP5_CellP_2x2_8St_20240614	Measurement 1	Evaluation5	PlateResults_Plate5.txt	Plate5
Plate5R01C10	1	10	1	0	461	4	0		0.4			Instrument	http://harmony-pc.pharmacy.ohio-state.edu/ODA/OdaService.asmx	9e3b3138-fde2-4afd-8a8d-2822c23a5a10	ZL_SS_H9C2_20XH2O_Conf_StageII_PWP5_CellP_2x2_8St_20240614	Measurement 1	Evaluation5	PlateResults_Plate5.txt	Plate5
Plate5R01C11	1	11	1	0	442	4	0		0.4			Instrument	http://harmony-pc.pharmacy.ohio-state.edu/ODA/OdaService.asmx	9e3b3138-fde2-4afd-8a8d-2822c23a5a10	ZL_SS_H9C2_20XH2O_Conf_StageII_PWP5_CellP_2x2_8St_20240614	Measurement 1	Evaluation5	PlateResults_Plate5.txt	Plate5
Plate5R01C12	1	12	1	0	441	4	0		0.4			Instrument	http://harmony-pc.pharmacy.ohio-state.edu/ODA/OdaService.asmx	9e3b3138-fde2-4afd-8a8d-2822c23a5a10	ZL_SS_H9C2_20XH2O_Conf_StageII_PWP5_CellP_2x2_8St_20240614	Measurement 1	Evaluation5	PlateResults_Plate5.txt	Plate5
Plate5R01C13	1	13	1	0	379	4	0		0.4			Instrument	http://harmony-pc.pharmacy.ohio-state.edu/ODA/OdaService.asmx	9e3b3138-fde2-4afd-8a8d-2822c23a5a10	ZL_SS_H9C2_20XH2O_Conf_StageII_PWP5_CellP_2x2_8St_20240614	Measurement 1	Evaluation5	PlateResults_Plate5.txt	Plate5
Plate5R01C14	1	14	1	0	406	4	0		0.4			Instrument	http://harmony-pc.pharmacy.ohio-state.edu/ODA/OdaService.asmx	9e3b3138-fde2-4afd-8a8d-2822c23a5a10	ZL_SS_H9C2_20XH2O_Conf_StageII_PWP5_CellP_2x2_8St_20240614	Measurement 1	Evaluation5	PlateResults_Plate5.txt	Plate5
Plate5R01C15	1	15	1	0	304	4	0		0.4			Instrument	http://harmony-pc.pharmacy.ohio-state.edu/ODA/OdaService.asmx	9e3b3138-fde2-4afd-8a8d-2822c23a5a10	ZL_SS_H9C2_20XH2O_Conf_StageII_PWP5_CellP_2x2_8St_20240614	Measurement 1	Evaluation5	PlateResults_Plate5.txt	Plate5
Plate5R01C16	1	16	1	0	375	4	0		0.4			Instrument	http://harmony-pc.pharmacy.ohio-state.edu/ODA/OdaService.asmx	9e3b3138-fde2-4afd-8a8d-2822c23a5a10	ZL_SS_H9C2_20XH2O_Conf_StageII_PWP5_CellP_2x2_8St_20240614	Measurement 1	Evaluation5	PlateResults_Plate5.txt	Plate5
Plate5R01C17	1	17	1	0	41	4	0		0.4			Instrument	http://harmony-pc.pharmacy.ohio-state.edu/ODA/OdaService.asmx	9e3b3138-fde2-4afd-8a8d-2822c23a5a10	ZL_SS_H9C2_20XH2O_Conf_StageII_PWP5_CellP_2x2_8St_20240614	Measurement 1	Evaluation5	PlateResults_Plate5.txt	Plate5
Plate5R01C18	1	18	1	0	399	4	0		0.4			Instrument	http://harmony-pc.pharmacy.ohio-state.edu/ODA/OdaService.asmx	9e3b3138-fde2-4afd-8a8d-2822c23a5a10	ZL_SS_H9C2_20XH2O_Conf_StageII_PWP5_CellP_2x2_8St_20240614	Measurement 1	Evaluation5	PlateResults_Plate5.txt	Plate5
Plate5R01C19	1	19	1	0	374	4	0		0.4			Instrument	http://harmony-pc.pharmacy.ohio-state.edu/ODA/OdaService.asmx	9e3b3138-fde2-4afd-8a8d-2822c23a5a10	ZL_SS_H9C2_20XH2O_Conf_StageII_PWP5_CellP_2x2_8St_20240614	Measurement 1	Evaluation5	PlateResults_Plate5.txt	Plate5
Plate5R01C20	1	20	1	0	432	4	0		0.4			Instrument	http://harmony-pc.pharmacy.ohio-state.edu/ODA/OdaService.asmx	9e3b3138-fde2-4afd-8a8d-2822c23a5a10	ZL_SS_H9C2_20XH2O_Conf_StageII_PWP5_CellP_2x2_8St_20240614	Measurement 1	Evaluation5	PlateResults_Plate5.txt	Plate5
Plate5R01C21	1	21	1	0	337	4	0		0.4			Instrument	http://harmony-pc.pharmacy.ohio-state.edu/ODA/OdaService.asmx	9e3b3138-fde2-4afd-8a8d-2822c23a5a10	ZL_SS_H9C2_20XH2O_Conf_StageII_PWP5_CellP_2x2_8St_20240614	Measurement 1	Evaluation5	PlateResults_Plate5.txt	Plate5
Plate5R01C22	1	22	1	0	338	4	0		0.4			Instrument	http://harmony-pc.pharmacy.ohio-state.edu/ODA/OdaService.asmx	9e3b3138-fde2-4afd-8a8d-2822c23a5a10	ZL_SS_H9C2_20XH2O_Conf_StageII_PWP5_CellP_2x2_8St_20240614	Measurement 1	Evaluation5	PlateResults_Plate5.txt	Plate5
Plate5R01C23	1	23	1	0	94	4	0	Axit	20			Instrument	http://harmony-pc.pharmacy.ohio-state.edu/ODA/OdaService.asmx	9e3b3138-fde2-4afd-8a8d-2822c23a5a10	ZL_SS_H9C2_20XH2O_Conf_StageII_PWP5_CellP_2x2_8St_20240614	Measurement 1	Evaluation5	PlateResults_Plate5.txt	Plate5
Plate5R01C24	1	24	1	0	75	4	0	Axit	20			Instrument	http://harmony-pc.pharmacy.ohio-state.edu/ODA/OdaService.asmx	9e3b3138-fde2-4afd-8a8d-2822c23a5a10	ZL_SS_H9C2_20XH2O_Conf_StageII_PWP5_CellP_2x2_8St_20240614	Measurement 1	Evaluation5	PlateResults_Plate5.txt	Plate5
Plate5R02C01	2	1	1	0	393	4	0	DMSO	0.001			Instrument	http://harmony-pc.pharmacy.ohio-state.edu/ODA/OdaService.asmx	9e3b3138-fde2-4afd-8a8d-2822c23a5a10	ZL_SS_H9C2_20XH2O_Conf_StageII_PWP5_CellP_2x2_8St_20240614	Measurement 1	Evaluation5	PlateResults_Plate5.txt	Plate5
Plate5R02C02	2	2	1	0	487	4	0	DMSO				Instrument	http://harmony-pc.pharmacy.ohio-state.edu/ODA/OdaService.asmx	9e3b3138-fde2-4afd-8a8d-2822c23a5a10	ZL_SS_H9C2_20XH2O_Conf_StageII_PWP5_CellP_2x2_8St_20240614	Measurement 1	Evaluation5	PlateResults_Plate5.txt	Plate5
Plate5R02C03	2	3	1	0	503	4	0		0.4			Instrument	http://harmony-pc.pharmacy.ohio-state.edu/ODA/OdaService.asmx	9e3b3138-fde2-4afd-8a8d-2822c23a5a10	ZL_SS_H9C2_20XH2O_Conf_StageII_PWP5_CellP_2x2_8St_20240614	Measurement 1	Evaluation5	PlateResults_Plate5.txt	Plate5
Plate5R02C04	2	4	1	0	409	4	0		0.4			Instrument	http://harmony-pc.pharmacy.ohio-state.edu/ODA/OdaService.asmx	9e3b3138-fde2-4afd-8a8d-2822c23a5a10	ZL_SS_H9C2_20XH2O_Conf_StageII_PWP5_CellP_2x2_8St_20240614	Measurement 1	Evaluation5	PlateResults_Plate5.txt	Plate5
Plate5R02C05	2	5	1	0	445	4	0		0.4			Instrument	http://harmony-pc.pharmacy.ohio-state.edu/ODA/OdaService.asmx	9e3b3138-fde2-4afd-8a8d-2822c23a5a10	ZL_SS_H9C2_20XH2O_Conf_StageII_PWP5_CellP_2x2_8St_20240614	Measurement 1	Evaluation5	PlateResults_Plate5.txt	Plate5
Plate5R02C06	2	6	1	0	347	4	0		0.4			Instrument	http://harmony-pc.pharmacy.ohio-state.edu/ODA/OdaService.asmx	9e3b3138-fde2-4afd-8a8d-2822c23a5a10	ZL_SS_H9C2_20XH2O_Conf_StageII_PWP5_CellP_2x2_8St_20240614	Measurement 1	Evaluation5	PlateResults_Plate5.txt	Plate5
Plate5R02C07	2	7	1	0	376	4	0		0.4			Instrument	http://harmony-pc.pharmacy.ohio-state.edu/ODA/OdaService.asmx	9e3b3138-fde2-4afd-8a8d-2822c23a5a10	ZL_SS_H9C2_20XH2O_Conf_StageII_PWP5_CellP_2x2_8St_20240614	Measurement 1	Evaluation5	PlateResults_Plate5.txt	Plate5
Plate5R02C08	2	8	1	0	460	4	0		0.4			Instrument	http://harmony-pc.pharmacy.ohio-state.edu/ODA/OdaService.asmx	9e3b3138-fde2-4afd-8a8d-2822c23a5a10	ZL_SS_H9C2_20XH2O_Conf_StageII_PWP5_CellP_2x2_8St_20240614	Measurement 1	Evaluation5	PlateResults_Plate5.txt	Plate5
Plate5R02C09	2	9	1	0	448	4	0		0.4			Instrument	http://harmony-pc.pharmacy.ohio-state.edu/ODA/OdaService.asmx	9e3b3138-fde2-4afd-8a8d-2822c23a5a10	ZL_SS_H9C2_20XH2O_Conf_StageII_PWP5_CellP_2x2_8St_20240614	Measurement 1	Evaluation5	PlateResults_Plate5.txt	Plate5
Plate5R02C10	2	10	1	0	386	4	0		0.4			Instrument	http://harmony-pc.pharmacy.ohio-state.edu/ODA/OdaService.asmx	9e3b3138-fde2-4afd-8a8d-2822c23a5a10	ZL_SS_H9C2_20XH2O_Conf_StageII_PWP5_CellP_2x2_8St_20240614	Measurement 1	Evaluation5	PlateResults_Plate5.txt	Plate5
Plate5R02C11	2	11	1	0	404	4	0		0.4			Instrument	http://harmony-pc.pharmacy.ohio-state.edu/ODA/OdaService.asmx	9e3b3138-fde2-4afd-8a8d-2822c23a5a10	ZL_SS_H9C2_20XH2O_Conf_StageII_PWP5_CellP_2x2_8St_20240614	Measurement 1	Evaluation5	PlateResults_Plate5.txt	Plate5
Plate5R02C12	2	12	1	0	405	4	0		0.4			Instrument	http://harmony-pc.pharmacy.ohio-state.edu/ODA/OdaService.asmx	9e3b3138-fde2-4afd-8a8d-2822c23a5a10	ZL_SS_H9C2_20XH2O_Conf_StageII_PWP5_CellP_2x2_8St_20240614	Measurement 1	Evaluation5	PlateResults_Plate5.txt	Plate5
Plate5R02C13	2	13	1	0	454	4	0		0.4			Instrument	http://harmony-pc.pharmacy.ohio-state.edu/ODA/OdaService.asmx	9e3b3138-fde2-4afd-8a8d-2822c23a5a10	ZL_SS_H9C2_20XH2O_Conf_StageII_PWP5_CellP_2x2_8St_20240614	Measurement 1	Evaluation5	PlateResults_Plate5.txt	Plate5
Plate5R02C14	2	14	1	0	435	4	0		0.4			Instrument	http://harmony-pc.pharmacy.ohio-state.edu/ODA/OdaService.asmx	9e3b3138-fde2-4afd-8a8d-2822c23a5a10	ZL_SS_H9C2_20XH2O_Conf_StageII_PWP5_CellP_2x2_8St_20240614	Measurement 1	Evaluation5	PlateResults_Plate5.txt	Plate5
Plate5R02C15	2	15	1	0	442	4	0		0.4			Instrument	http://harmony-pc.pharmacy.ohio-state.edu/ODA/OdaService.asmx	9e3b3138-fde2-4afd-8a8d-2822c23a5a10	ZL_SS_H9C2_20XH2O_Conf_StageII_PWP5_CellP_2x2_8St_20240614	Measurement 1	Evaluation5	PlateResults_Plate5.txt	Plate5
Plate5R02C16	2	16	1	0	515	4	0		0.4			Instrument	http://harmony-pc.pharmacy.ohio-state.edu/ODA/OdaService.asmx	9e3b3138-fde2-4afd-8a8d-2822c23a5a10	ZL_SS_H9C2_20XH2O_Conf_StageII_PWP5_CellP_2x2_8St_20240614	Measurement 1	Evaluation5	PlateResults_Plate5.txt	Plate5
Plate5R02C17	2	17	1	0	415	4	0		0.4			Instrument	http://harmony-pc.pharmacy.ohio-state.edu/ODA/OdaService.asmx	9e3b3138-fde2-4afd-8a8d-2822c23a5a10	ZL_SS_H9C2_20XH2O_Conf_StageII_PWP5_CellP_2x2_8St_20240614	Measurement 1	Evaluation5	PlateResults_Plate5.txt	Plate5
Plate5R02C18	2	18	1	0	432	4	0		0.4			Instrument	http://harmony-pc.pharmacy.ohio-state.edu/ODA/OdaService.asmx	9e3b3138-fde2-4afd-8a8d-2822c23a5a10	ZL_SS_H9C2_20XH2O_Conf_StageII_PWP5_CellP_2x2_8St_20240614	Measurement 1	Evaluation5	PlateResults_Plate5.txt	Plate5
Plate5R02C19	2	19	1	0	369	4	0		0.4			Instrument	http://harmony-pc.pharmacy.ohio-state.edu/ODA/OdaService.asmx	9e3b3138-fde2-4afd-8a8d-2822c23a5a10	ZL_SS_H9C2_20XH2O_Conf_StageII_PWP5_CellP_2x2_8St_20240614	Measurement 1	Evaluation5	PlateResults_Plate5.txt	Plate5
Plate5R02C20	2	20	1	0	424	4	0		0.4			Instrument	http://harmony-pc.pharmacy.ohio-state.edu/ODA/OdaService.asmx	9e3b3138-fde2-4afd-8a8d-2822c23a5a10	ZL_SS_H9C2_20XH2O_Conf_StageII_PWP5_CellP_2x2_8St_20240614	Measurement 1	Evaluation5	PlateResults_Plate5.txt	Plate5
Plate5R02C21	2	21	1	0	367	4	0		0.4			Instrument	http://harmony-pc.pharmacy.ohio-state.edu/ODA/OdaService.asmx	9e3b3138-fde2-4afd-8a8d-2822c23a5a10	ZL_SS_H9C2_20XH2O_Conf_StageII_PWP5_CellP_2x2_8St_20240614	Measurement 1	Evaluation5	PlateResults_Plate5.txt	Plate5
Plate5R02C22	2	22	1	0	388	4	0		0.4			Instrument	http://harmony-pc.pharmacy.ohio-state.edu/ODA/OdaService.asmx	9e3b3138-fde2-4afd-8a8d-2822c23a5a10	ZL_SS_H9C2_20XH2O_Conf_StageII_PWP5_CellP_2x2_8St_20240614	Measurement 1	Evaluation5	PlateResults_Plate5.txt	Plate5
Plate5R02C23	2	23	1	0	125	4	0	Axit	6.66666666666667			Instrument	http://harmony-pc.pharmacy.ohio-state.edu/ODA/OdaService.asmx	9e3b3138-fde2-4afd-8a8d-2822c23a5a10	ZL_SS_H9C2_20XH2O_Conf_StageII_PWP5_CellP_2x2_8St_20240614	Measurement 1	Evaluation5	PlateResults_Plate5.txt	Plate5
Plate5R02C24	2	24	1	0	108	4	0	Axit	6.66666666666667			Instrument	http://harmony-pc.pharmacy.ohio-state.edu/ODA/OdaService.asmx	9e3b3138-fde2-4afd-8a8d-2822c23a5a10	ZL_SS_H9C2_20XH2O_Conf_StageII_PWP5_CellP_2x2_8St_20240614	Measurement 1	Evaluation5	PlateResults_Plate5.txt	Plate5
Plate5R03C01	3	1	1	0	339	4	0	DMSO	0.001			Instrument	http://harmony-pc.pharmacy.ohio-state.edu/ODA/OdaService.asmx	9e3b3138-fde2-4afd-8a8d-2822c23a5a10	ZL_SS_H9C2_20XH2O_Conf_StageII_PWP5_CellP_2x2_8St_20240614	Measurement 1	Evaluation5	PlateResults_Plate5.txt	Plate5
Plate5R03C02	3	2	1	0	393	4	0	DMSO	0.001			Instrument	http://harmony-pc.pharmacy.ohio-state.edu/ODA/OdaService.asmx	9e3b3138-fde2-4afd-8a8d-2822c23a5a10	ZL_SS_H9C2_20XH2O_Conf_StageII_PWP5_CellP_2x2_8St_20240614	Measurement 1	Evaluation5	PlateResults_Plate5.txt	Plate5
Plate5R03C03	3	3	1	0	442	4	0		0.4			Instrument	http://harmony-pc.pharmacy.ohio-state.edu/ODA/OdaService.asmx	9e3b3138-fde2-4afd-8a8d-2822c23a5a10	ZL_SS_H9C2_20XH2O_Conf_StageII_PWP5_CellP_2x2_8St_20240614	Measurement 1	Evaluation5	PlateResults_Plate5.txt	Plate5
Plate5R03C04	3	4	1	0	383	4	0		0.4			Instrument	http://harmony-pc.pharmacy.ohio-state.edu/ODA/OdaService.asmx	9e3b3138-fde2-4afd-8a8d-2822c23a5a10	ZL_SS_H9C2_20XH2O_Conf_StageII_PWP5_CellP_2x2_8St_20240614	Measurement 1	Evaluation5	PlateResults_Plate5.txt	Plate5
Plate5R03C05	3	5	1	0	463	4	0		0.4			Instrument	http://harmony-pc.pharmacy.ohio-state.edu/ODA/OdaService.asmx	9e3b3138-fde2-4afd-8a8d-2822c23a5a10	ZL_SS_H9C2_20XH2O_Conf_StageII_PWP5_CellP_2x2_8St_20240614	Measurement 1	Evaluation5	PlateResults_Plate5.txt	Plate5
Plate5R03C06	3	6	1	0	417	4	0		0.4			Instrument	http://harmony-pc.pharmacy.ohio-state.edu/ODA/OdaService.asmx	9e3b3138-fde2-4afd-8a8d-2822c23a5a10	ZL_SS_H9C2_20XH2O_Conf_StageII_PWP5_CellP_2x2_8St_20240614	Measurement 1	Evaluation5	PlateResults_Plate5.txt	Plate5
Plate5R03C07	3	7	1	0	459	4	0		0.4			Instrument	http://harmony-pc.pharmacy.ohio-state.edu/ODA/OdaService.asmx	9e3b3138-fde2-4afd-8a8d-2822c23a5a10	ZL_SS_H9C2_20XH2O_Conf_StageII_PWP5_CellP_2x2_8St_20240614	Measurement 1	Evaluation5	PlateResults_Plate5.txt	Plate5
Plate5R03C08	3	8	1	0	407	4	0		0.4			Instrument	http://harmony-pc.pharmacy.ohio-state.edu/ODA/OdaService.asmx	9e3b3138-fde2-4afd-8a8d-2822c23a5a10	ZL_SS_H9C2_20XH2O_Conf_StageII_PWP5_CellP_2x2_8St_20240614	Measurement 1	Evaluation5	PlateResults_Plate5.txt	Plate5
Plate5R03C09	3	9	1	0	483	4	0		0.4			Instrument	http://harmony-pc.pharmacy.ohio-state.edu/ODA/OdaService.asmx	9e3b3138-fde2-4afd-8a8d-2822c23a5a10	ZL_SS_H9C2_20XH2O_Conf_StageII_PWP5_CellP_2x2_8St_20240614	Measurement 1	Evaluation5	PlateResults_Plate5.txt	Plate5
Plate5R03C10	3	10	1	0	490	4	0		0.4			Instrument	http://harmony-pc.pharmacy.ohio-state.edu/ODA/OdaService.asmx	9e3b3138-fde2-4afd-8a8d-2822c23a5a10	ZL_SS_H9C2_20XH2O_Conf_StageII_PWP5_CellP_2x2_8St_20240614	Measurement 1	Evaluation5	PlateResults_Plate5.txt	Plate5
Plate5R03C11	3	11	1	0	481	4	0		0.4			Instrument	http://harmony-pc.pharmacy.ohio-state.edu/ODA/OdaService.asmx	9e3b3138-fde2-4afd-8a8d-2822c23a5a10	ZL_SS_H9C2_20XH2O_Conf_StageII_PWP5_CellP_2x2_8St_20240614	Measurement 1	Evaluation5	PlateResults_Plate5.txt	Plate5
Plate5R03C12	3	12	1	0	338	4	0		0.4			Instrument	http://harmony-pc.pharmacy.ohio-state.edu/ODA/OdaService.asmx	9e3b3138-fde2-4afd-8a8d-2822c23a5a10	ZL_SS_H9C2_20XH2O_Conf_StageII_PWP5_CellP_2x2_8St_20240614	Measurement 1	Evaluation5	PlateResults_Plate5.txt	Plate5
Plate5R03C13	3	13	1	0	455	4	0		0.4			Instrument	http://harmony-pc.pharmacy.ohio-state.edu/ODA/OdaService.asmx	9e3b3138-fde2-4afd-8a8d-2822c23a5a10	ZL_SS_H9C2_20XH2O_Conf_StageII_PWP5_CellP_2x2_8St_20240614	Measurement 1	Evaluation5	PlateResults_Plate5.txt	Plate5
Plate5R03C14	3	14	1	0	394	4	0		0.4			Instrument	http://harmony-pc.pharmacy.ohio-state.edu/ODA/OdaService.asmx	9e3b3138-fde2-4afd-8a8d-2822c23a5a10	ZL_SS_H9C2_20XH2O_Conf_StageII_PWP5_CellP_2x2_8St_20240614	Measurement 1	Evaluation5	PlateResults_Plate5.txt	Plate5
Plate5R03C15	3	15	1	0	444	4	0		0.4			Instrument	http://harmony-pc.pharmacy.ohio-state.edu/ODA/OdaService.asmx	9e3b3138-fde2-4afd-8a8d-2822c23a5a10	ZL_SS_H9C2_20XH2O_Conf_StageII_PWP5_CellP_2x2_8St_20240614	Measurement 1	Evaluation5	PlateResults_Plate5.txt	Plate5
Plate5R03C16	3	16	1	0	473	4	0		0.4			Instrument	http://harmony-pc.pharmacy.ohio-state.edu/ODA/OdaService.asmx	9e3b3138-fde2-4afd-8a8d-2822c23a5a10	ZL_SS_H9C2_20XH2O_Conf_StageII_PWP5_CellP_2x2_8St_20240614	Measurement 1	Evaluation5	PlateResults_Plate5.txt	Plate5
Plate5R03C17	3	17	1	0	439	4	0		0.4			Instrument	http://harmony-pc.pharmacy.ohio-state.edu/ODA/OdaService.asmx	9e3b3138-fde2-4afd-8a8d-2822c23a5a10	ZL_SS_H9C2_20XH2O_Conf_StageII_PWP5_CellP_2x2_8St_20240614	Measurement 1	Evaluation5	PlateResults_Plate5.txt	Plate5
Plate5R03C18	3	18	1	0	498	4	0		0.4			Instrument	http://harmony-pc.pharmacy.ohio-state.edu/ODA/OdaService.asmx	9e3b3138-fde2-4afd-8a8d-2822c23a5a10	ZL_SS_H9C2_20XH2O_Conf_StageII_PWP5_CellP_2x2_8St_20240614	Measurement 1	Evaluation5	PlateResults_Plate5.txt	Plate5
Plate5R03C19	3	19	1	0	14	4	0		0.4			Instrument	http://harmony-pc.pharmacy.ohio-state.edu/ODA/OdaService.asmx	9e3b3138-fde2-4afd-8a8d-2822c23a5a10	ZL_SS_H9C2_20XH2O_Conf_StageII_PWP5_CellP_2x2_8St_20240614	Measurement 1	Evaluation5	PlateResults_Plate5.txt	Plate5
Plate5R03C20	3	20	1	0	461	4	0		0.4			Instrument	http://harmony-pc.pharmacy.ohio-state.edu/ODA/OdaService.asmx	9e3b3138-fde2-4afd-8a8d-2822c23a5a10	ZL_SS_H9C2_20XH2O_Conf_StageII_PWP5_CellP_2x2_8St_20240614	Measurement 1	Evaluation5	PlateResults_Plate5.txt	Plate5
Plate5R03C21	3	21	1	0	461	4	0		0.4			Instrument	http://harmony-pc.pharmacy.ohio-state.edu/ODA/OdaService.asmx	9e3b3138-fde2-4afd-8a8d-2822c23a5a10	ZL_SS_H9C2_20XH2O_Conf_StageII_PWP5_CellP_2x2_8St_20240614	Measurement 1	Evaluation5	PlateResults_Plate5.txt	Plate5
Plate5R03C22	3	22	1	0	449	4	0		0.4			Instrument	http://harmony-pc.pharmacy.ohio-state.edu/ODA/OdaService.asmx	9e3b3138-fde2-4afd-8a8d-2822c23a5a10	ZL_SS_H9C2_20XH2O_Conf_StageII_PWP5_CellP_2x2_8St_20240614	Measurement 1	Evaluation5	PlateResults_Plate5.txt	Plate5
Plate5R03C23	3	23	1	0	184	4	0	Axit	2.22222222222222			Instrument	http://harmony-pc.pharmacy.ohio-state.edu/ODA/OdaService.asmx	9e3b3138-fde2-4afd-8a8d-2822c23a5a10	ZL_SS_H9C2_20XH2O_Conf_StageII_PWP5_CellP_2x2_8St_20240614	Measurement 1	Evaluation5	PlateResults_Plate5.txt	Plate5
Plate5R03C24	3	24	1	0	154	4	0	Axit	2.22222222222222			Instrument	http://harmony-pc.pharmacy.ohio-state.edu/ODA/OdaService.asmx	9e3b3138-fde2-4afd-8a8d-2822c23a5a10	ZL_SS_H9C2_20XH2O_Conf_StageII_PWP5_CellP_2x2_8St_20240614	Measurement 1	Evaluation5	PlateResults_Plate5.txt	Plate5
Plate5R04C01	4	1	1	0	437	4	0	DMSO	0.001			Instrument	http://harmony-pc.pharmacy.ohio-state.edu/ODA/OdaService.asmx	9e3b3138-fde2-4afd-8a8d-2822c23a5a10	ZL_SS_H9C2_20XH2O_Conf_StageII_PWP5_CellP_2x2_8St_20240614	Measurement 1	Evaluation5	PlateResults_Plate5.txt	Plate5
Plate5R04C02	4	2	1	0	474	4	0	DMSO	0.001			Instrument	http://harmony-pc.pharmacy.ohio-state.edu/ODA/OdaService.asmx	9e3b3138-fde2-4afd-8a8d-2822c23a5a10	ZL_SS_H9C2_20XH2O_Conf_StageII_PWP5_CellP_2x2_8St_20240614	Measurement 1	Evaluation5	PlateResults_Plate5.txt	Plate5
Plate5R04C03	4	3	1	0	543	4	0		0.4			Instrument	http://harmony-pc.pharmacy.ohio-state.edu/ODA/OdaService.asmx	9e3b3138-fde2-4afd-8a8d-2822c23a5a10	ZL_SS_H9C2_20XH2O_Conf_StageII_PWP5_CellP_2x2_8St_20240614	Measurement 1	Evaluation5	PlateResults_Plate5.txt	Plate5
Plate5R04C04	4	4	1	0	425	4	0		0.4			Instrument	http://harmony-pc.pharmacy.ohio-state.edu/ODA/OdaService.asmx	9e3b3138-fde2-4afd-8a8d-2822c23a5a10	ZL_SS_H9C2_20XH2O_Conf_StageII_PWP5_CellP_2x2_8St_20240614	Measurement 1	Evaluation5	PlateResults_Plate5.txt	Plate5
Plate5R04C05	4	5	1	0	491	4	0		0.4			Instrument	http://harmony-pc.pharmacy.ohio-state.edu/ODA/OdaService.asmx	9e3b3138-fde2-4afd-8a8d-2822c23a5a10	ZL_SS_H9C2_20XH2O_Conf_StageII_PWP5_CellP_2x2_8St_20240614	Measurement 1	Evaluation5	PlateResults_Plate5.txt	Plate5
Plate5R04C06	4	6	1	0	478	4	0		0.4			Instrument	http://harmony-pc.pharmacy.ohio-state.edu/ODA/OdaService.asmx	9e3b3138-fde2-4afd-8a8d-2822c23a5a10	ZL_SS_H9C2_20XH2O_Conf_StageII_PWP5_CellP_2x2_8St_20240614	Measurement 1	Evaluation5	PlateResults_Plate5.txt	Plate5
Plate5R04C07	4	7	1	0	448	4	0		0.4			Instrument	http://harmony-pc.pharmacy.ohio-state.edu/ODA/OdaService.asmx	9e3b3138-fde2-4afd-8a8d-2822c23a5a10	ZL_SS_H9C2_20XH2O_Conf_StageII_PWP5_CellP_2x2_8St_20240614	Measurement 1	Evaluation5	PlateResults_Plate5.txt	Plate5
Plate5R04C08	4	8	1	0	469	4	0		0.4			Instrument	http://harmony-pc.pharmacy.ohio-state.edu/ODA/OdaService.asmx	9e3b3138-fde2-4afd-8a8d-2822c23a5a10	ZL_SS_H9C2_20XH2O_Conf_StageII_PWP5_CellP_2x2_8St_20240614	Measurement 1	Evaluation5	PlateResults_Plate5.txt	Plate5
Plate5R04C09	4	9	1	0	514	4	0		0.4			Instrument	http://harmony-pc.pharmacy.ohio-state.edu/ODA/OdaService.asmx	9e3b3138-fde2-4afd-8a8d-2822c23a5a10	ZL_SS_H9C2_20XH2O_Conf_StageII_PWP5_CellP_2x2_8St_20240614	Measurement 1	Evaluation5	PlateResults_Plate5.txt	Plate5
Plate5R04C10	4	10	1	0	449	4	0		0.4			Instrument	http://harmony-pc.pharmacy.ohio-state.edu/ODA/OdaService.asmx	9e3b3138-fde2-4afd-8a8d-2822c23a5a10	ZL_SS_H9C2_20XH2O_Conf_StageII_PWP5_CellP_2x2_8St_20240614	Measurement 1	Evaluation5	PlateResults_Plate5.txt	Plate5
Plate5R04C11	4	11	1	0	505	4	0		0.4			Instrument	http://harmony-pc.pharmacy.ohio-state.edu/ODA/OdaService.asmx	9e3b3138-fde2-4afd-8a8d-2822c23a5a10	ZL_SS_H9C2_20XH2O_Conf_StageII_PWP5_CellP_2x2_8St_20240614	Measurement 1	Evaluation5	PlateResults_Plate5.txt	Plate5
Plate5R04C12	4	12	1	0	461	4	0		0.4			Instrument	http://harmony-pc.pharmacy.ohio-state.edu/ODA/OdaService.asmx	9e3b3138-fde2-4afd-8a8d-2822c23a5a10	ZL_SS_H9C2_20XH2O_Conf_StageII_PWP5_CellP_2x2_8St_20240614	Measurement 1	Evaluation5	PlateResults_Plate5.txt	Plate5
Plate5R04C13	4	13	1	0	434	4	0		0.4			Instrument	http://harmony-pc.pharmacy.ohio-state.edu/ODA/OdaService.asmx	9e3b3138-fde2-4afd-8a8d-2822c23a5a10	ZL_SS_H9C2_20XH2O_Conf_StageII_PWP5_CellP_2x2_8St_20240614	Measurement 1	Evaluation5	PlateResults_Plate5.txt	Plate5
Plate5R04C14	4	14	1	0	380	4	0		0.4			Instrument	http://harmony-pc.pharmacy.ohio-state.edu/ODA/OdaService.asmx	9e3b3138-fde2-4afd-8a8d-2822c23a5a10	ZL_SS_H9C2_20XH2O_Conf_StageII_PWP5_CellP_2x2_8St_20240614	Measurement 1	Evaluation5	PlateResults_Plate5.txt	Plate5
Plate5R04C15	4	15	1	0	455	4	0		0.4			Instrument	http://harmony-pc.pharmacy.ohio-state.edu/ODA/OdaService.asmx	9e3b3138-fde2-4afd-8a8d-2822c23a5a10	ZL_SS_H9C2_20XH2O_Conf_StageII_PWP5_CellP_2x2_8St_20240614	Measurement 1	Evaluation5	PlateResults_Plate5.txt	Plate5
Plate5R04C16	4	16	1	0	537	4	0		0.4			Instrument	http://harmony-pc.pharmacy.ohio-state.edu/ODA/OdaService.asmx	9e3b3138-fde2-4afd-8a8d-2822c23a5a10	ZL_SS_H9C2_20XH2O_Conf_StageII_PWP5_CellP_2x2_8St_20240614	Measurement 1	Evaluation5	PlateResults_Plate5.txt	Plate5
Plate5R04C17	4	17	1	0	409	4	0		0.4			Instrument	http://harmony-pc.pharmacy.ohio-state.edu/ODA/OdaService.asmx	9e3b3138-fde2-4afd-8a8d-2822c23a5a10	ZL_SS_H9C2_20XH2O_Conf_StageII_PWP5_CellP_2x2_8St_20240614	Measurement 1	Evaluation5	PlateResults_Plate5.txt	Plate5
Plate5R04C18	4	18	1	0	467	4	0		0.4			Instrument	http://harmony-pc.pharmacy.ohio-state.edu/ODA/OdaService.asmx	9e3b3138-fde2-4afd-8a8d-2822c23a5a10	ZL_SS_H9C2_20XH2O_Conf_StageII_PWP5_CellP_2x2_8St_20240614	Measurement 1	Evaluation5	PlateResults_Plate5.txt	Plate5
Plate5R04C19	4	19	1	0	503	4	0		0.4			Instrument	http://harmony-pc.pharmacy.ohio-state.edu/ODA/OdaService.asmx	9e3b3138-fde2-4afd-8a8d-2822c23a5a10	ZL_SS_H9C2_20XH2O_Conf_StageII_PWP5_CellP_2x2_8St_20240614	Measurement 1	Evaluation5	PlateResults_Plate5.txt	Plate5
Plate5R04C20	4	20	1	0	478	4	0		0.4			Instrument	http://harmony-pc.pharmacy.ohio-state.edu/ODA/OdaService.asmx	9e3b3138-fde2-4afd-8a8d-2822c23a5a10	ZL_SS_H9C2_20XH2O_Conf_StageII_PWP5_CellP_2x2_8St_20240614	Measurement 1	Evaluation5	PlateResults_Plate5.txt	Plate5
Plate5R04C21	4	21	1	0	452	4	0		0.4			Instrument	http://harmony-pc.pharmacy.ohio-state.edu/ODA/OdaService.asmx	9e3b3138-fde2-4afd-8a8d-2822c23a5a10	ZL_SS_H9C2_20XH2O_Conf_StageII_PWP5_CellP_2x2_8St_20240614	Measurement 1	Evaluation5	PlateResults_Plate5.txt	Plate5
Plate5R04C22	4	22	1	0	420	4	0		0.4			Instrument	http://harmony-pc.pharmacy.ohio-state.edu/ODA/OdaService.asmx	9e3b3138-fde2-4afd-8a8d-2822c23a5a10	ZL_SS_H9C2_20XH2O_Conf_StageII_PWP5_CellP_2x2_8St_20240614	Measurement 1	Evaluation5	PlateResults_Plate5.txt	Plate5
Plate5R04C23	4	23	1	0	313	4	0	Axit	0.740740740740741			Instrument	http://harmony-pc.pharmacy.ohio-state.edu/ODA/OdaService.asmx	9e3b3138-fde2-4afd-8a8d-2822c23a5a10	ZL_SS_H9C2_20XH2O_Conf_StageII_PWP5_CellP_2x2_8St_20240614	Measurement 1	Evaluation5	PlateResults_Plate5.txt	Plate5
Plate5R04C24	4	24	1	0	341	4	0	Axit	0.740740740740741			Instrument	http://harmony-pc.pharmacy.ohio-state.edu/ODA/OdaService.asmx	9e3b3138-fde2-4afd-8a8d-2822c23a5a10	ZL_SS_H9C2_20XH2O_Conf_StageII_PWP5_CellP_2x2_8St_20240614	Measurement 1	Evaluation5	PlateResults_Plate5.txt	Plate5
Plate5R05C01	5	1	1	0	481	4	0	DMSO	0.001			Instrument	http://harmony-pc.pharmacy.ohio-state.edu/ODA/OdaService.asmx	9e3b3138-fde2-4afd-8a8d-2822c23a5a10	ZL_SS_H9C2_20XH2O_Conf_StageII_PWP5_CellP_2x2_8St_20240614	Measurement 1	Evaluation5	PlateResults_Plate5.txt	Plate5
Plate5R05C02	5	2	1	0	442	4	0	DMSO	0.001			Instrument	http://harmony-pc.pharmacy.ohio-state.edu/ODA/OdaService.asmx	9e3b3138-fde2-4afd-8a8d-2822c23a5a10	ZL_SS_H9C2_20XH2O_Conf_StageII_PWP5_CellP_2x2_8St_20240614	Measurement 1	Evaluation5	PlateResults_Plate5.txt	Plate5
Plate5R05C03	5	3	1	0	437	4	0		0.4			Instrument	http://harmony-pc.pharmacy.ohio-state.edu/ODA/OdaService.asmx	9e3b3138-fde2-4afd-8a8d-2822c23a5a10	ZL_SS_H9C2_20XH2O_Conf_StageII_PWP5_CellP_2x2_8St_20240614	Measurement 1	Evaluation5	PlateResults_Plate5.txt	Plate5
Plate5R05C04	5	4	1	0	417	4	0		0.4			Instrument	http://harmony-pc.pharmacy.ohio-state.edu/ODA/OdaService.asmx	9e3b3138-fde2-4afd-8a8d-2822c23a5a10	ZL_SS_H9C2_20XH2O_Conf_StageII_PWP5_CellP_2x2_8St_20240614	Measurement 1	Evaluation5	PlateResults_Plate5.txt	Plate5
Plate5R05C05	5	5	1	0	524	4	0		0.4			Instrument	http://harmony-pc.pharmacy.ohio-state.edu/ODA/OdaService.asmx	9e3b3138-fde2-4afd-8a8d-2822c23a5a10	ZL_SS_H9C2_20XH2O_Conf_StageII_PWP5_CellP_2x2_8St_20240614	Measurement 1	Evaluation5	PlateResults_Plate5.txt	Plate5
Plate5R05C06	5	6	1	0	428	4	0		0.4			Instrument	http://harmony-pc.pharmacy.ohio-state.edu/ODA/OdaService.asmx	9e3b3138-fde2-4afd-8a8d-2822c23a5a10	ZL_SS_H9C2_20XH2O_Conf_StageII_PWP5_CellP_2x2_8St_20240614	Measurement 1	Evaluation5	PlateResults_Plate5.txt	Plate5
Plate5R05C07	5	7	1	0	406	4	0		0.4			Instrument	http://harmony-pc.pharmacy.ohio-state.edu/ODA/OdaService.asmx	9e3b3138-fde2-4afd-8a8d-2822c23a5a10	ZL_SS_H9C2_20XH2O_Conf_StageII_PWP5_CellP_2x2_8St_20240614	Measurement 1	Evaluation5	PlateResults_Plate5.txt	Plate5
Plate5R05C08	5	8	1	0	540	4	0		0.4			Instrument	http://harmony-pc.pharmacy.ohio-state.edu/ODA/OdaService.asmx	9e3b3138-fde2-4afd-8a8d-2822c23a5a10	ZL_SS_H9C2_20XH2O_Conf_StageII_PWP5_CellP_2x2_8St_20240614	Measurement 1	Evaluation5	PlateResults_Plate5.txt	Plate5
Plate5R05C09	5	9	1	0	550	4	0		0.4			Instrument	http://harmony-pc.pharmacy.ohio-state.edu/ODA/OdaService.asmx	9e3b3138-fde2-4afd-8a8d-2822c23a5a10	ZL_SS_H9C2_20XH2O_Conf_StageII_PWP5_CellP_2x2_8St_20240614	Measurement 1	Evaluation5	PlateResults_Plate5.txt	Plate5
Plate5R05C10	5	10	1	0	588	4	0		0.4			Instrument	http://harmony-pc.pharmacy.ohio-state.edu/ODA/OdaService.asmx	9e3b3138-fde2-4afd-8a8d-2822c23a5a10	ZL_SS_H9C2_20XH2O_Conf_StageII_PWP5_CellP_2x2_8St_20240614	Measurement 1	Evaluation5	PlateResults_Plate5.txt	Plate5
Plate5R05C11	5	11	1	0	501	4	0		0.4			Instrument	http://harmony-pc.pharmacy.ohio-state.edu/ODA/OdaService.asmx	9e3b3138-fde2-4afd-8a8d-2822c23a5a10	ZL_SS_H9C2_20XH2O_Conf_StageII_PWP5_CellP_2x2_8St_20240614	Measurement 1	Evaluation5	PlateResults_Plate5.txt	Plate5
Plate5R05C12	5	12	1	0	453	4	0		0.4			Instrument	http://harmony-pc.pharmacy.ohio-state.edu/ODA/OdaService.asmx	9e3b3138-fde2-4afd-8a8d-2822c23a5a10	ZL_SS_H9C2_20XH2O_Conf_StageII_PWP5_CellP_2x2_8St_20240614	Measurement 1	Evaluation5	PlateResults_Plate5.txt	Plate5
Plate5R05C13	5	13	1	0	477	4	0		0.4			Instrument	http://harmony-pc.pharmacy.ohio-state.edu/ODA/OdaService.asmx	9e3b3138-fde2-4afd-8a8d-2822c23a5a10	ZL_SS_H9C2_20XH2O_Conf_StageII_PWP5_CellP_2x2_8St_20240614	Measurement 1	Evaluation5	PlateResults_Plate5.txt	Plate5
Plate5R05C14	5	14	1	0	479	4	0		0.4			Instrument	http://harmony-pc.pharmacy.ohio-state.edu/ODA/OdaService.asmx	9e3b3138-fde2-4afd-8a8d-2822c23a5a10	ZL_SS_H9C2_20XH2O_Conf_StageII_PWP5_CellP_2x2_8St_20240614	Measurement 1	Evaluation5	PlateResults_Plate5.txt	Plate5
Plate5R05C15	5	15	1	0	524	4	0		0.4			Instrument	http://harmony-pc.pharmacy.ohio-state.edu/ODA/OdaService.asmx	9e3b3138-fde2-4afd-8a8d-2822c23a5a10	ZL_SS_H9C2_20XH2O_Conf_StageII_PWP5_CellP_2x2_8St_20240614	Measurement 1	Evaluation5	PlateResults_Plate5.txt	Plate5
Plate5R05C16	5	16	1	0	520	4	0		0.4			Instrument	http://harmony-pc.pharmacy.ohio-state.edu/ODA/OdaService.asmx	9e3b3138-fde2-4afd-8a8d-2822c23a5a10	ZL_SS_H9C2_20XH2O_Conf_StageII_PWP5_CellP_2x2_8St_20240614	Measurement 1	Evaluation5	PlateResults_Plate5.txt	Plate5
Plate5R05C17	5	17	1	0	527	4	0		0.4			Instrument	http://harmony-pc.pharmacy.ohio-state.edu/ODA/OdaService.asmx	9e3b3138-fde2-4afd-8a8d-2822c23a5a10	ZL_SS_H9C2_20XH2O_Conf_StageII_PWP5_CellP_2x2_8St_20240614	Measurement 1	Evaluation5	PlateResults_Plate5.txt	Plate5
Plate5R05C18	5	18	1	0	525	4	0		0.4			Instrument	http://harmony-pc.pharmacy.ohio-state.edu/ODA/OdaService.asmx	9e3b3138-fde2-4afd-8a8d-2822c23a5a10	ZL_SS_H9C2_20XH2O_Conf_StageII_PWP5_CellP_2x2_8St_20240614	Measurement 1	Evaluation5	PlateResults_Plate5.txt	Plate5
Plate5R05C19	5	19	1	0	475	4	0		0.4			Instrument	http://harmony-pc.pharmacy.ohio-state.edu/ODA/OdaService.asmx	9e3b3138-fde2-4afd-8a8d-2822c23a5a10	ZL_SS_H9C2_20XH2O_Conf_StageII_PWP5_CellP_2x2_8St_20240614	Measurement 1	Evaluation5	PlateResults_Plate5.txt	Plate5
Plate5R05C20	5	20	1	0	426	4	0		0.4			Instrument	http://harmony-pc.pharmacy.ohio-state.edu/ODA/OdaService.asmx	9e3b3138-fde2-4afd-8a8d-2822c23a5a10	ZL_SS_H9C2_20XH2O_Conf_StageII_PWP5_CellP_2x2_8St_20240614	Measurement 1	Evaluation5	PlateResults_Plate5.txt	Plate5
Plate5R05C21	5	21	1	0	508	4	0		0.4			Instrument	http://harmony-pc.pharmacy.ohio-state.edu/ODA/OdaService.asmx	9e3b3138-fde2-4afd-8a8d-2822c23a5a10	ZL_SS_H9C2_20XH2O_Conf_StageII_PWP5_CellP_2x2_8St_20240614	Measurement 1	Evaluation5	PlateResults_Plate5.txt	Plate5
Plate5R05C22	5	22	1	0	460	4	0		0.4			Instrument	http://harmony-pc.pharmacy.ohio-state.edu/ODA/OdaService.asmx	9e3b3138-fde2-4afd-8a8d-2822c23a5a10	ZL_SS_H9C2_20XH2O_Conf_StageII_PWP5_CellP_2x2_8St_20240614	Measurement 1	Evaluation5	PlateResults_Plate5.txt	Plate5
Plate5R05C23	5	23	1	0	404	4	0	Axit	0.246913580246914			Instrument	http://harmony-pc.pharmacy.ohio-state.edu/ODA/OdaService.asmx	9e3b3138-fde2-4afd-8a8d-2822c23a5a10	ZL_SS_H9C2_20XH2O_Conf_StageII_PWP5_CellP_2x2_8St_20240614	Measurement 1	Evaluation5	PlateResults_Plate5.txt	Plate5
Plate5R05C24	5	24	1	0	421	4	0	Axit	0.246913580246914			Instrument	http://harmony-pc.pharmacy.ohio-state.edu/ODA/OdaService.asmx	9e3b3138-fde2-4afd-8a8d-2822c23a5a10	ZL_SS_H9C2_20XH2O_Conf_StageII_PWP5_CellP_2x2_8St_20240614	Measurement 1	Evaluation5	PlateResults_Plate5.txt	Plate5
Plate5R06C01	6	1	1	0	442	4	0	DMSO	0.001			Instrument	http://harmony-pc.pharmacy.ohio-state.edu/ODA/OdaService.asmx	9e3b3138-fde2-4afd-8a8d-2822c23a5a10	ZL_SS_H9C2_20XH2O_Conf_StageII_PWP5_CellP_2x2_8St_20240614	Measurement 1	Evaluation5	PlateResults_Plate5.txt	Plate5
Plate5R06C02	6	2	1	0	453	4	0	DMSO	0.001			Instrument	http://harmony-pc.pharmacy.ohio-state.edu/ODA/OdaService.asmx	9e3b3138-fde2-4afd-8a8d-2822c23a5a10	ZL_SS_H9C2_20XH2O_Conf_StageII_PWP5_CellP_2x2_8St_20240614	Measurement 1	Evaluation5	PlateResults_Plate5.txt	Plate5
Plate5R06C03	6	3	1	0	421	4	0		0.4			Instrument	http://harmony-pc.pharmacy.ohio-state.edu/ODA/OdaService.asmx	9e3b3138-fde2-4afd-8a8d-2822c23a5a10	ZL_SS_H9C2_20XH2O_Conf_StageII_PWP5_CellP_2x2_8St_20240614	Measurement 1	Evaluation5	PlateResults_Plate5.txt	Plate5
Plate5R06C04	6	4	1	0	508	4	0		0.4			Instrument	http://harmony-pc.pharmacy.ohio-state.edu/ODA/OdaService.asmx	9e3b3138-fde2-4afd-8a8d-2822c23a5a10	ZL_SS_H9C2_20XH2O_Conf_StageII_PWP5_CellP_2x2_8St_20240614	Measurement 1	Evaluation5	PlateResults_Plate5.txt	Plate5
Plate5R06C05	6	5	1	0	498	4	0		0.4			Instrument	http://harmony-pc.pharmacy.ohio-state.edu/ODA/OdaService.asmx	9e3b3138-fde2-4afd-8a8d-2822c23a5a10	ZL_SS_H9C2_20XH2O_Conf_StageII_PWP5_CellP_2x2_8St_20240614	Measurement 1	Evaluation5	PlateResults_Plate5.txt	Plate5
Plate5R06C06	6	6	1	0	436	4	0		0.4			Instrument	http://harmony-pc.pharmacy.ohio-state.edu/ODA/OdaService.asmx	9e3b3138-fde2-4afd-8a8d-2822c23a5a10	ZL_SS_H9C2_20XH2O_Conf_StageII_PWP5_CellP_2x2_8St_20240614	Measurement 1	Evaluation5	PlateResults_Plate5.txt	Plate5
Plate5R06C07	6	7	1	0	436	4	0		0.4			Instrument	http://harmony-pc.pharmacy.ohio-state.edu/ODA/OdaService.asmx	9e3b3138-fde2-4afd-8a8d-2822c23a5a10	ZL_SS_H9C2_20XH2O_Conf_StageII_PWP5_CellP_2x2_8St_20240614	Measurement 1	Evaluation5	PlateResults_Plate5.txt	Plate5
Plate5R06C08	6	8	1	0	519	4	0		0.4			Instrument	http://harmony-pc.pharmacy.ohio-state.edu/ODA/OdaService.asmx	9e3b3138-fde2-4afd-8a8d-2822c23a5a10	ZL_SS_H9C2_20XH2O_Conf_StageII_PWP5_CellP_2x2_8St_20240614	Measurement 1	Evaluation5	PlateResults_Plate5.txt	Plate5
Plate5R06C09	6	9	1	0	478	4	0		0.4			Instrument	http://harmony-pc.pharmacy.ohio-state.edu/ODA/OdaService.asmx	9e3b3138-fde2-4afd-8a8d-2822c23a5a10	ZL_SS_H9C2_20XH2O_Conf_StageII_PWP5_CellP_2x2_8St_20240614	Measurement 1	Evaluation5	PlateResults_Plate5.txt	Plate5
Plate5R06C10	6	10	1	0	492	4	0		0.4			Instrument	http://harmony-pc.pharmacy.ohio-state.edu/ODA/OdaService.asmx	9e3b3138-fde2-4afd-8a8d-2822c23a5a10	ZL_SS_H9C2_20XH2O_Conf_StageII_PWP5_CellP_2x2_8St_20240614	Measurement 1	Evaluation5	PlateResults_Plate5.txt	Plate5
Plate5R06C11	6	11	1	0	537	4	0		0.4			Instrument	http://harmony-pc.pharmacy.ohio-state.edu/ODA/OdaService.asmx	9e3b3138-fde2-4afd-8a8d-2822c23a5a10	ZL_SS_H9C2_20XH2O_Conf_StageII_PWP5_CellP_2x2_8St_20240614	Measurement 1	Evaluation5	PlateResults_Plate5.txt	Plate5
Plate5R06C12	6	12	1	0	477	4	0		0.4			Instrument	http://harmony-pc.pharmacy.ohio-state.edu/ODA/OdaService.asmx	9e3b3138-fde2-4afd-8a8d-2822c23a5a10	ZL_SS_H9C2_20XH2O_Conf_StageII_PWP5_CellP_2x2_8St_20240614	Measurement 1	Evaluation5	PlateResults_Plate5.txt	Plate5
Plate5R06C13	6	13	1	0	359	4	0		0.4			Instrument	http://harmony-pc.pharmacy.ohio-state.edu/ODA/OdaService.asmx	9e3b3138-fde2-4afd-8a8d-2822c23a5a10	ZL_SS_H9C2_20XH2O_Conf_StageII_PWP5_CellP_2x2_8St_20240614	Measurement 1	Evaluation5	PlateResults_Plate5.txt	Plate5
Plate5R06C14	6	14	1	0	441	4	0		0.4			Instrument	http://harmony-pc.pharmacy.ohio-state.edu/ODA/OdaService.asmx	9e3b3138-fde2-4afd-8a8d-2822c23a5a10	ZL_SS_H9C2_20XH2O_Conf_StageII_PWP5_CellP_2x2_8St_20240614	Measurement 1	Evaluation5	PlateResults_Plate5.txt	Plate5
Plate5R06C15	6	15	1	0	434	4	0		0.4			Instrument	http://harmony-pc.pharmacy.ohio-state.edu/ODA/OdaService.asmx	9e3b3138-fde2-4afd-8a8d-2822c23a5a10	ZL_SS_H9C2_20XH2O_Conf_StageII_PWP5_CellP_2x2_8St_20240614	Measurement 1	Evaluation5	PlateResults_Plate5.txt	Plate5
Plate5R06C16	6	16	1	0	480	4	0		0.4			Instrument	http://harmony-pc.pharmacy.ohio-state.edu/ODA/OdaService.asmx	9e3b3138-fde2-4afd-8a8d-2822c23a5a10	ZL_SS_H9C2_20XH2O_Conf_StageII_PWP5_CellP_2x2_8St_20240614	Measurement 1	Evaluation5	PlateResults_Plate5.txt	Plate5
Plate5R06C17	6	17	1	0	436	4	0		0.4			Instrument	http://harmony-pc.pharmacy.ohio-state.edu/ODA/OdaService.asmx	9e3b3138-fde2-4afd-8a8d-2822c23a5a10	ZL_SS_H9C2_20XH2O_Conf_StageII_PWP5_CellP_2x2_8St_20240614	Measurement 1	Evaluation5	PlateResults_Plate5.txt	Plate5
Plate5R06C18	6	18	1	0	513	4	0		0.4			Instrument	http://harmony-pc.pharmacy.ohio-state.edu/ODA/OdaService.asmx	9e3b3138-fde2-4afd-8a8d-2822c23a5a10	ZL_SS_H9C2_20XH2O_Conf_StageII_PWP5_CellP_2x2_8St_20240614	Measurement 1	Evaluation5	PlateResults_Plate5.txt	Plate5
Plate5R06C19	6	19	1	0	553	4	0		0.4			Instrument	http://harmony-pc.pharmacy.ohio-state.edu/ODA/OdaService.asmx	9e3b3138-fde2-4afd-8a8d-2822c23a5a10	ZL_SS_H9C2_20XH2O_Conf_StageII_PWP5_CellP_2x2_8St_20240614	Measurement 1	Evaluation5	PlateResults_Plate5.txt	Plate5
Plate5R06C20	6	20	1	0	473	4	0		0.4			Instrument	http://harmony-pc.pharmacy.ohio-state.edu/ODA/OdaService.asmx	9e3b3138-fde2-4afd-8a8d-2822c23a5a10	ZL_SS_H9C2_20XH2O_Conf_StageII_PWP5_CellP_2x2_8St_20240614	Measurement 1	Evaluation5	PlateResults_Plate5.txt	Plate5
Plate5R06C21	6	21	1	0	434	4	0		0.4			Instrument	http://harmony-pc.pharmacy.ohio-state.edu/ODA/OdaService.asmx	9e3b3138-fde2-4afd-8a8d-2822c23a5a10	ZL_SS_H9C2_20XH2O_Conf_StageII_PWP5_CellP_2x2_8St_20240614	Measurement 1	Evaluation5	PlateResults_Plate5.txt	Plate5
Plate5R06C22	6	22	1	0	483	4	0		0.4			Instrument	http://harmony-pc.pharmacy.ohio-state.edu/ODA/OdaService.asmx	9e3b3138-fde2-4afd-8a8d-2822c23a5a10	ZL_SS_H9C2_20XH2O_Conf_StageII_PWP5_CellP_2x2_8St_20240614	Measurement 1	Evaluation5	PlateResults_Plate5.txt	Plate5
Plate5R06C23	6	23	1	0	380	4	0	Axit	0.0823045267489712			Instrument	http://harmony-pc.pharmacy.ohio-state.edu/ODA/OdaService.asmx	9e3b3138-fde2-4afd-8a8d-2822c23a5a10	ZL_SS_H9C2_20XH2O_Conf_StageII_PWP5_CellP_2x2_8St_20240614	Measurement 1	Evaluation5	PlateResults_Plate5.txt	Plate5
Plate5R06C24	6	24	1	0	392	4	0	Axit	0.0823045267489712			Instrument	http://harmony-pc.pharmacy.ohio-state.edu/ODA/OdaService.asmx	9e3b3138-fde2-4afd-8a8d-2822c23a5a10	ZL_SS_H9C2_20XH2O_Conf_StageII_PWP5_CellP_2x2_8St_20240614	Measurement 1	Evaluation5	PlateResults_Plate5.txt	Plate5
Plate5R07C01	7	1	1	0	386	4	0	DMSO	0.001			Instrument	http://harmony-pc.pharmacy.ohio-state.edu/ODA/OdaService.asmx	9e3b3138-fde2-4afd-8a8d-2822c23a5a10	ZL_SS_H9C2_20XH2O_Conf_StageII_PWP5_CellP_2x2_8St_20240614	Measurement 1	Evaluation5	PlateResults_Plate5.txt	Plate5
Plate5R07C02	7	2	1	0	521	4	0	DMSO	0.001			Instrument	http://harmony-pc.pharmacy.ohio-state.edu/ODA/OdaService.asmx	9e3b3138-fde2-4afd-8a8d-2822c23a5a10	ZL_SS_H9C2_20XH2O_Conf_StageII_PWP5_CellP_2x2_8St_20240614	Measurement 1	Evaluation5	PlateResults_Plate5.txt	Plate5
Plate5R07C03	7	3	1	0	453	4	0		0.4			Instrument	http://harmony-pc.pharmacy.ohio-state.edu/ODA/OdaService.asmx	9e3b3138-fde2-4afd-8a8d-2822c23a5a10	ZL_SS_H9C2_20XH2O_Conf_StageII_PWP5_CellP_2x2_8St_20240614	Measurement 1	Evaluation5	PlateResults_Plate5.txt	Plate5
Plate5R07C04	7	4	1	0	475	4	0		0.4			Instrument	http://harmony-pc.pharmacy.ohio-state.edu/ODA/OdaService.asmx	9e3b3138-fde2-4afd-8a8d-2822c23a5a10	ZL_SS_H9C2_20XH2O_Conf_StageII_PWP5_CellP_2x2_8St_20240614	Measurement 1	Evaluation5	PlateResults_Plate5.txt	Plate5
Plate5R07C05	7	5	1	0	417	4	0		0.4			Instrument	http://harmony-pc.pharmacy.ohio-state.edu/ODA/OdaService.asmx	9e3b3138-fde2-4afd-8a8d-2822c23a5a10	ZL_SS_H9C2_20XH2O_Conf_StageII_PWP5_CellP_2x2_8St_20240614	Measurement 1	Evaluation5	PlateResults_Plate5.txt	Plate5
Plate5R07C06	7	6	1	0	504	4	0		0.4			Instrument	http://harmony-pc.pharmacy.ohio-state.edu/ODA/OdaService.asmx	9e3b3138-fde2-4afd-8a8d-2822c23a5a10	ZL_SS_H9C2_20XH2O_Conf_StageII_PWP5_CellP_2x2_8St_20240614	Measurement 1	Evaluation5	PlateResults_Plate5.txt	Plate5
Plate5R07C07	7	7	1	0	469	4	0		0.4			Instrument	http://harmony-pc.pharmacy.ohio-state.edu/ODA/OdaService.asmx	9e3b3138-fde2-4afd-8a8d-2822c23a5a10	ZL_SS_H9C2_20XH2O_Conf_StageII_PWP5_CellP_2x2_8St_20240614	Measurement 1	Evaluation5	PlateResults_Plate5.txt	Plate5
Plate5R07C08	7	8	1	0	484	4	0		0.4			Instrument	http://harmony-pc.pharmacy.ohio-state.edu/ODA/OdaService.asmx	9e3b3138-fde2-4afd-8a8d-2822c23a5a10	ZL_SS_H9C2_20XH2O_Conf_StageII_PWP5_CellP_2x2_8St_20240614	Measurement 1	Evaluation5	PlateResults_Plate5.txt	Plate5
Plate5R07C09	7	9	1	0	573	4	0		0.4			Instrument	http://harmony-pc.pharmacy.ohio-state.edu/ODA/OdaService.asmx	9e3b3138-fde2-4afd-8a8d-2822c23a5a10	ZL_SS_H9C2_20XH2O_Conf_StageII_PWP5_CellP_2x2_8St_20240614	Measurement 1	Evaluation5	PlateResults_Plate5.txt	Plate5
Plate5R07C10	7	10	1	0	511	4	0		0.4			Instrument	http://harmony-pc.pharmacy.ohio-state.edu/ODA/OdaService.asmx	9e3b3138-fde2-4afd-8a8d-2822c23a5a10	ZL_SS_H9C2_20XH2O_Conf_StageII_PWP5_CellP_2x2_8St_20240614	Measurement 1	Evaluation5	PlateResults_Plate5.txt	Plate5
Plate5R07C11	7	11	1	0	515	4	0		0.4			Instrument	http://harmony-pc.pharmacy.ohio-state.edu/ODA/OdaService.asmx	9e3b3138-fde2-4afd-8a8d-2822c23a5a10	ZL_SS_H9C2_20XH2O_Conf_StageII_PWP5_CellP_2x2_8St_20240614	Measurement 1	Evaluation5	PlateResults_Plate5.txt	Plate5
Plate5R07C12	7	12	1	0	505	4	0		0.4			Instrument	http://harmony-pc.pharmacy.ohio-state.edu/ODA/OdaService.asmx	9e3b3138-fde2-4afd-8a8d-2822c23a5a10	ZL_SS_H9C2_20XH2O_Conf_StageII_PWP5_CellP_2x2_8St_20240614	Measurement 1	Evaluation5	PlateResults_Plate5.txt	Plate5
Plate5R07C13	7	13	1	0	437	4	0		0.4			Instrument	http://harmony-pc.pharmacy.ohio-state.edu/ODA/OdaService.asmx	9e3b3138-fde2-4afd-8a8d-2822c23a5a10	ZL_SS_H9C2_20XH2O_Conf_StageII_PWP5_CellP_2x2_8St_20240614	Measurement 1	Evaluation5	PlateResults_Plate5.txt	Plate5
Plate5R07C14	7	14	1	0	486	4	0		0.4			Instrument	http://harmony-pc.pharmacy.ohio-state.edu/ODA/OdaService.asmx	9e3b3138-fde2-4afd-8a8d-2822c23a5a10	ZL_SS_H9C2_20XH2O_Conf_StageII_PWP5_CellP_2x2_8St_20240614	Measurement 1	Evaluation5	PlateResults_Plate5.txt	Plate5
Plate5R07C15	7	15	1	0	544	4	0		0.4			Instrument	http://harmony-pc.pharmacy.ohio-state.edu/ODA/OdaService.asmx	9e3b3138-fde2-4afd-8a8d-2822c23a5a10	ZL_SS_H9C2_20XH2O_Conf_StageII_PWP5_CellP_2x2_8St_20240614	Measurement 1	Evaluation5	PlateResults_Plate5.txt	Plate5
Plate5R07C16	7	16	1	0	466	4	0		0.4			Instrument	http://harmony-pc.pharmacy.ohio-state.edu/ODA/OdaService.asmx	9e3b3138-fde2-4afd-8a8d-2822c23a5a10	ZL_SS_H9C2_20XH2O_Conf_StageII_PWP5_CellP_2x2_8St_20240614	Measurement 1	Evaluation5	PlateResults_Plate5.txt	Plate5
Plate5R07C17	7	17	1	0	594	4	0		0.4			Instrument	http://harmony-pc.pharmacy.ohio-state.edu/ODA/OdaService.asmx	9e3b3138-fde2-4afd-8a8d-2822c23a5a10	ZL_SS_H9C2_20XH2O_Conf_StageII_PWP5_CellP_2x2_8St_20240614	Measurement 1	Evaluation5	PlateResults_Plate5.txt	Plate5
Plate5R07C18	7	18	1	0	450	4	0		0.4			Instrument	http://harmony-pc.pharmacy.ohio-state.edu/ODA/OdaService.asmx	9e3b3138-fde2-4afd-8a8d-2822c23a5a10	ZL_SS_H9C2_20XH2O_Conf_StageII_PWP5_CellP_2x2_8St_20240614	Measurement 1	Evaluation5	PlateResults_Plate5.txt	Plate5
Plate5R07C19	7	19	1	0	464	4	0		0.4			Instrument	http://harmony-pc.pharmacy.ohio-state.edu/ODA/OdaService.asmx	9e3b3138-fde2-4afd-8a8d-2822c23a5a10	ZL_SS_H9C2_20XH2O_Conf_StageII_PWP5_CellP_2x2_8St_20240614	Measurement 1	Evaluation5	PlateResults_Plate5.txt	Plate5
Plate5R07C20	7	20	1	0	524	4	0		0.4			Instrument	http://harmony-pc.pharmacy.ohio-state.edu/ODA/OdaService.asmx	9e3b3138-fde2-4afd-8a8d-2822c23a5a10	ZL_SS_H9C2_20XH2O_Conf_StageII_PWP5_CellP_2x2_8St_20240614	Measurement 1	Evaluation5	PlateResults_Plate5.txt	Plate5
Plate5R07C21	7	21	1	0	458	4	0		0.4			Instrument	http://harmony-pc.pharmacy.ohio-state.edu/ODA/OdaService.asmx	9e3b3138-fde2-4afd-8a8d-2822c23a5a10	ZL_SS_H9C2_20XH2O_Conf_StageII_PWP5_CellP_2x2_8St_20240614	Measurement 1	Evaluation5	PlateResults_Plate5.txt	Plate5
Plate5R07C22	7	22	1	0	453	4	0		0.4			Instrument	http://harmony-pc.pharmacy.ohio-state.edu/ODA/OdaService.asmx	9e3b3138-fde2-4afd-8a8d-2822c23a5a10	ZL_SS_H9C2_20XH2O_Conf_StageII_PWP5_CellP_2x2_8St_20240614	Measurement 1	Evaluation5	PlateResults_Plate5.txt	Plate5
Plate5R07C23	7	23	1	0	332	4	0	Axit	0.0274348422496571			Instrument	http://harmony-pc.pharmacy.ohio-state.edu/ODA/OdaService.asmx	9e3b3138-fde2-4afd-8a8d-2822c23a5a10	ZL_SS_H9C2_20XH2O_Conf_StageII_PWP5_CellP_2x2_8St_20240614	Measurement 1	Evaluation5	PlateResults_Plate5.txt	Plate5
Plate5R07C24	7	24	1	0	367	4	0	Axit	0.0274348422496571			Instrument	http://harmony-pc.pharmacy.ohio-state.edu/ODA/OdaService.asmx	9e3b3138-fde2-4afd-8a8d-2822c23a5a10	ZL_SS_H9C2_20XH2O_Conf_StageII_PWP5_CellP_2x2_8St_20240614	Measurement 1	Evaluation5	PlateResults_Plate5.txt	Plate5
Plate5R08C01	8	1	1	0	532	4	0	DMSO	0.001			Instrument	http://harmony-pc.pharmacy.ohio-state.edu/ODA/OdaService.asmx	9e3b3138-fde2-4afd-8a8d-2822c23a5a10	ZL_SS_H9C2_20XH2O_Conf_StageII_PWP5_CellP_2x2_8St_20240614	Measurement 1	Evaluation5	PlateResults_Plate5.txt	Plate5
Plate5R08C02	8	2	1	0	445	4	0	DMSO	0.001			Instrument	http://harmony-pc.pharmacy.ohio-state.edu/ODA/OdaService.asmx	9e3b3138-fde2-4afd-8a8d-2822c23a5a10	ZL_SS_H9C2_20XH2O_Conf_StageII_PWP5_CellP_2x2_8St_20240614	Measurement 1	Evaluation5	PlateResults_Plate5.txt	Plate5
Plate5R08C03	8	3	1	0	500	4	0		0.4			Instrument	http://harmony-pc.pharmacy.ohio-state.edu/ODA/OdaService.asmx	9e3b3138-fde2-4afd-8a8d-2822c23a5a10	ZL_SS_H9C2_20XH2O_Conf_StageII_PWP5_CellP_2x2_8St_20240614	Measurement 1	Evaluation5	PlateResults_Plate5.txt	Plate5
Plate5R08C04	8	4	1	0	374	4	0		0.4			Instrument	http://harmony-pc.pharmacy.ohio-state.edu/ODA/OdaService.asmx	9e3b3138-fde2-4afd-8a8d-2822c23a5a10	ZL_SS_H9C2_20XH2O_Conf_StageII_PWP5_CellP_2x2_8St_20240614	Measurement 1	Evaluation5	PlateResults_Plate5.txt	Plate5
Plate5R08C05	8	5	1	0	461	4	0		0.4			Instrument	http://harmony-pc.pharmacy.ohio-state.edu/ODA/OdaService.asmx	9e3b3138-fde2-4afd-8a8d-2822c23a5a10	ZL_SS_H9C2_20XH2O_Conf_StageII_PWP5_CellP_2x2_8St_20240614	Measurement 1	Evaluation5	PlateResults_Plate5.txt	Plate5
Plate5R08C06	8	6	1	0	457	4	0		0.4			Instrument	http://harmony-pc.pharmacy.ohio-state.edu/ODA/OdaService.asmx	9e3b3138-fde2-4afd-8a8d-2822c23a5a10	ZL_SS_H9C2_20XH2O_Conf_StageII_PWP5_CellP_2x2_8St_20240614	Measurement 1	Evaluation5	PlateResults_Plate5.txt	Plate5
Plate5R08C07	8	7	1	0	473	4	0		0.4			Instrument	http://harmony-pc.pharmacy.ohio-state.edu/ODA/OdaService.asmx	9e3b3138-fde2-4afd-8a8d-2822c23a5a10	ZL_SS_H9C2_20XH2O_Conf_StageII_PWP5_CellP_2x2_8St_20240614	Measurement 1	Evaluation5	PlateResults_Plate5.txt	Plate5
Plate5R08C08	8	8	1	0	358	4	0		0.4			Instrument	http://harmony-pc.pharmacy.ohio-state.edu/ODA/OdaService.asmx	9e3b3138-fde2-4afd-8a8d-2822c23a5a10	ZL_SS_H9C2_20XH2O_Conf_StageII_PWP5_CellP_2x2_8St_20240614	Measurement 1	Evaluation5	PlateResults_Plate5.txt	Plate5
Plate5R08C09	8	9	1	0	540	4	0		0.4			Instrument	http://harmony-pc.pharmacy.ohio-state.edu/ODA/OdaService.asmx	9e3b3138-fde2-4afd-8a8d-2822c23a5a10	ZL_SS_H9C2_20XH2O_Conf_StageII_PWP5_CellP_2x2_8St_20240614	Measurement 1	Evaluation5	PlateResults_Plate5.txt	Plate5
Plate5R08C10	8	10	1	0	517	4	0		0.4			Instrument	http://harmony-pc.pharmacy.ohio-state.edu/ODA/OdaService.asmx	9e3b3138-fde2-4afd-8a8d-2822c23a5a10	ZL_SS_H9C2_20XH2O_Conf_StageII_PWP5_CellP_2x2_8St_20240614	Measurement 1	Evaluation5	PlateResults_Plate5.txt	Plate5
Plate5R08C11	8	11	1	0	499	4	0		0.4			Instrument	http://harmony-pc.pharmacy.ohio-state.edu/ODA/OdaService.asmx	9e3b3138-fde2-4afd-8a8d-2822c23a5a10	ZL_SS_H9C2_20XH2O_Conf_StageII_PWP5_CellP_2x2_8St_20240614	Measurement 1	Evaluation5	PlateResults_Plate5.txt	Plate5
Plate5R08C12	8	12	1	0	457	4	0		0.4			Instrument	http://harmony-pc.pharmacy.ohio-state.edu/ODA/OdaService.asmx	9e3b3138-fde2-4afd-8a8d-2822c23a5a10	ZL_SS_H9C2_20XH2O_Conf_StageII_PWP5_CellP_2x2_8St_20240614	Measurement 1	Evaluation5	PlateResults_Plate5.txt	Plate5
Plate5R08C13	8	13	1	0	488	4	0		0.4			Instrument	http://harmony-pc.pharmacy.ohio-state.edu/ODA/OdaService.asmx	9e3b3138-fde2-4afd-8a8d-2822c23a5a10	ZL_SS_H9C2_20XH2O_Conf_StageII_PWP5_CellP_2x2_8St_20240614	Measurement 1	Evaluation5	PlateResults_Plate5.txt	Plate5
Plate5R08C14	8	14	1	0	472	4	0		0.4			Instrument	http://harmony-pc.pharmacy.ohio-state.edu/ODA/OdaService.asmx	9e3b3138-fde2-4afd-8a8d-2822c23a5a10	ZL_SS_H9C2_20XH2O_Conf_StageII_PWP5_CellP_2x2_8St_20240614	Measurement 1	Evaluation5	PlateResults_Plate5.txt	Plate5
Plate5R08C15	8	15	1	0	416	4	0		0.4			Instrument	http://harmony-pc.pharmacy.ohio-state.edu/ODA/OdaService.asmx	9e3b3138-fde2-4afd-8a8d-2822c23a5a10	ZL_SS_H9C2_20XH2O_Conf_StageII_PWP5_CellP_2x2_8St_20240614	Measurement 1	Evaluation5	PlateResults_Plate5.txt	Plate5
Plate5R08C16	8	16	1	0	480	4	0		0.4			Instrument	http://harmony-pc.pharmacy.ohio-state.edu/ODA/OdaService.asmx	9e3b3138-fde2-4afd-8a8d-2822c23a5a10	ZL_SS_H9C2_20XH2O_Conf_StageII_PWP5_CellP_2x2_8St_20240614	Measurement 1	Evaluation5	PlateResults_Plate5.txt	Plate5
Plate5R08C17	8	17	1	0	447	4	0		0.4			Instrument	http://harmony-pc.pharmacy.ohio-state.edu/ODA/OdaService.asmx	9e3b3138-fde2-4afd-8a8d-2822c23a5a10	ZL_SS_H9C2_20XH2O_Conf_StageII_PWP5_CellP_2x2_8St_20240614	Measurement 1	Evaluation5	PlateResults_Plate5.txt	Plate5
Plate5R08C18	8	18	1	0	424	4	0		0.4			Instrument	http://harmony-pc.pharmacy.ohio-state.edu/ODA/OdaService.asmx	9e3b3138-fde2-4afd-8a8d-2822c23a5a10	ZL_SS_H9C2_20XH2O_Conf_StageII_PWP5_CellP_2x2_8St_20240614	Measurement 1	Evaluation5	PlateResults_Plate5.txt	Plate5
Plate5R08C19	8	19	1	0	386	4	0		0.4			Instrument	http://harmony-pc.pharmacy.ohio-state.edu/ODA/OdaService.asmx	9e3b3138-fde2-4afd-8a8d-2822c23a5a10	ZL_SS_H9C2_20XH2O_Conf_StageII_PWP5_CellP_2x2_8St_20240614	Measurement 1	Evaluation5	PlateResults_Plate5.txt	Plate5
Plate5R08C20	8	20	1	0	469	4	0		0.4			Instrument	http://harmony-pc.pharmacy.ohio-state.edu/ODA/OdaService.asmx	9e3b3138-fde2-4afd-8a8d-2822c23a5a10	ZL_SS_H9C2_20XH2O_Conf_StageII_PWP5_CellP_2x2_8St_20240614	Measurement 1	Evaluation5	PlateResults_Plate5.txt	Plate5
Plate5R08C21	8	21	1	0	496	4	0		0.4			Instrument	http://harmony-pc.pharmacy.ohio-state.edu/ODA/OdaService.asmx	9e3b3138-fde2-4afd-8a8d-2822c23a5a10	ZL_SS_H9C2_20XH2O_Conf_StageII_PWP5_CellP_2x2_8St_20240614	Measurement 1	Evaluation5	PlateResults_Plate5.txt	Plate5
Plate5R08C22	8	22	1	0	385	4	0		0.4			Instrument	http://harmony-pc.pharmacy.ohio-state.edu/ODA/OdaService.asmx	9e3b3138-fde2-4afd-8a8d-2822c23a5a10	ZL_SS_H9C2_20XH2O_Conf_StageII_PWP5_CellP_2x2_8St_20240614	Measurement 1	Evaluation5	PlateResults_Plate5.txt	Plate5
Plate5R08C23	8	23	1	0	384	4	0	Axit	0.00914494741655235			Instrument	http://harmony-pc.pharmacy.ohio-state.edu/ODA/OdaService.asmx	9e3b3138-fde2-4afd-8a8d-2822c23a5a10	ZL_SS_H9C2_20XH2O_Conf_StageII_PWP5_CellP_2x2_8St_20240614	Measurement 1	Evaluation5	PlateResults_Plate5.txt	Plate5
Plate5R08C24	8	24	1	0	328	4	0	Axit	0.00914494741655235			Instrument	http://harmony-pc.pharmacy.ohio-state.edu/ODA/OdaService.asmx	9e3b3138-fde2-4afd-8a8d-2822c23a5a10	ZL_SS_H9C2_20XH2O_Conf_StageII_PWP5_CellP_2x2_8St_20240614	Measurement 1	Evaluation5	PlateResults_Plate5.txt	Plate5
Plate5R09C01	9	1	1	0	74	4	0	Dacti	0.4			Instrument	http://harmony-pc.pharmacy.ohio-state.edu/ODA/OdaService.asmx	9e3b3138-fde2-4afd-8a8d-2822c23a5a10	ZL_SS_H9C2_20XH2O_Conf_StageII_PWP5_CellP_2x2_8St_20240614	Measurement 1	Evaluation5	PlateResults_Plate5.txt	Plate5
Plate5R09C02	9	2	1	0	65	4	0	Dacti	0.4			Instrument	http://harmony-pc.pharmacy.ohio-state.edu/ODA/OdaService.asmx	9e3b3138-fde2-4afd-8a8d-2822c23a5a10	ZL_SS_H9C2_20XH2O_Conf_StageII_PWP5_CellP_2x2_8St_20240614	Measurement 1	Evaluation5	PlateResults_Plate5.txt	Plate5
Plate5R09C03	9	3	1	0	463	4	0		0.4			Instrument	http://harmony-pc.pharmacy.ohio-state.edu/ODA/OdaService.asmx	9e3b3138-fde2-4afd-8a8d-2822c23a5a10	ZL_SS_H9C2_20XH2O_Conf_StageII_PWP5_CellP_2x2_8St_20240614	Measurement 1	Evaluation5	PlateResults_Plate5.txt	Plate5
Plate5R09C04	9	4	1	0	411	4	0		0.4			Instrument	http://harmony-pc.pharmacy.ohio-state.edu/ODA/OdaService.asmx	9e3b3138-fde2-4afd-8a8d-2822c23a5a10	ZL_SS_H9C2_20XH2O_Conf_StageII_PWP5_CellP_2x2_8St_20240614	Measurement 1	Evaluation5	PlateResults_Plate5.txt	Plate5
Plate5R09C05	9	5	1	0	479	4	0		0.4			Instrument	http://harmony-pc.pharmacy.ohio-state.edu/ODA/OdaService.asmx	9e3b3138-fde2-4afd-8a8d-2822c23a5a10	ZL_SS_H9C2_20XH2O_Conf_StageII_PWP5_CellP_2x2_8St_20240614	Measurement 1	Evaluation5	PlateResults_Plate5.txt	Plate5
Plate5R09C06	9	6	1	0	522	4	0		0.4			Instrument	http://harmony-pc.pharmacy.ohio-state.edu/ODA/OdaService.asmx	9e3b3138-fde2-4afd-8a8d-2822c23a5a10	ZL_SS_H9C2_20XH2O_Conf_StageII_PWP5_CellP_2x2_8St_20240614	Measurement 1	Evaluation5	PlateResults_Plate5.txt	Plate5
Plate5R09C07	9	7	1	0	405	4	0		0.4			Instrument	http://harmony-pc.pharmacy.ohio-state.edu/ODA/OdaService.asmx	9e3b3138-fde2-4afd-8a8d-2822c23a5a10	ZL_SS_H9C2_20XH2O_Conf_StageII_PWP5_CellP_2x2_8St_20240614	Measurement 1	Evaluation5	PlateResults_Plate5.txt	Plate5
Plate5R09C08	9	8	1	0	562	4	0		0.4			Instrument	http://harmony-pc.pharmacy.ohio-state.edu/ODA/OdaService.asmx	9e3b3138-fde2-4afd-8a8d-2822c23a5a10	ZL_SS_H9C2_20XH2O_Conf_StageII_PWP5_CellP_2x2_8St_20240614	Measurement 1	Evaluation5	PlateResults_Plate5.txt	Plate5
Plate5R09C09	9	9	1	0	432	4	0		0.4			Instrument	http://harmony-pc.pharmacy.ohio-state.edu/ODA/OdaService.asmx	9e3b3138-fde2-4afd-8a8d-2822c23a5a10	ZL_SS_H9C2_20XH2O_Conf_StageII_PWP5_CellP_2x2_8St_20240614	Measurement 1	Evaluation5	PlateResults_Plate5.txt	Plate5
Plate5R09C10	9	10	1	0	412	4	0		0.4			Instrument	http://harmony-pc.pharmacy.ohio-state.edu/ODA/OdaService.asmx	9e3b3138-fde2-4afd-8a8d-2822c23a5a10	ZL_SS_H9C2_20XH2O_Conf_StageII_PWP5_CellP_2x2_8St_20240614	Measurement 1	Evaluation5	PlateResults_Plate5.txt	Plate5
Plate5R09C11	9	11	1	0	475	4	0		0.4			Instrument	http://harmony-pc.pharmacy.ohio-state.edu/ODA/OdaService.asmx	9e3b3138-fde2-4afd-8a8d-2822c23a5a10	ZL_SS_H9C2_20XH2O_Conf_StageII_PWP5_CellP_2x2_8St_20240614	Measurement 1	Evaluation5	PlateResults_Plate5.txt	Plate5
Plate5R09C12	9	12	1	0	431	4	0		0.4			Instrument	http://harmony-pc.pharmacy.ohio-state.edu/ODA/OdaService.asmx	9e3b3138-fde2-4afd-8a8d-2822c23a5a10	ZL_SS_H9C2_20XH2O_Conf_StageII_PWP5_CellP_2x2_8St_20240614	Measurement 1	Evaluation5	PlateResults_Plate5.txt	Plate5
Plate5R09C13	9	13	1	0	471	4	0		0.4			Instrument	http://harmony-pc.pharmacy.ohio-state.edu/ODA/OdaService.asmx	9e3b3138-fde2-4afd-8a8d-2822c23a5a10	ZL_SS_H9C2_20XH2O_Conf_StageII_PWP5_CellP_2x2_8St_20240614	Measurement 1	Evaluation5	PlateResults_Plate5.txt	Plate5
Plate5R09C14	9	14	1	0	400	4	0		0.4			Instrument	http://harmony-pc.pharmacy.ohio-state.edu/ODA/OdaService.asmx	9e3b3138-fde2-4afd-8a8d-2822c23a5a10	ZL_SS_H9C2_20XH2O_Conf_StageII_PWP5_CellP_2x2_8St_20240614	Measurement 1	Evaluation5	PlateResults_Plate5.txt	Plate5
Plate5R09C15	9	15	1	0	424	4	0		0.4			Instrument	http://harmony-pc.pharmacy.ohio-state.edu/ODA/OdaService.asmx	9e3b3138-fde2-4afd-8a8d-2822c23a5a10	ZL_SS_H9C2_20XH2O_Conf_StageII_PWP5_CellP_2x2_8St_20240614	Measurement 1	Evaluation5	PlateResults_Plate5.txt	Plate5
Plate5R09C16	9	16	1	0	519	4	0		0.4			Instrument	http://harmony-pc.pharmacy.ohio-state.edu/ODA/OdaService.asmx	9e3b3138-fde2-4afd-8a8d-2822c23a5a10	ZL_SS_H9C2_20XH2O_Conf_StageII_PWP5_CellP_2x2_8St_20240614	Measurement 1	Evaluation5	PlateResults_Plate5.txt	Plate5
Plate5R09C17	9	17	1	0	445	4	0		0.4			Instrument	http://harmony-pc.pharmacy.ohio-state.edu/ODA/OdaService.asmx	9e3b3138-fde2-4afd-8a8d-2822c23a5a10	ZL_SS_H9C2_20XH2O_Conf_StageII_PWP5_CellP_2x2_8St_20240614	Measurement 1	Evaluation5	PlateResults_Plate5.txt	Plate5
Plate5R09C18	9	18	1	0	493	4	0		0.4			Instrument	http://harmony-pc.pharmacy.ohio-state.edu/ODA/OdaService.asmx	9e3b3138-fde2-4afd-8a8d-2822c23a5a10	ZL_SS_H9C2_20XH2O_Conf_StageII_PWP5_CellP_2x2_8St_20240614	Measurement 1	Evaluation5	PlateResults_Plate5.txt	Plate5
Plate5R09C19	9	19	1	0	466	4	0		0.4			Instrument	http://harmony-pc.pharmacy.ohio-state.edu/ODA/OdaService.asmx	9e3b3138-fde2-4afd-8a8d-2822c23a5a10	ZL_SS_H9C2_20XH2O_Conf_StageII_PWP5_CellP_2x2_8St_20240614	Measurement 1	Evaluation5	PlateResults_Plate5.txt	Plate5
Plate5R09C20	9	20	1	0	552	4	0		0.4			Instrument	http://harmony-pc.pharmacy.ohio-state.edu/ODA/OdaService.asmx	9e3b3138-fde2-4afd-8a8d-2822c23a5a10	ZL_SS_H9C2_20XH2O_Conf_StageII_PWP5_CellP_2x2_8St_20240614	Measurement 1	Evaluation5	PlateResults_Plate5.txt	Plate5
Plate5R09C21	9	21	1	0	515	4	0		0.4			Instrument	http://harmony-pc.pharmacy.ohio-state.edu/ODA/OdaService.asmx	9e3b3138-fde2-4afd-8a8d-2822c23a5a10	ZL_SS_H9C2_20XH2O_Conf_StageII_PWP5_CellP_2x2_8St_20240614	Measurement 1	Evaluation5	PlateResults_Plate5.txt	Plate5
Plate5R09C22	9	22	1	0	487	4	0		0.4			Instrument	http://harmony-pc.pharmacy.ohio-state.edu/ODA/OdaService.asmx	9e3b3138-fde2-4afd-8a8d-2822c23a5a10	ZL_SS_H9C2_20XH2O_Conf_StageII_PWP5_CellP_2x2_8St_20240614	Measurement 1	Evaluation5	PlateResults_Plate5.txt	Plate5
Plate5R09C23	9	23	1	0	95	4	0	Cabo	20			Instrument	http://harmony-pc.pharmacy.ohio-state.edu/ODA/OdaService.asmx	9e3b3138-fde2-4afd-8a8d-2822c23a5a10	ZL_SS_H9C2_20XH2O_Conf_StageII_PWP5_CellP_2x2_8St_20240614	Measurement 1	Evaluation5	PlateResults_Plate5.txt	Plate5
Plate5R09C24	9	24	1	0	50	4	0	Cabo	20			Instrument	http://harmony-pc.pharmacy.ohio-state.edu/ODA/OdaService.asmx	9e3b3138-fde2-4afd-8a8d-2822c23a5a10	ZL_SS_H9C2_20XH2O_Conf_StageII_PWP5_CellP_2x2_8St_20240614	Measurement 1	Evaluation5	PlateResults_Plate5.txt	Plate5
Plate5R10C01	10	1	1	0	86	4	0	Dacti	0.133333333333333			Instrument	http://harmony-pc.pharmacy.ohio-state.edu/ODA/OdaService.asmx	9e3b3138-fde2-4afd-8a8d-2822c23a5a10	ZL_SS_H9C2_20XH2O_Conf_StageII_PWP5_CellP_2x2_8St_20240614	Measurement 1	Evaluation5	PlateResults_Plate5.txt	Plate5
Plate5R10C02	10	2	1	0	83	4	0	Dacti	0.133333333333333			Instrument	http://harmony-pc.pharmacy.ohio-state.edu/ODA/OdaService.asmx	9e3b3138-fde2-4afd-8a8d-2822c23a5a10	ZL_SS_H9C2_20XH2O_Conf_StageII_PWP5_CellP_2x2_8St_20240614	Measurement 1	Evaluation5	PlateResults_Plate5.txt	Plate5
Plate5R10C03	10	3	1	0	518	4	0		0.4			Instrument	http://harmony-pc.pharmacy.ohio-state.edu/ODA/OdaService.asmx	9e3b3138-fde2-4afd-8a8d-2822c23a5a10	ZL_SS_H9C2_20XH2O_Conf_StageII_PWP5_CellP_2x2_8St_20240614	Measurement 1	Evaluation5	PlateResults_Plate5.txt	Plate5
Plate5R10C04	10	4	1	0	474	4	0		0.4			Instrument	http://harmony-pc.pharmacy.ohio-state.edu/ODA/OdaService.asmx	9e3b3138-fde2-4afd-8a8d-2822c23a5a10	ZL_SS_H9C2_20XH2O_Conf_StageII_PWP5_CellP_2x2_8St_20240614	Measurement 1	Evaluation5	PlateResults_Plate5.txt	Plate5
Plate5R10C05	10	5	1	0	448	4	0		0.4			Instrument	http://harmony-pc.pharmacy.ohio-state.edu/ODA/OdaService.asmx	9e3b3138-fde2-4afd-8a8d-2822c23a5a10	ZL_SS_H9C2_20XH2O_Conf_StageII_PWP5_CellP_2x2_8St_20240614	Measurement 1	Evaluation5	PlateResults_Plate5.txt	Plate5
Plate5R10C06	10	6	1	0	472	4	0		0.4			Instrument	http://harmony-pc.pharmacy.ohio-state.edu/ODA/OdaService.asmx	9e3b3138-fde2-4afd-8a8d-2822c23a5a10	ZL_SS_H9C2_20XH2O_Conf_StageII_PWP5_CellP_2x2_8St_20240614	Measurement 1	Evaluation5	PlateResults_Plate5.txt	Plate5
Plate5R10C07	10	7	1	0	482	4	0		0.4			Instrument	http://harmony-pc.pharmacy.ohio-state.edu/ODA/OdaService.asmx	9e3b3138-fde2-4afd-8a8d-2822c23a5a10	ZL_SS_H9C2_20XH2O_Conf_StageII_PWP5_CellP_2x2_8St_20240614	Measurement 1	Evaluation5	PlateResults_Plate5.txt	Plate5
Plate5R10C08	10	8	1	0	508	4	0		0.4			Instrument	http://harmony-pc.pharmacy.ohio-state.edu/ODA/OdaService.asmx	9e3b3138-fde2-4afd-8a8d-2822c23a5a10	ZL_SS_H9C2_20XH2O_Conf_StageII_PWP5_CellP_2x2_8St_20240614	Measurement 1	Evaluation5	PlateResults_Plate5.txt	Plate5
Plate5R10C09	10	9	1	0	508	4	0		0.4			Instrument	http://harmony-pc.pharmacy.ohio-state.edu/ODA/OdaService.asmx	9e3b3138-fde2-4afd-8a8d-2822c23a5a10	ZL_SS_H9C2_20XH2O_Conf_StageII_PWP5_CellP_2x2_8St_20240614	Measurement 1	Evaluation5	PlateResults_Plate5.txt	Plate5
Plate5R10C10	10	10	1	0	446	4	0		0.4			Instrument	http://harmony-pc.pharmacy.ohio-state.edu/ODA/OdaService.asmx	9e3b3138-fde2-4afd-8a8d-2822c23a5a10	ZL_SS_H9C2_20XH2O_Conf_StageII_PWP5_CellP_2x2_8St_20240614	Measurement 1	Evaluation5	PlateResults_Plate5.txt	Plate5
Plate5R10C11	10	11	1	0	458	4	0		0.4			Instrument	http://harmony-pc.pharmacy.ohio-state.edu/ODA/OdaService.asmx	9e3b3138-fde2-4afd-8a8d-2822c23a5a10	ZL_SS_H9C2_20XH2O_Conf_StageII_PWP5_CellP_2x2_8St_20240614	Measurement 1	Evaluation5	PlateResults_Plate5.txt	Plate5
Plate5R10C12	10	12	1	0	492	4	0		0.4			Instrument	http://harmony-pc.pharmacy.ohio-state.edu/ODA/OdaService.asmx	9e3b3138-fde2-4afd-8a8d-2822c23a5a10	ZL_SS_H9C2_20XH2O_Conf_StageII_PWP5_CellP_2x2_8St_20240614	Measurement 1	Evaluation5	PlateResults_Plate5.txt	Plate5
Plate5R10C13	10	13	1	0	432	4	0		0.4			Instrument	http://harmony-pc.pharmacy.ohio-state.edu/ODA/OdaService.asmx	9e3b3138-fde2-4afd-8a8d-2822c23a5a10	ZL_SS_H9C2_20XH2O_Conf_StageII_PWP5_CellP_2x2_8St_20240614	Measurement 1	Evaluation5	PlateResults_Plate5.txt	Plate5
Plate5R10C14	10	14	1	0	440	4	0		0.4			Instrument	http://harmony-pc.pharmacy.ohio-state.edu/ODA/OdaService.asmx	9e3b3138-fde2-4afd-8a8d-2822c23a5a10	ZL_SS_H9C2_20XH2O_Conf_StageII_PWP5_CellP_2x2_8St_20240614	Measurement 1	Evaluation5	PlateResults_Plate5.txt	Plate5
Plate5R10C15	10	15	1	0	186	4	0		0.4			Instrument	http://harmony-pc.pharmacy.ohio-state.edu/ODA/OdaService.asmx	9e3b3138-fde2-4afd-8a8d-2822c23a5a10	ZL_SS_H9C2_20XH2O_Conf_StageII_PWP5_CellP_2x2_8St_20240614	Measurement 1	Evaluation5	PlateResults_Plate5.txt	Plate5
Plate5R10C16	10	16	1	0	433	4	0		0.4			Instrument	http://harmony-pc.pharmacy.ohio-state.edu/ODA/OdaService.asmx	9e3b3138-fde2-4afd-8a8d-2822c23a5a10	ZL_SS_H9C2_20XH2O_Conf_StageII_PWP5_CellP_2x2_8St_20240614	Measurement 1	Evaluation5	PlateResults_Plate5.txt	Plate5
Plate5R10C17	10	17	1	0	416	4	0		0.4			Instrument	http://harmony-pc.pharmacy.ohio-state.edu/ODA/OdaService.asmx	9e3b3138-fde2-4afd-8a8d-2822c23a5a10	ZL_SS_H9C2_20XH2O_Conf_StageII_PWP5_CellP_2x2_8St_20240614	Measurement 1	Evaluation5	PlateResults_Plate5.txt	Plate5
Plate5R10C18	10	18	1	0	498	4	0		0.4			Instrument	http://harmony-pc.pharmacy.ohio-state.edu/ODA/OdaService.asmx	9e3b3138-fde2-4afd-8a8d-2822c23a5a10	ZL_SS_H9C2_20XH2O_Conf_StageII_PWP5_CellP_2x2_8St_20240614	Measurement 1	Evaluation5	PlateResults_Plate5.txt	Plate5
Plate5R10C19	10	19	1	0	475	4	0		0.4			Instrument	http://harmony-pc.pharmacy.ohio-state.edu/ODA/OdaService.asmx	9e3b3138-fde2-4afd-8a8d-2822c23a5a10	ZL_SS_H9C2_20XH2O_Conf_StageII_PWP5_CellP_2x2_8St_20240614	Measurement 1	Evaluation5	PlateResults_Plate5.txt	Plate5
Plate5R10C20	10	20	1	0	456	4	0		0.4			Instrument	http://harmony-pc.pharmacy.ohio-state.edu/ODA/OdaService.asmx	9e3b3138-fde2-4afd-8a8d-2822c23a5a10	ZL_SS_H9C2_20XH2O_Conf_StageII_PWP5_CellP_2x2_8St_20240614	Measurement 1	Evaluation5	PlateResults_Plate5.txt	Plate5
Plate5R10C21	10	21	1	0	456	4	0		0.4			Instrument	http://harmony-pc.pharmacy.ohio-state.edu/ODA/OdaService.asmx	9e3b3138-fde2-4afd-8a8d-2822c23a5a10	ZL_SS_H9C2_20XH2O_Conf_StageII_PWP5_CellP_2x2_8St_20240614	Measurement 1	Evaluation5	PlateResults_Plate5.txt	Plate5
Plate5R10C22	10	22	1	0	428	4	0		0.4			Instrument	http://harmony-pc.pharmacy.ohio-state.edu/ODA/OdaService.asmx	9e3b3138-fde2-4afd-8a8d-2822c23a5a10	ZL_SS_H9C2_20XH2O_Conf_StageII_PWP5_CellP_2x2_8St_20240614	Measurement 1	Evaluation5	PlateResults_Plate5.txt	Plate5
Plate5R10C23	10	23	1	0	229	4	0	Cabo	6.66666666666667			Instrument	http://harmony-pc.pharmacy.ohio-state.edu/ODA/OdaService.asmx	9e3b3138-fde2-4afd-8a8d-2822c23a5a10	ZL_SS_H9C2_20XH2O_Conf_StageII_PWP5_CellP_2x2_8St_20240614	Measurement 1	Evaluation5	PlateResults_Plate5.txt	Plate5
Plate5R10C24	10	24	1	0	171	4	0	Cabo	6.66666666666667			Instrument	http://harmony-pc.pharmacy.ohio-state.edu/ODA/OdaService.asmx	9e3b3138-fde2-4afd-8a8d-2822c23a5a10	ZL_SS_H9C2_20XH2O_Conf_StageII_PWP5_CellP_2x2_8St_20240614	Measurement 1	Evaluation5	PlateResults_Plate5.txt	Plate5
Plate5R11C01	11	1	1	0	67	4	0	Dacti	0.0444444444444444			Instrument	http://harmony-pc.pharmacy.ohio-state.edu/ODA/OdaService.asmx	9e3b3138-fde2-4afd-8a8d-2822c23a5a10	ZL_SS_H9C2_20XH2O_Conf_StageII_PWP5_CellP_2x2_8St_20240614	Measurement 1	Evaluation5	PlateResults_Plate5.txt	Plate5
Plate5R11C02	11	2	1	0	65	4	0	Dacti	0.0444444444444444			Instrument	http://harmony-pc.pharmacy.ohio-state.edu/ODA/OdaService.asmx	9e3b3138-fde2-4afd-8a8d-2822c23a5a10	ZL_SS_H9C2_20XH2O_Conf_StageII_PWP5_CellP_2x2_8St_20240614	Measurement 1	Evaluation5	PlateResults_Plate5.txt	Plate5
Plate5R11C03	11	3	1	0	527	4	0		0.4			Instrument	http://harmony-pc.pharmacy.ohio-state.edu/ODA/OdaService.asmx	9e3b3138-fde2-4afd-8a8d-2822c23a5a10	ZL_SS_H9C2_20XH2O_Conf_StageII_PWP5_CellP_2x2_8St_20240614	Measurement 1	Evaluation5	PlateResults_Plate5.txt	Plate5
Plate5R11C04	11	4	1	0	337	4	0		0.4			Instrument	http://harmony-pc.pharmacy.ohio-state.edu/ODA/OdaService.asmx	9e3b3138-fde2-4afd-8a8d-2822c23a5a10	ZL_SS_H9C2_20XH2O_Conf_StageII_PWP5_CellP_2x2_8St_20240614	Measurement 1	Evaluation5	PlateResults_Plate5.txt	Plate5
Plate5R11C05	11	5	1	0	416	4	0		0.4			Instrument	http://harmony-pc.pharmacy.ohio-state.edu/ODA/OdaService.asmx	9e3b3138-fde2-4afd-8a8d-2822c23a5a10	ZL_SS_H9C2_20XH2O_Conf_StageII_PWP5_CellP_2x2_8St_20240614	Measurement 1	Evaluation5	PlateResults_Plate5.txt	Plate5
Plate5R11C06	11	6	1	0	506	4	0		0.4			Instrument	http://harmony-pc.pharmacy.ohio-state.edu/ODA/OdaService.asmx	9e3b3138-fde2-4afd-8a8d-2822c23a5a10	ZL_SS_H9C2_20XH2O_Conf_StageII_PWP5_CellP_2x2_8St_20240614	Measurement 1	Evaluation5	PlateResults_Plate5.txt	Plate5
Plate5R11C07	11	7	1	0	475	4	0		0.4			Instrument	http://harmony-pc.pharmacy.ohio-state.edu/ODA/OdaService.asmx	9e3b3138-fde2-4afd-8a8d-2822c23a5a10	ZL_SS_H9C2_20XH2O_Conf_StageII_PWP5_CellP_2x2_8St_20240614	Measurement 1	Evaluation5	PlateResults_Plate5.txt	Plate5
Plate5R11C08	11	8	1	0	421	4	0		0.4			Instrument	http://harmony-pc.pharmacy.ohio-state.edu/ODA/OdaService.asmx	9e3b3138-fde2-4afd-8a8d-2822c23a5a10	ZL_SS_H9C2_20XH2O_Conf_StageII_PWP5_CellP_2x2_8St_20240614	Measurement 1	Evaluation5	PlateResults_Plate5.txt	Plate5
Plate5R11C09	11	9	1	0	480	4	0		0.4			Instrument	http://harmony-pc.pharmacy.ohio-state.edu/ODA/OdaService.asmx	9e3b3138-fde2-4afd-8a8d-2822c23a5a10	ZL_SS_H9C2_20XH2O_Conf_StageII_PWP5_CellP_2x2_8St_20240614	Measurement 1	Evaluation5	PlateResults_Plate5.txt	Plate5
Plate5R11C10	11	10	1	0	488	4	0		0.4			Instrument	http://harmony-pc.pharmacy.ohio-state.edu/ODA/OdaService.asmx	9e3b3138-fde2-4afd-8a8d-2822c23a5a10	ZL_SS_H9C2_20XH2O_Conf_StageII_PWP5_CellP_2x2_8St_20240614	Measurement 1	Evaluation5	PlateResults_Plate5.txt	Plate5
Plate5R11C11	11	11	1	0	563	4	0		0.4			Instrument	http://harmony-pc.pharmacy.ohio-state.edu/ODA/OdaService.asmx	9e3b3138-fde2-4afd-8a8d-2822c23a5a10	ZL_SS_H9C2_20XH2O_Conf_StageII_PWP5_CellP_2x2_8St_20240614	Measurement 1	Evaluation5	PlateResults_Plate5.txt	Plate5
Plate5R11C12	11	12	1	0	475	4	0		0.4			Instrument	http://harmony-pc.pharmacy.ohio-state.edu/ODA/OdaService.asmx	9e3b3138-fde2-4afd-8a8d-2822c23a5a10	ZL_SS_H9C2_20XH2O_Conf_StageII_PWP5_CellP_2x2_8St_20240614	Measurement 1	Evaluation5	PlateResults_Plate5.txt	Plate5
Plate5R11C13	11	13	1	0	440	4	0		0.4			Instrument	http://harmony-pc.pharmacy.ohio-state.edu/ODA/OdaService.asmx	9e3b3138-fde2-4afd-8a8d-2822c23a5a10	ZL_SS_H9C2_20XH2O_Conf_StageII_PWP5_CellP_2x2_8St_20240614	Measurement 1	Evaluation5	PlateResults_Plate5.txt	Plate5
Plate5R11C14	11	14	1	0	435	4	0		0.4			Instrument	http://harmony-pc.pharmacy.ohio-state.edu/ODA/OdaService.asmx	9e3b3138-fde2-4afd-8a8d-2822c23a5a10	ZL_SS_H9C2_20XH2O_Conf_StageII_PWP5_CellP_2x2_8St_20240614	Measurement 1	Evaluation5	PlateResults_Plate5.txt	Plate5
Plate5R11C15	11	15	1	0	402	4	0		0.4			Instrument	http://harmony-pc.pharmacy.ohio-state.edu/ODA/OdaService.asmx	9e3b3138-fde2-4afd-8a8d-2822c23a5a10	ZL_SS_H9C2_20XH2O_Conf_StageII_PWP5_CellP_2x2_8St_20240614	Measurement 1	Evaluation5	PlateResults_Plate5.txt	Plate5
Plate5R11C16	11	16	1	0	449	4	0		0.4			Instrument	http://harmony-pc.pharmacy.ohio-state.edu/ODA/OdaService.asmx	9e3b3138-fde2-4afd-8a8d-2822c23a5a10	ZL_SS_H9C2_20XH2O_Conf_StageII_PWP5_CellP_2x2_8St_20240614	Measurement 1	Evaluation5	PlateResults_Plate5.txt	Plate5
Plate5R11C17	11	17	1	0	441	4	0		0.4			Instrument	http://harmony-pc.pharmacy.ohio-state.edu/ODA/OdaService.asmx	9e3b3138-fde2-4afd-8a8d-2822c23a5a10	ZL_SS_H9C2_20XH2O_Conf_StageII_PWP5_CellP_2x2_8St_20240614	Measurement 1	Evaluation5	PlateResults_Plate5.txt	Plate5
Plate5R11C18	11	18	1	0	473	4	0		0.4			Instrument	http://harmony-pc.pharmacy.ohio-state.edu/ODA/OdaService.asmx	9e3b3138-fde2-4afd-8a8d-2822c23a5a10	ZL_SS_H9C2_20XH2O_Conf_StageII_PWP5_CellP_2x2_8St_20240614	Measurement 1	Evaluation5	PlateResults_Plate5.txt	Plate5
Plate5R11C19	11	19	1	2	483	4	0		0.4			Instrument	http://harmony-pc.pharmacy.ohio-state.edu/ODA/OdaService.asmx	9e3b3138-fde2-4afd-8a8d-2822c23a5a10	ZL_SS_H9C2_20XH2O_Conf_StageII_PWP5_CellP_2x2_8St_20240614	Measurement 1	Evaluation5	PlateResults_Plate5.txt	Plate5
Plate5R11C20	11	20	1	0	462	4	0		0.4			Instrument	http://harmony-pc.pharmacy.ohio-state.edu/ODA/OdaService.asmx	9e3b3138-fde2-4afd-8a8d-2822c23a5a10	ZL_SS_H9C2_20XH2O_Conf_StageII_PWP5_CellP_2x2_8St_20240614	Measurement 1	Evaluation5	PlateResults_Plate5.txt	Plate5
Plate5R11C21	11	21	1	0	442	4	0		0.4			Instrument	http://harmony-pc.pharmacy.ohio-state.edu/ODA/OdaService.asmx	9e3b3138-fde2-4afd-8a8d-2822c23a5a10	ZL_SS_H9C2_20XH2O_Conf_StageII_PWP5_CellP_2x2_8St_20240614	Measurement 1	Evaluation5	PlateResults_Plate5.txt	Plate5
Plate5R11C22	11	22	1	0	386	4	0		0.4			Instrument	http://harmony-pc.pharmacy.ohio-state.edu/ODA/OdaService.asmx	9e3b3138-fde2-4afd-8a8d-2822c23a5a10	ZL_SS_H9C2_20XH2O_Conf_StageII_PWP5_CellP_2x2_8St_20240614	Measurement 1	Evaluation5	PlateResults_Plate5.txt	Plate5
Plate5R11C23	11	23	1	0	303	4	0	Cabo	2.22222222222222			Instrument	http://harmony-pc.pharmacy.ohio-state.edu/ODA/OdaService.asmx	9e3b3138-fde2-4afd-8a8d-2822c23a5a10	ZL_SS_H9C2_20XH2O_Conf_StageII_PWP5_CellP_2x2_8St_20240614	Measurement 1	Evaluation5	PlateResults_Plate5.txt	Plate5
Plate5R11C24	11	24	1	0	263	4	0	Cabo	2.22222222222222			Instrument	http://harmony-pc.pharmacy.ohio-state.edu/ODA/OdaService.asmx	9e3b3138-fde2-4afd-8a8d-2822c23a5a10	ZL_SS_H9C2_20XH2O_Conf_StageII_PWP5_CellP_2x2_8St_20240614	Measurement 1	Evaluation5	PlateResults_Plate5.txt	Plate5
Plate5R12C01	12	1	1	0	44	4	0	Dacti	0.0148148148148148			Instrument	http://harmony-pc.pharmacy.ohio-state.edu/ODA/OdaService.asmx	9e3b3138-fde2-4afd-8a8d-2822c23a5a10	ZL_SS_H9C2_20XH2O_Conf_StageII_PWP5_CellP_2x2_8St_20240614	Measurement 1	Evaluation5	PlateResults_Plate5.txt	Plate5
Plate5R12C02	12	2	1	0	58	4	0	Dacti	0.0148148148148148			Instrument	http://harmony-pc.pharmacy.ohio-state.edu/ODA/OdaService.asmx	9e3b3138-fde2-4afd-8a8d-2822c23a5a10	ZL_SS_H9C2_20XH2O_Conf_StageII_PWP5_CellP_2x2_8St_20240614	Measurement 1	Evaluation5	PlateResults_Plate5.txt	Plate5
Plate5R12C03	12	3	1	0	509	4	0		0.4			Instrument	http://harmony-pc.pharmacy.ohio-state.edu/ODA/OdaService.asmx	9e3b3138-fde2-4afd-8a8d-2822c23a5a10	ZL_SS_H9C2_20XH2O_Conf_StageII_PWP5_CellP_2x2_8St_20240614	Measurement 1	Evaluation5	PlateResults_Plate5.txt	Plate5
Plate5R12C04	12	4	1	0	425	4	0		0.4			Instrument	http://harmony-pc.pharmacy.ohio-state.edu/ODA/OdaService.asmx	9e3b3138-fde2-4afd-8a8d-2822c23a5a10	ZL_SS_H9C2_20XH2O_Conf_StageII_PWP5_CellP_2x2_8St_20240614	Measurement 1	Evaluation5	PlateResults_Plate5.txt	Plate5
Plate5R12C05	12	5	1	0	432	4	0		0.4			Instrument	http://harmony-pc.pharmacy.ohio-state.edu/ODA/OdaService.asmx	9e3b3138-fde2-4afd-8a8d-2822c23a5a10	ZL_SS_H9C2_20XH2O_Conf_StageII_PWP5_CellP_2x2_8St_20240614	Measurement 1	Evaluation5	PlateResults_Plate5.txt	Plate5
Plate5R12C06	12	6	1	0	486	4	0		0.4			Instrument	http://harmony-pc.pharmacy.ohio-state.edu/ODA/OdaService.asmx	9e3b3138-fde2-4afd-8a8d-2822c23a5a10	ZL_SS_H9C2_20XH2O_Conf_StageII_PWP5_CellP_2x2_8St_20240614	Measurement 1	Evaluation5	PlateResults_Plate5.txt	Plate5
Plate5R12C07	12	7	1	0	390	4	0		0.4			Instrument	http://harmony-pc.pharmacy.ohio-state.edu/ODA/OdaService.asmx	9e3b3138-fde2-4afd-8a8d-2822c23a5a10	ZL_SS_H9C2_20XH2O_Conf_StageII_PWP5_CellP_2x2_8St_20240614	Measurement 1	Evaluation5	PlateResults_Plate5.txt	Plate5
Plate5R12C08	12	8	1	0	456	4	0		0.4			Instrument	http://harmony-pc.pharmacy.ohio-state.edu/ODA/OdaService.asmx	9e3b3138-fde2-4afd-8a8d-2822c23a5a10	ZL_SS_H9C2_20XH2O_Conf_StageII_PWP5_CellP_2x2_8St_20240614	Measurement 1	Evaluation5	PlateResults_Plate5.txt	Plate5
Plate5R12C09	12	9	1	0	428	4	0		0.4			Instrument	http://harmony-pc.pharmacy.ohio-state.edu/ODA/OdaService.asmx	9e3b3138-fde2-4afd-8a8d-2822c23a5a10	ZL_SS_H9C2_20XH2O_Conf_StageII_PWP5_CellP_2x2_8St_20240614	Measurement 1	Evaluation5	PlateResults_Plate5.txt	Plate5
Plate5R12C10	12	10	1	0	429	4	0		0.4			Instrument	http://harmony-pc.pharmacy.ohio-state.edu/ODA/OdaService.asmx	9e3b3138-fde2-4afd-8a8d-2822c23a5a10	ZL_SS_H9C2_20XH2O_Conf_StageII_PWP5_CellP_2x2_8St_20240614	Measurement 1	Evaluation5	PlateResults_Plate5.txt	Plate5
Plate5R12C11	12	11	1	0	446	4	0		0.4			Instrument	http://harmony-pc.pharmacy.ohio-state.edu/ODA/OdaService.asmx	9e3b3138-fde2-4afd-8a8d-2822c23a5a10	ZL_SS_H9C2_20XH2O_Conf_StageII_PWP5_CellP_2x2_8St_20240614	Measurement 1	Evaluation5	PlateResults_Plate5.txt	Plate5
Plate5R12C12	12	12	1	0	466	4	0		0.4			Instrument	http://harmony-pc.pharmacy.ohio-state.edu/ODA/OdaService.asmx	9e3b3138-fde2-4afd-8a8d-2822c23a5a10	ZL_SS_H9C2_20XH2O_Conf_StageII_PWP5_CellP_2x2_8St_20240614	Measurement 1	Evaluation5	PlateResults_Plate5.txt	Plate5
Plate5R12C13	12	13	1	0	477	4	0		0.4			Instrument	http://harmony-pc.pharmacy.ohio-state.edu/ODA/OdaService.asmx	9e3b3138-fde2-4afd-8a8d-2822c23a5a10	ZL_SS_H9C2_20XH2O_Conf_StageII_PWP5_CellP_2x2_8St_20240614	Measurement 1	Evaluation5	PlateResults_Plate5.txt	Plate5
Plate5R12C14	12	14	1	0	440	4	0		0.4			Instrument	http://harmony-pc.pharmacy.ohio-state.edu/ODA/OdaService.asmx	9e3b3138-fde2-4afd-8a8d-2822c23a5a10	ZL_SS_H9C2_20XH2O_Conf_StageII_PWP5_CellP_2x2_8St_20240614	Measurement 1	Evaluation5	PlateResults_Plate5.txt	Plate5
Plate5R12C15	12	15	1	0	426	4	0		0.4			Instrument	http://harmony-pc.pharmacy.ohio-state.edu/ODA/OdaService.asmx	9e3b3138-fde2-4afd-8a8d-2822c23a5a10	ZL_SS_H9C2_20XH2O_Conf_StageII_PWP5_CellP_2x2_8St_20240614	Measurement 1	Evaluation5	PlateResults_Plate5.txt	Plate5
Plate5R12C16	12	16	1	0	437	4	0		0.4			Instrument	http://harmony-pc.pharmacy.ohio-state.edu/ODA/OdaService.asmx	9e3b3138-fde2-4afd-8a8d-2822c23a5a10	ZL_SS_H9C2_20XH2O_Conf_StageII_PWP5_CellP_2x2_8St_20240614	Measurement 1	Evaluation5	PlateResults_Plate5.txt	Plate5
Plate5R12C17	12	17	1	0	512	4	0		0.4			Instrument	http://harmony-pc.pharmacy.ohio-state.edu/ODA/OdaService.asmx	9e3b3138-fde2-4afd-8a8d-2822c23a5a10	ZL_SS_H9C2_20XH2O_Conf_StageII_PWP5_CellP_2x2_8St_20240614	Measurement 1	Evaluation5	PlateResults_Plate5.txt	Plate5
Plate5R12C18	12	18	1	0	472	4	0		0.4			Instrument	http://harmony-pc.pharmacy.ohio-state.edu/ODA/OdaService.asmx	9e3b3138-fde2-4afd-8a8d-2822c23a5a10	ZL_SS_H9C2_20XH2O_Conf_StageII_PWP5_CellP_2x2_8St_20240614	Measurement 1	Evaluation5	PlateResults_Plate5.txt	Plate5
Plate5R12C19	12	19	1	0	387	4	0		0.4			Instrument	http://harmony-pc.pharmacy.ohio-state.edu/ODA/OdaService.asmx	9e3b3138-fde2-4afd-8a8d-2822c23a5a10	ZL_SS_H9C2_20XH2O_Conf_StageII_PWP5_CellP_2x2_8St_20240614	Measurement 1	Evaluation5	PlateResults_Plate5.txt	Plate5
Plate5R12C20	12	20	1	0	405	4	0		0.4			Instrument	http://harmony-pc.pharmacy.ohio-state.edu/ODA/OdaService.asmx	9e3b3138-fde2-4afd-8a8d-2822c23a5a10	ZL_SS_H9C2_20XH2O_Conf_StageII_PWP5_CellP_2x2_8St_20240614	Measurement 1	Evaluation5	PlateResults_Plate5.txt	Plate5
Plate5R12C21	12	21	1	0	384	4	0		0.4			Instrument	http://harmony-pc.pharmacy.ohio-state.edu/ODA/OdaService.asmx	9e3b3138-fde2-4afd-8a8d-2822c23a5a10	ZL_SS_H9C2_20XH2O_Conf_StageII_PWP5_CellP_2x2_8St_20240614	Measurement 1	Evaluation5	PlateResults_Plate5.txt	Plate5
Plate5R12C22	12	22	1	0	376	4	0		0.4			Instrument	http://harmony-pc.pharmacy.ohio-state.edu/ODA/OdaService.asmx	9e3b3138-fde2-4afd-8a8d-2822c23a5a10	ZL_SS_H9C2_20XH2O_Conf_StageII_PWP5_CellP_2x2_8St_20240614	Measurement 1	Evaluation5	PlateResults_Plate5.txt	Plate5
Plate5R12C23	12	23	1	0	300	4	0	Cabo	0.740740740740741			Instrument	http://harmony-pc.pharmacy.ohio-state.edu/ODA/OdaService.asmx	9e3b3138-fde2-4afd-8a8d-2822c23a5a10	ZL_SS_H9C2_20XH2O_Conf_StageII_PWP5_CellP_2x2_8St_20240614	Measurement 1	Evaluation5	PlateResults_Plate5.txt	Plate5
Plate5R12C24	12	24	1	0	299	4	0	Cabo	0.740740740740741			Instrument	http://harmony-pc.pharmacy.ohio-state.edu/ODA/OdaService.asmx	9e3b3138-fde2-4afd-8a8d-2822c23a5a10	ZL_SS_H9C2_20XH2O_Conf_StageII_PWP5_CellP_2x2_8St_20240614	Measurement 1	Evaluation5	PlateResults_Plate5.txt	Plate5
Plate5R13C01	13	1	1	0	75	4	0	Dacti	0.00493827160493827			Instrument	http://harmony-pc.pharmacy.ohio-state.edu/ODA/OdaService.asmx	9e3b3138-fde2-4afd-8a8d-2822c23a5a10	ZL_SS_H9C2_20XH2O_Conf_StageII_PWP5_CellP_2x2_8St_20240614	Measurement 1	Evaluation5	PlateResults_Plate5.txt	Plate5
Plate5R13C02	13	2	1	0	102	4	0	Dacti	0.00493827160493827			Instrument	http://harmony-pc.pharmacy.ohio-state.edu/ODA/OdaService.asmx	9e3b3138-fde2-4afd-8a8d-2822c23a5a10	ZL_SS_H9C2_20XH2O_Conf_StageII_PWP5_CellP_2x2_8St_20240614	Measurement 1	Evaluation5	PlateResults_Plate5.txt	Plate5
Plate5R13C03	13	3	1	0	436	4	0		0.4			Instrument	http://harmony-pc.pharmacy.ohio-state.edu/ODA/OdaService.asmx	9e3b3138-fde2-4afd-8a8d-2822c23a5a10	ZL_SS_H9C2_20XH2O_Conf_StageII_PWP5_CellP_2x2_8St_20240614	Measurement 1	Evaluation5	PlateResults_Plate5.txt	Plate5
Plate5R13C04	13	4	1	0	350	4	0		0.4			Instrument	http://harmony-pc.pharmacy.ohio-state.edu/ODA/OdaService.asmx	9e3b3138-fde2-4afd-8a8d-2822c23a5a10	ZL_SS_H9C2_20XH2O_Conf_StageII_PWP5_CellP_2x2_8St_20240614	Measurement 1	Evaluation5	PlateResults_Plate5.txt	Plate5
Plate5R13C05	13	5	1	0	371	4	0		0.4			Instrument	http://harmony-pc.pharmacy.ohio-state.edu/ODA/OdaService.asmx	9e3b3138-fde2-4afd-8a8d-2822c23a5a10	ZL_SS_H9C2_20XH2O_Conf_StageII_PWP5_CellP_2x2_8St_20240614	Measurement 1	Evaluation5	PlateResults_Plate5.txt	Plate5
Plate5R13C06	13	6	1	0	491	4	0		0.4			Instrument	http://harmony-pc.pharmacy.ohio-state.edu/ODA/OdaService.asmx	9e3b3138-fde2-4afd-8a8d-2822c23a5a10	ZL_SS_H9C2_20XH2O_Conf_StageII_PWP5_CellP_2x2_8St_20240614	Measurement 1	Evaluation5	PlateResults_Plate5.txt	Plate5
Plate5R13C07	13	7	1	0	409	4	0		0.4			Instrument	http://harmony-pc.pharmacy.ohio-state.edu/ODA/OdaService.asmx	9e3b3138-fde2-4afd-8a8d-2822c23a5a10	ZL_SS_H9C2_20XH2O_Conf_StageII_PWP5_CellP_2x2_8St_20240614	Measurement 1	Evaluation5	PlateResults_Plate5.txt	Plate5
Plate5R13C08	13	8	1	0	384	4	0		0.4			Instrument	http://harmony-pc.pharmacy.ohio-state.edu/ODA/OdaService.asmx	9e3b3138-fde2-4afd-8a8d-2822c23a5a10	ZL_SS_H9C2_20XH2O_Conf_StageII_PWP5_CellP_2x2_8St_20240614	Measurement 1	Evaluation5	PlateResults_Plate5.txt	Plate5
Plate5R13C09	13	9	1	0	502	4	0		0.4			Instrument	http://harmony-pc.pharmacy.ohio-state.edu/ODA/OdaService.asmx	9e3b3138-fde2-4afd-8a8d-2822c23a5a10	ZL_SS_H9C2_20XH2O_Conf_StageII_PWP5_CellP_2x2_8St_20240614	Measurement 1	Evaluation5	PlateResults_Plate5.txt	Plate5
Plate5R13C10	13	10	1	0	470	4	0		0.4			Instrument	http://harmony-pc.pharmacy.ohio-state.edu/ODA/OdaService.asmx	9e3b3138-fde2-4afd-8a8d-2822c23a5a10	ZL_SS_H9C2_20XH2O_Conf_StageII_PWP5_CellP_2x2_8St_20240614	Measurement 1	Evaluation5	PlateResults_Plate5.txt	Plate5
Plate5R13C11	13	11	1	0	491	4	0		0.4			Instrument	http://harmony-pc.pharmacy.ohio-state.edu/ODA/OdaService.asmx	9e3b3138-fde2-4afd-8a8d-2822c23a5a10	ZL_SS_H9C2_20XH2O_Conf_StageII_PWP5_CellP_2x2_8St_20240614	Measurement 1	Evaluation5	PlateResults_Plate5.txt	Plate5
Plate5R13C12	13	12	1	0	420	4	0		0.4			Instrument	http://harmony-pc.pharmacy.ohio-state.edu/ODA/OdaService.asmx	9e3b3138-fde2-4afd-8a8d-2822c23a5a10	ZL_SS_H9C2_20XH2O_Conf_StageII_PWP5_CellP_2x2_8St_20240614	Measurement 1	Evaluation5	PlateResults_Plate5.txt	Plate5
Plate5R13C13	13	13	1	0	412	4	0		0.4			Instrument	http://harmony-pc.pharmacy.ohio-state.edu/ODA/OdaService.asmx	9e3b3138-fde2-4afd-8a8d-2822c23a5a10	ZL_SS_H9C2_20XH2O_Conf_StageII_PWP5_CellP_2x2_8St_20240614	Measurement 1	Evaluation5	PlateResults_Plate5.txt	Plate5
Plate5R13C14	13	14	1	0	451	4	0		0.4			Instrument	http://harmony-pc.pharmacy.ohio-state.edu/ODA/OdaService.asmx	9e3b3138-fde2-4afd-8a8d-2822c23a5a10	ZL_SS_H9C2_20XH2O_Conf_StageII_PWP5_CellP_2x2_8St_20240614	Measurement 1	Evaluation5	PlateResults_Plate5.txt	Plate5
Plate5R13C15	13	15	1	0	513	4	0		0.4			Instrument	http://harmony-pc.pharmacy.ohio-state.edu/ODA/OdaService.asmx	9e3b3138-fde2-4afd-8a8d-2822c23a5a10	ZL_SS_H9C2_20XH2O_Conf_StageII_PWP5_CellP_2x2_8St_20240614	Measurement 1	Evaluation5	PlateResults_Plate5.txt	Plate5
Plate5R13C16	13	16	1	0	516	4	0		0.4			Instrument	http://harmony-pc.pharmacy.ohio-state.edu/ODA/OdaService.asmx	9e3b3138-fde2-4afd-8a8d-2822c23a5a10	ZL_SS_H9C2_20XH2O_Conf_StageII_PWP5_CellP_2x2_8St_20240614	Measurement 1	Evaluation5	PlateResults_Plate5.txt	Plate5
Plate5R13C17	13	17	1	0	445	4	0		0.4			Instrument	http://harmony-pc.pharmacy.ohio-state.edu/ODA/OdaService.asmx	9e3b3138-fde2-4afd-8a8d-2822c23a5a10	ZL_SS_H9C2_20XH2O_Conf_StageII_PWP5_CellP_2x2_8St_20240614	Measurement 1	Evaluation5	PlateResults_Plate5.txt	Plate5
Plate5R13C18	13	18	1	0	441	4	0		0.4			Instrument	http://harmony-pc.pharmacy.ohio-state.edu/ODA/OdaService.asmx	9e3b3138-fde2-4afd-8a8d-2822c23a5a10	ZL_SS_H9C2_20XH2O_Conf_StageII_PWP5_CellP_2x2_8St_20240614	Measurement 1	Evaluation5	PlateResults_Plate5.txt	Plate5
Plate5R13C19	13	19	1	0	439	4	0		0.4			Instrument	http://harmony-pc.pharmacy.ohio-state.edu/ODA/OdaService.asmx	9e3b3138-fde2-4afd-8a8d-2822c23a5a10	ZL_SS_H9C2_20XH2O_Conf_StageII_PWP5_CellP_2x2_8St_20240614	Measurement 1	Evaluation5	PlateResults_Plate5.txt	Plate5
Plate5R13C20	13	20	1	0	493	4	0		0.4			Instrument	http://harmony-pc.pharmacy.ohio-state.edu/ODA/OdaService.asmx	9e3b3138-fde2-4afd-8a8d-2822c23a5a10	ZL_SS_H9C2_20XH2O_Conf_StageII_PWP5_CellP_2x2_8St_20240614	Measurement 1	Evaluation5	PlateResults_Plate5.txt	Plate5
Plate5R13C21	13	21	1	0	484	4	0		0.4			Instrument	http://harmony-pc.pharmacy.ohio-state.edu/ODA/OdaService.asmx	9e3b3138-fde2-4afd-8a8d-2822c23a5a10	ZL_SS_H9C2_20XH2O_Conf_StageII_PWP5_CellP_2x2_8St_20240614	Measurement 1	Evaluation5	PlateResults_Plate5.txt	Plate5
Plate5R13C22	13	22	1	0	452	4	0		0.4			Instrument	http://harmony-pc.pharmacy.ohio-state.edu/ODA/OdaService.asmx	9e3b3138-fde2-4afd-8a8d-2822c23a5a10	ZL_SS_H9C2_20XH2O_Conf_StageII_PWP5_CellP_2x2_8St_20240614	Measurement 1	Evaluation5	PlateResults_Plate5.txt	Plate5
Plate5R13C23	13	23	1	0	357	4	0	Cabo	0.246913580246914			Instrument	http://harmony-pc.pharmacy.ohio-state.edu/ODA/OdaService.asmx	9e3b3138-fde2-4afd-8a8d-2822c23a5a10	ZL_SS_H9C2_20XH2O_Conf_StageII_PWP5_CellP_2x2_8St_20240614	Measurement 1	Evaluation5	PlateResults_Plate5.txt	Plate5
Plate5R13C24	13	24	1	0	303	4	0	Cabo	0.246913580246914			Instrument	http://harmony-pc.pharmacy.ohio-state.edu/ODA/OdaService.asmx	9e3b3138-fde2-4afd-8a8d-2822c23a5a10	ZL_SS_H9C2_20XH2O_Conf_StageII_PWP5_CellP_2x2_8St_20240614	Measurement 1	Evaluation5	PlateResults_Plate5.txt	Plate5
Plate5R14C01	14	1	1	0	189	4	0	Dacti	0.00164609053497942			Instrument	http://harmony-pc.pharmacy.ohio-state.edu/ODA/OdaService.asmx	9e3b3138-fde2-4afd-8a8d-2822c23a5a10	ZL_SS_H9C2_20XH2O_Conf_StageII_PWP5_CellP_2x2_8St_20240614	Measurement 1	Evaluation5	PlateResults_Plate5.txt	Plate5
Plate5R14C02	14	2	1	0	204	4	0	Dacti	0.00164609053497942			Instrument	http://harmony-pc.pharmacy.ohio-state.edu/ODA/OdaService.asmx	9e3b3138-fde2-4afd-8a8d-2822c23a5a10	ZL_SS_H9C2_20XH2O_Conf_StageII_PWP5_CellP_2x2_8St_20240614	Measurement 1	Evaluation5	PlateResults_Plate5.txt	Plate5
Plate5R14C03	14	3	1	0	470	4	0		0.4			Instrument	http://harmony-pc.pharmacy.ohio-state.edu/ODA/OdaService.asmx	9e3b3138-fde2-4afd-8a8d-2822c23a5a10	ZL_SS_H9C2_20XH2O_Conf_StageII_PWP5_CellP_2x2_8St_20240614	Measurement 1	Evaluation5	PlateResults_Plate5.txt	Plate5
Plate5R14C04	14	4	1	0	514	4	0		0.4			Instrument	http://harmony-pc.pharmacy.ohio-state.edu/ODA/OdaService.asmx	9e3b3138-fde2-4afd-8a8d-2822c23a5a10	ZL_SS_H9C2_20XH2O_Conf_StageII_PWP5_CellP_2x2_8St_20240614	Measurement 1	Evaluation5	PlateResults_Plate5.txt	Plate5
Plate5R14C05	14	5	1	0	414	4	0		0.4			Instrument	http://harmony-pc.pharmacy.ohio-state.edu/ODA/OdaService.asmx	9e3b3138-fde2-4afd-8a8d-2822c23a5a10	ZL_SS_H9C2_20XH2O_Conf_StageII_PWP5_CellP_2x2_8St_20240614	Measurement 1	Evaluation5	PlateResults_Plate5.txt	Plate5
Plate5R14C06	14	6	1	0	386	4	0		0.4			Instrument	http://harmony-pc.pharmacy.ohio-state.edu/ODA/OdaService.asmx	9e3b3138-fde2-4afd-8a8d-2822c23a5a10	ZL_SS_H9C2_20XH2O_Conf_StageII_PWP5_CellP_2x2_8St_20240614	Measurement 1	Evaluation5	PlateResults_Plate5.txt	Plate5
Plate5R14C07	14	7	1	0	492	4	0		0.4			Instrument	http://harmony-pc.pharmacy.ohio-state.edu/ODA/OdaService.asmx	9e3b3138-fde2-4afd-8a8d-2822c23a5a10	ZL_SS_H9C2_20XH2O_Conf_StageII_PWP5_CellP_2x2_8St_20240614	Measurement 1	Evaluation5	PlateResults_Plate5.txt	Plate5
Plate5R14C08	14	8	1	0	419	4	0		0.4			Instrument	http://harmony-pc.pharmacy.ohio-state.edu/ODA/OdaService.asmx	9e3b3138-fde2-4afd-8a8d-2822c23a5a10	ZL_SS_H9C2_20XH2O_Conf_StageII_PWP5_CellP_2x2_8St_20240614	Measurement 1	Evaluation5	PlateResults_Plate5.txt	Plate5
Plate5R14C09	14	9	1	0	381	4	0		0.4			Instrument	http://harmony-pc.pharmacy.ohio-state.edu/ODA/OdaService.asmx	9e3b3138-fde2-4afd-8a8d-2822c23a5a10	ZL_SS_H9C2_20XH2O_Conf_StageII_PWP5_CellP_2x2_8St_20240614	Measurement 1	Evaluation5	PlateResults_Plate5.txt	Plate5
Plate5R14C10	14	10	1	0	454	4	0		0.4			Instrument	http://harmony-pc.pharmacy.ohio-state.edu/ODA/OdaService.asmx	9e3b3138-fde2-4afd-8a8d-2822c23a5a10	ZL_SS_H9C2_20XH2O_Conf_StageII_PWP5_CellP_2x2_8St_20240614	Measurement 1	Evaluation5	PlateResults_Plate5.txt	Plate5
Plate5R14C11	14	11	1	0	467	4	0		0.4			Instrument	http://harmony-pc.pharmacy.ohio-state.edu/ODA/OdaService.asmx	9e3b3138-fde2-4afd-8a8d-2822c23a5a10	ZL_SS_H9C2_20XH2O_Conf_StageII_PWP5_CellP_2x2_8St_20240614	Measurement 1	Evaluation5	PlateResults_Plate5.txt	Plate5
Plate5R14C12	14	12	1	0	501	4	0		0.4			Instrument	http://harmony-pc.pharmacy.ohio-state.edu/ODA/OdaService.asmx	9e3b3138-fde2-4afd-8a8d-2822c23a5a10	ZL_SS_H9C2_20XH2O_Conf_StageII_PWP5_CellP_2x2_8St_20240614	Measurement 1	Evaluation5	PlateResults_Plate5.txt	Plate5
Plate5R14C13	14	13	1	0	398	4	0		0.4			Instrument	http://harmony-pc.pharmacy.ohio-state.edu/ODA/OdaService.asmx	9e3b3138-fde2-4afd-8a8d-2822c23a5a10	ZL_SS_H9C2_20XH2O_Conf_StageII_PWP5_CellP_2x2_8St_20240614	Measurement 1	Evaluation5	PlateResults_Plate5.txt	Plate5
Plate5R14C14	14	14	1	0	417	4	0		0.4			Instrument	http://harmony-pc.pharmacy.ohio-state.edu/ODA/OdaService.asmx	9e3b3138-fde2-4afd-8a8d-2822c23a5a10	ZL_SS_H9C2_20XH2O_Conf_StageII_PWP5_CellP_2x2_8St_20240614	Measurement 1	Evaluation5	PlateResults_Plate5.txt	Plate5
Plate5R14C15	14	15	1	0	424	4	0		0.4			Instrument	http://harmony-pc.pharmacy.ohio-state.edu/ODA/OdaService.asmx	9e3b3138-fde2-4afd-8a8d-2822c23a5a10	ZL_SS_H9C2_20XH2O_Conf_StageII_PWP5_CellP_2x2_8St_20240614	Measurement 1	Evaluation5	PlateResults_Plate5.txt	Plate5
Plate5R14C16	14	16	1	0	421	4	0		0.4			Instrument	http://harmony-pc.pharmacy.ohio-state.edu/ODA/OdaService.asmx	9e3b3138-fde2-4afd-8a8d-2822c23a5a10	ZL_SS_H9C2_20XH2O_Conf_StageII_PWP5_CellP_2x2_8St_20240614	Measurement 1	Evaluation5	PlateResults_Plate5.txt	Plate5
Plate5R14C17	14	17	1	0	323	4	0		0.4			Instrument	http://harmony-pc.pharmacy.ohio-state.edu/ODA/OdaService.asmx	9e3b3138-fde2-4afd-8a8d-2822c23a5a10	ZL_SS_H9C2_20XH2O_Conf_StageII_PWP5_CellP_2x2_8St_20240614	Measurement 1	Evaluation5	PlateResults_Plate5.txt	Plate5
Plate5R14C18	14	18	1	0	391	4	0		0.4			Instrument	http://harmony-pc.pharmacy.ohio-state.edu/ODA/OdaService.asmx	9e3b3138-fde2-4afd-8a8d-2822c23a5a10	ZL_SS_H9C2_20XH2O_Conf_StageII_PWP5_CellP_2x2_8St_20240614	Measurement 1	Evaluation5	PlateResults_Plate5.txt	Plate5
Plate5R14C19	14	19	1	0	471	4	0		0.4			Instrument	http://harmony-pc.pharmacy.ohio-state.edu/ODA/OdaService.asmx	9e3b3138-fde2-4afd-8a8d-2822c23a5a10	ZL_SS_H9C2_20XH2O_Conf_StageII_PWP5_CellP_2x2_8St_20240614	Measurement 1	Evaluation5	PlateResults_Plate5.txt	Plate5
Plate5R14C20	14	20	1	0	389	4	0		0.4			Instrument	http://harmony-pc.pharmacy.ohio-state.edu/ODA/OdaService.asmx	9e3b3138-fde2-4afd-8a8d-2822c23a5a10	ZL_SS_H9C2_20XH2O_Conf_StageII_PWP5_CellP_2x2_8St_20240614	Measurement 1	Evaluation5	PlateResults_Plate5.txt	Plate5
Plate5R14C21	14	21	1	0	553	4	0		0.4			Instrument	http://harmony-pc.pharmacy.ohio-state.edu/ODA/OdaService.asmx	9e3b3138-fde2-4afd-8a8d-2822c23a5a10	ZL_SS_H9C2_20XH2O_Conf_StageII_PWP5_CellP_2x2_8St_20240614	Measurement 1	Evaluation5	PlateResults_Plate5.txt	Plate5
Plate5R14C22	14	22	1	0	475	4	0		0.4			Instrument	http://harmony-pc.pharmacy.ohio-state.edu/ODA/OdaService.asmx	9e3b3138-fde2-4afd-8a8d-2822c23a5a10	ZL_SS_H9C2_20XH2O_Conf_StageII_PWP5_CellP_2x2_8St_20240614	Measurement 1	Evaluation5	PlateResults_Plate5.txt	Plate5
Plate5R14C23	14	23	1	0	301	4	0	Cabo	0.0823045267489712			Instrument	http://harmony-pc.pharmacy.ohio-state.edu/ODA/OdaService.asmx	9e3b3138-fde2-4afd-8a8d-2822c23a5a10	ZL_SS_H9C2_20XH2O_Conf_StageII_PWP5_CellP_2x2_8St_20240614	Measurement 1	Evaluation5	PlateResults_Plate5.txt	Plate5
Plate5R14C24	14	24	1	0	334	4	0	Cabo	0.0823045267489712			Instrument	http://harmony-pc.pharmacy.ohio-state.edu/ODA/OdaService.asmx	9e3b3138-fde2-4afd-8a8d-2822c23a5a10	ZL_SS_H9C2_20XH2O_Conf_StageII_PWP5_CellP_2x2_8St_20240614	Measurement 1	Evaluation5	PlateResults_Plate5.txt	Plate5
Plate5R15C01	15	1	1	0	213	4	0	Dacti	5.4869684499314e-4			Instrument	http://harmony-pc.pharmacy.ohio-state.edu/ODA/OdaService.asmx	9e3b3138-fde2-4afd-8a8d-2822c23a5a10	ZL_SS_H9C2_20XH2O_Conf_StageII_PWP5_CellP_2x2_8St_20240614	Measurement 1	Evaluation5	PlateResults_Plate5.txt	Plate5
Plate5R15C02	15	2	1	0	202	4	0	Dacti	5.4869684499314e-4			Instrument	http://harmony-pc.pharmacy.ohio-state.edu/ODA/OdaService.asmx	9e3b3138-fde2-4afd-8a8d-2822c23a5a10	ZL_SS_H9C2_20XH2O_Conf_StageII_PWP5_CellP_2x2_8St_20240614	Measurement 1	Evaluation5	PlateResults_Plate5.txt	Plate5
Plate5R15C03	15	3	1	0	353	4	0		0.4			Instrument	http://harmony-pc.pharmacy.ohio-state.edu/ODA/OdaService.asmx	9e3b3138-fde2-4afd-8a8d-2822c23a5a10	ZL_SS_H9C2_20XH2O_Conf_StageII_PWP5_CellP_2x2_8St_20240614	Measurement 1	Evaluation5	PlateResults_Plate5.txt	Plate5
Plate5R15C04	15	4	1	0	454	4	0		0.4			Instrument	http://harmony-pc.pharmacy.ohio-state.edu/ODA/OdaService.asmx	9e3b3138-fde2-4afd-8a8d-2822c23a5a10	ZL_SS_H9C2_20XH2O_Conf_StageII_PWP5_CellP_2x2_8St_20240614	Measurement 1	Evaluation5	PlateResults_Plate5.txt	Plate5
Plate5R15C05	15	5	1	0	410	4	0		0.4			Instrument	http://harmony-pc.pharmacy.ohio-state.edu/ODA/OdaService.asmx	9e3b3138-fde2-4afd-8a8d-2822c23a5a10	ZL_SS_H9C2_20XH2O_Conf_StageII_PWP5_CellP_2x2_8St_20240614	Measurement 1	Evaluation5	PlateResults_Plate5.txt	Plate5
Plate5R15C06	15	6	1	0	409	4	0		0.4			Instrument	http://harmony-pc.pharmacy.ohio-state.edu/ODA/OdaService.asmx	9e3b3138-fde2-4afd-8a8d-2822c23a5a10	ZL_SS_H9C2_20XH2O_Conf_StageII_PWP5_CellP_2x2_8St_20240614	Measurement 1	Evaluation5	PlateResults_Plate5.txt	Plate5
Plate5R15C07	15	7	1	0	451	4	0		0.4			Instrument	http://harmony-pc.pharmacy.ohio-state.edu/ODA/OdaService.asmx	9e3b3138-fde2-4afd-8a8d-2822c23a5a10	ZL_SS_H9C2_20XH2O_Conf_StageII_PWP5_CellP_2x2_8St_20240614	Measurement 1	Evaluation5	PlateResults_Plate5.txt	Plate5
Plate5R15C08	15	8	1	0	406	4	0		0.4			Instrument	http://harmony-pc.pharmacy.ohio-state.edu/ODA/OdaService.asmx	9e3b3138-fde2-4afd-8a8d-2822c23a5a10	ZL_SS_H9C2_20XH2O_Conf_StageII_PWP5_CellP_2x2_8St_20240614	Measurement 1	Evaluation5	PlateResults_Plate5.txt	Plate5
Plate5R15C09	15	9	1	0	423	4	0		0.4			Instrument	http://harmony-pc.pharmacy.ohio-state.edu/ODA/OdaService.asmx	9e3b3138-fde2-4afd-8a8d-2822c23a5a10	ZL_SS_H9C2_20XH2O_Conf_StageII_PWP5_CellP_2x2_8St_20240614	Measurement 1	Evaluation5	PlateResults_Plate5.txt	Plate5
Plate5R15C10	15	10	1	0	464	4	0		0.4			Instrument	http://harmony-pc.pharmacy.ohio-state.edu/ODA/OdaService.asmx	9e3b3138-fde2-4afd-8a8d-2822c23a5a10	ZL_SS_H9C2_20XH2O_Conf_StageII_PWP5_CellP_2x2_8St_20240614	Measurement 1	Evaluation5	PlateResults_Plate5.txt	Plate5
Plate5R15C11	15	11	1	0	462	4	0		0.4			Instrument	http://harmony-pc.pharmacy.ohio-state.edu/ODA/OdaService.asmx	9e3b3138-fde2-4afd-8a8d-2822c23a5a10	ZL_SS_H9C2_20XH2O_Conf_StageII_PWP5_CellP_2x2_8St_20240614	Measurement 1	Evaluation5	PlateResults_Plate5.txt	Plate5
Plate5R15C12	15	12	1	0	425	4	0		0.4			Instrument	http://harmony-pc.pharmacy.ohio-state.edu/ODA/OdaService.asmx	9e3b3138-fde2-4afd-8a8d-2822c23a5a10	ZL_SS_H9C2_20XH2O_Conf_StageII_PWP5_CellP_2x2_8St_20240614	Measurement 1	Evaluation5	PlateResults_Plate5.txt	Plate5
Plate5R15C13	15	13	1	0	344	4	0		0.4			Instrument	http://harmony-pc.pharmacy.ohio-state.edu/ODA/OdaService.asmx	9e3b3138-fde2-4afd-8a8d-2822c23a5a10	ZL_SS_H9C2_20XH2O_Conf_StageII_PWP5_CellP_2x2_8St_20240614	Measurement 1	Evaluation5	PlateResults_Plate5.txt	Plate5
Plate5R15C14	15	14	1	0	455	4	0		0.4			Instrument	http://harmony-pc.pharmacy.ohio-state.edu/ODA/OdaService.asmx	9e3b3138-fde2-4afd-8a8d-2822c23a5a10	ZL_SS_H9C2_20XH2O_Conf_StageII_PWP5_CellP_2x2_8St_20240614	Measurement 1	Evaluation5	PlateResults_Plate5.txt	Plate5
Plate5R15C15	15	15	1	0	494	4	0		0.4			Instrument	http://harmony-pc.pharmacy.ohio-state.edu/ODA/OdaService.asmx	9e3b3138-fde2-4afd-8a8d-2822c23a5a10	ZL_SS_H9C2_20XH2O_Conf_StageII_PWP5_CellP_2x2_8St_20240614	Measurement 1	Evaluation5	PlateResults_Plate5.txt	Plate5
Plate5R15C16	15	16	1	0	495	4	0		0.4			Instrument	http://harmony-pc.pharmacy.ohio-state.edu/ODA/OdaService.asmx	9e3b3138-fde2-4afd-8a8d-2822c23a5a10	ZL_SS_H9C2_20XH2O_Conf_StageII_PWP5_CellP_2x2_8St_20240614	Measurement 1	Evaluation5	PlateResults_Plate5.txt	Plate5
Plate5R15C17	15	17	1	0	487	4	0		0.4			Instrument	http://harmony-pc.pharmacy.ohio-state.edu/ODA/OdaService.asmx	9e3b3138-fde2-4afd-8a8d-2822c23a5a10	ZL_SS_H9C2_20XH2O_Conf_StageII_PWP5_CellP_2x2_8St_20240614	Measurement 1	Evaluation5	PlateResults_Plate5.txt	Plate5
Plate5R15C18	15	18	1	0	437	4	0		0.4			Instrument	http://harmony-pc.pharmacy.ohio-state.edu/ODA/OdaService.asmx	9e3b3138-fde2-4afd-8a8d-2822c23a5a10	ZL_SS_H9C2_20XH2O_Conf_StageII_PWP5_CellP_2x2_8St_20240614	Measurement 1	Evaluation5	PlateResults_Plate5.txt	Plate5
Plate5R15C19	15	19	1	0	474	4	0		0.4			Instrument	http://harmony-pc.pharmacy.ohio-state.edu/ODA/OdaService.asmx	9e3b3138-fde2-4afd-8a8d-2822c23a5a10	ZL_SS_H9C2_20XH2O_Conf_StageII_PWP5_CellP_2x2_8St_20240614	Measurement 1	Evaluation5	PlateResults_Plate5.txt	Plate5
Plate5R15C20	15	20	1	0	385	4	0		0.4			Instrument	http://harmony-pc.pharmacy.ohio-state.edu/ODA/OdaService.asmx	9e3b3138-fde2-4afd-8a8d-2822c23a5a10	ZL_SS_H9C2_20XH2O_Conf_StageII_PWP5_CellP_2x2_8St_20240614	Measurement 1	Evaluation5	PlateResults_Plate5.txt	Plate5
Plate5R15C21	15	21	1	0	344	4	0		0.4			Instrument	http://harmony-pc.pharmacy.ohio-state.edu/ODA/OdaService.asmx	9e3b3138-fde2-4afd-8a8d-2822c23a5a10	ZL_SS_H9C2_20XH2O_Conf_StageII_PWP5_CellP_2x2_8St_20240614	Measurement 1	Evaluation5	PlateResults_Plate5.txt	Plate5
Plate5R15C22	15	22	1	0	387	4	0		0.4			Instrument	http://harmony-pc.pharmacy.ohio-state.edu/ODA/OdaService.asmx	9e3b3138-fde2-4afd-8a8d-2822c23a5a10	ZL_SS_H9C2_20XH2O_Conf_StageII_PWP5_CellP_2x2_8St_20240614	Measurement 1	Evaluation5	PlateResults_Plate5.txt	Plate5
Plate5R15C23	15	23	1	0	400	4	0	Cabo	0.0274348422496571			Instrument	http://harmony-pc.pharmacy.ohio-state.edu/ODA/OdaService.asmx	9e3b3138-fde2-4afd-8a8d-2822c23a5a10	ZL_SS_H9C2_20XH2O_Conf_StageII_PWP5_CellP_2x2_8St_20240614	Measurement 1	Evaluation5	PlateResults_Plate5.txt	Plate5
Plate5R15C24	15	24	1	0	301	4	0	Cabo	0.0274348422496571			Instrument	http://harmony-pc.pharmacy.ohio-state.edu/ODA/OdaService.asmx	9e3b3138-fde2-4afd-8a8d-2822c23a5a10	ZL_SS_H9C2_20XH2O_Conf_StageII_PWP5_CellP_2x2_8St_20240614	Measurement 1	Evaluation5	PlateResults_Plate5.txt	Plate5
Plate5R16C01	16	1	1	0	428	4	0	Dacti	1.8289894833104e-4			Instrument	http://harmony-pc.pharmacy.ohio-state.edu/ODA/OdaService.asmx	9e3b3138-fde2-4afd-8a8d-2822c23a5a10	ZL_SS_H9C2_20XH2O_Conf_StageII_PWP5_CellP_2x2_8St_20240614	Measurement 1	Evaluation5	PlateResults_Plate5.txt	Plate5
Plate5R16C02	16	2	1	0	403	4	0	Dacti	1.8289894833104e-4			Instrument	http://harmony-pc.pharmacy.ohio-state.edu/ODA/OdaService.asmx	9e3b3138-fde2-4afd-8a8d-2822c23a5a10	ZL_SS_H9C2_20XH2O_Conf_StageII_PWP5_CellP_2x2_8St_20240614	Measurement 1	Evaluation5	PlateResults_Plate5.txt	Plate5
Plate5R16C03	16	3	1	0	458	4	0		0.4			Instrument	http://harmony-pc.pharmacy.ohio-state.edu/ODA/OdaService.asmx	9e3b3138-fde2-4afd-8a8d-2822c23a5a10	ZL_SS_H9C2_20XH2O_Conf_StageII_PWP5_CellP_2x2_8St_20240614	Measurement 1	Evaluation5	PlateResults_Plate5.txt	Plate5
Plate5R16C04	16	4	1	0	501	4	0		0.4			Instrument	http://harmony-pc.pharmacy.ohio-state.edu/ODA/OdaService.asmx	9e3b3138-fde2-4afd-8a8d-2822c23a5a10	ZL_SS_H9C2_20XH2O_Conf_StageII_PWP5_CellP_2x2_8St_20240614	Measurement 1	Evaluation5	PlateResults_Plate5.txt	Plate5
Plate5R16C05	16	5	1	0	395	4	0		0.4			Instrument	http://harmony-pc.pharmacy.ohio-state.edu/ODA/OdaService.asmx	9e3b3138-fde2-4afd-8a8d-2822c23a5a10	ZL_SS_H9C2_20XH2O_Conf_StageII_PWP5_CellP_2x2_8St_20240614	Measurement 1	Evaluation5	PlateResults_Plate5.txt	Plate5
Plate5R16C06	16	6	1	0	462	4	0		0.4			Instrument	http://harmony-pc.pharmacy.ohio-state.edu/ODA/OdaService.asmx	9e3b3138-fde2-4afd-8a8d-2822c23a5a10	ZL_SS_H9C2_20XH2O_Conf_StageII_PWP5_CellP_2x2_8St_20240614	Measurement 1	Evaluation5	PlateResults_Plate5.txt	Plate5
Plate5R16C07	16	7	1	0	409	4	0		0.4			Instrument	http://harmony-pc.pharmacy.ohio-state.edu/ODA/OdaService.asmx	9e3b3138-fde2-4afd-8a8d-2822c23a5a10	ZL_SS_H9C2_20XH2O_Conf_StageII_PWP5_CellP_2x2_8St_20240614	Measurement 1	Evaluation5	PlateResults_Plate5.txt	Plate5
Plate5R16C08	16	8	1	0	455	4	0		0.4			Instrument	http://harmony-pc.pharmacy.ohio-state.edu/ODA/OdaService.asmx	9e3b3138-fde2-4afd-8a8d-2822c23a5a10	ZL_SS_H9C2_20XH2O_Conf_StageII_PWP5_CellP_2x2_8St_20240614	Measurement 1	Evaluation5	PlateResults_Plate5.txt	Plate5
Plate5R16C09	16	9	1	0	409	4	0		0.4			Instrument	http://harmony-pc.pharmacy.ohio-state.edu/ODA/OdaService.asmx	9e3b3138-fde2-4afd-8a8d-2822c23a5a10	ZL_SS_H9C2_20XH2O_Conf_StageII_PWP5_CellP_2x2_8St_20240614	Measurement 1	Evaluation5	PlateResults_Plate5.txt	Plate5
Plate5R16C10	16	10	1	0	416	4	0		0.4			Instrument	http://harmony-pc.pharmacy.ohio-state.edu/ODA/OdaService.asmx	9e3b3138-fde2-4afd-8a8d-2822c23a5a10	ZL_SS_H9C2_20XH2O_Conf_StageII_PWP5_CellP_2x2_8St_20240614	Measurement 1	Evaluation5	PlateResults_Plate5.txt	Plate5
Plate5R16C11	16	11	1	0	410	4	0		0.4			Instrument	http://harmony-pc.pharmacy.ohio-state.edu/ODA/OdaService.asmx	9e3b3138-fde2-4afd-8a8d-2822c23a5a10	ZL_SS_H9C2_20XH2O_Conf_StageII_PWP5_CellP_2x2_8St_20240614	Measurement 1	Evaluation5	PlateResults_Plate5.txt	Plate5
Plate5R16C12	16	12	1	0	465	4	0		0.4			Instrument	http://harmony-pc.pharmacy.ohio-state.edu/ODA/OdaService.asmx	9e3b3138-fde2-4afd-8a8d-2822c23a5a10	ZL_SS_H9C2_20XH2O_Conf_StageII_PWP5_CellP_2x2_8St_20240614	Measurement 1	Evaluation5	PlateResults_Plate5.txt	Plate5
Plate5R16C13	16	13	1	0	449	4	0		0.4			Instrument	http://harmony-pc.pharmacy.ohio-state.edu/ODA/OdaService.asmx	9e3b3138-fde2-4afd-8a8d-2822c23a5a10	ZL_SS_H9C2_20XH2O_Conf_StageII_PWP5_CellP_2x2_8St_20240614	Measurement 1	Evaluation5	PlateResults_Plate5.txt	Plate5
Plate5R16C14	16	14	1	0	413	4	0		0.4			Instrument	http://harmony-pc.pharmacy.ohio-state.edu/ODA/OdaService.asmx	9e3b3138-fde2-4afd-8a8d-2822c23a5a10	ZL_SS_H9C2_20XH2O_Conf_StageII_PWP5_CellP_2x2_8St_20240614	Measurement 1	Evaluation5	PlateResults_Plate5.txt	Plate5
Plate5R16C15	16	15	1	0	378	4	0		0.4			Instrument	http://harmony-pc.pharmacy.ohio-state.edu/ODA/OdaService.asmx	9e3b3138-fde2-4afd-8a8d-2822c23a5a10	ZL_SS_H9C2_20XH2O_Conf_StageII_PWP5_CellP_2x2_8St_20240614	Measurement 1	Evaluation5	PlateResults_Plate5.txt	Plate5
Plate5R16C16	16	16	1	0	453	4	0		0.4			Instrument	http://harmony-pc.pharmacy.ohio-state.edu/ODA/OdaService.asmx	9e3b3138-fde2-4afd-8a8d-2822c23a5a10	ZL_SS_H9C2_20XH2O_Conf_StageII_PWP5_CellP_2x2_8St_20240614	Measurement 1	Evaluation5	PlateResults_Plate5.txt	Plate5
Plate5R16C17	16	17	1	0	444	4	0		0.4			Instrument	http://harmony-pc.pharmacy.ohio-state.edu/ODA/OdaService.asmx	9e3b3138-fde2-4afd-8a8d-2822c23a5a10	ZL_SS_H9C2_20XH2O_Conf_StageII_PWP5_CellP_2x2_8St_20240614	Measurement 1	Evaluation5	PlateResults_Plate5.txt	Plate5
Plate5R16C18	16	18	1	0	427	4	0		0.4			Instrument	http://harmony-pc.pharmacy.ohio-state.edu/ODA/OdaService.asmx	9e3b3138-fde2-4afd-8a8d-2822c23a5a10	ZL_SS_H9C2_20XH2O_Conf_StageII_PWP5_CellP_2x2_8St_20240614	Measurement 1	Evaluation5	PlateResults_Plate5.txt	Plate5
Plate5R16C19	16	19	1	0	379	4	0		0.4			Instrument	http://harmony-pc.pharmacy.ohio-state.edu/ODA/OdaService.asmx	9e3b3138-fde2-4afd-8a8d-2822c23a5a10	ZL_SS_H9C2_20XH2O_Conf_StageII_PWP5_CellP_2x2_8St_20240614	Measurement 1	Evaluation5	PlateResults_Plate5.txt	Plate5
Plate5R16C20	16	20	1	0	338	4	0		0.4			Instrument	http://harmony-pc.pharmacy.ohio-state.edu/ODA/OdaService.asmx	9e3b3138-fde2-4afd-8a8d-2822c23a5a10	ZL_SS_H9C2_20XH2O_Conf_StageII_PWP5_CellP_2x2_8St_20240614	Measurement 1	Evaluation5	PlateResults_Plate5.txt	Plate5
Plate5R16C21	16	21	1	0	383	4	0		0.4			Instrument	http://harmony-pc.pharmacy.ohio-state.edu/ODA/OdaService.asmx	9e3b3138-fde2-4afd-8a8d-2822c23a5a10	ZL_SS_H9C2_20XH2O_Conf_StageII_PWP5_CellP_2x2_8St_20240614	Measurement 1	Evaluation5	PlateResults_Plate5.txt	Plate5
Plate5R16C22	16	22	1	0	435	4	0		0.4			Instrument	http://harmony-pc.pharmacy.ohio-state.edu/ODA/OdaService.asmx	9e3b3138-fde2-4afd-8a8d-2822c23a5a10	ZL_SS_H9C2_20XH2O_Conf_StageII_PWP5_CellP_2x2_8St_20240614	Measurement 1	Evaluation5	PlateResults_Plate5.txt	Plate5
Plate5R16C23	16	23	1	0	434	4	0	Cabo	0.00914494741655235			Instrument	http://harmony-pc.pharmacy.ohio-state.edu/ODA/OdaService.asmx	9e3b3138-fde2-4afd-8a8d-2822c23a5a10	ZL_SS_H9C2_20XH2O_Conf_StageII_PWP5_CellP_2x2_8St_20240614	Measurement 1	Evaluation5	PlateResults_Plate5.txt	Plate5
Plate5R16C24	16	24	1	0	376	4	0	Cabo	0.00914494741655235			Instrument	http://harmony-pc.pharmacy.ohio-state.edu/ODA/OdaService.asmx	9e3b3138-fde2-4afd-8a8d-2822c23a5a10	ZL_SS_H9C2_20XH2O_Conf_StageII_PWP5_CellP_2x2_8St_20240614	Measurement 1	Evaluation5	PlateResults_Plate5.txt	Plate5
